{
  "accuracy": 0.34210526315789475,
  "precision": 0.36363636363636365,
  "recall": 0.42105263157894735,
  "f1_score": 0.3902439024390244,
  "auc": 0.41551246537396125,
  "training_time_sec": 50.025213956832886,
  "epochs_completed": 156,
  "config": {
    "num_layers": 2,
    "lr": 0.1,
    "batch_size": 8,
    "opt_name": "adam",
    "img_size": 16
  },
  "lr_schedule": "cosine_decay"
}