{
  "accuracy": 0.390625,
  "precision": 0.39705882352941174,
  "recall": 0.421875,
  "f1_score": 0.4090909090909091,
  "auc": 0.42431640625,
  "best_train_loss": 0.5825066678225994,
  "training_time_sec": 103.78118348121643,
  "epochs_completed": 1000,
  "config": {
    "num_layers": 5,
    "lr": 0.05,
    "batch_size": 32,
    "opt_name": "adam",
    "img_size": 32
  }
}