{
  "accuracy": 0.5,
  "precision": 0.5,
  "recall": 0.47368421052631576,
  "f1_score": 0.4864864864864865,
  "auc": 0.5595567867036011,
  "training_time_sec": 916.9403555393219,
  "epochs_completed": 155,
  "config": {
    "num_layers": 30,
    "lr": 0.05,
    "batch_size": 64,
    "opt_name": "adam",
    "img_size": 64
  }
}