{
  "accuracy": 0.5789473684210527,
  "precision": 0.5882352941176471,
  "recall": 0.5263157894736842,
  "f1_score": 0.5555555555555556,
  "auc": 0.5429362880886427,
  "training_time_sec": 413.99883913993835,
  "epochs_completed": 179,
  "config": {
    "num_layers": 15,
    "lr": 0.05,
    "batch_size": 64,
    "opt_name": "adam",
    "img_size": 32
  }
}