{
  "accuracy": 0.6328125,
  "precision": 0.6440677966101694,
  "recall": 0.59375,
  "f1_score": 0.6178861788617886,
  "auc": 0.6728515625,
  "best_train_loss": 0.6039616875350475,
  "training_time_sec": 93.83945417404175,
  "epochs_completed": 1000,
  "config": {
    "num_layers": 15,
    "lr": 0.1,
    "batch_size": 32,
    "opt_name": "adam",
    "img_size": 4
  }
}