{
  "accuracy": 0.4935064935064935,
  "precision": 0.4931506849315068,
  "recall": 0.4675324675324675,
  "f1_score": 0.48,
  "auc": 0.48136279305110474,
  "training_time_sec": 450.47399616241455,
  "epochs_completed": 117,
  "config": {
    "num_layers": 15,
    "lr": 0.05,
    "batch_size": 8,
    "opt_name": "adam",
    "img_size": 64
  }
}