{
  "accuracy": 0.546875,
  "precision": 0.56,
  "recall": 0.4375,
  "f1_score": 0.49122807017543857,
  "auc": 0.501220703125,
  "best_train_loss": 0.5465937089174986,
  "training_time_sec": 181.29521346092224,
  "epochs_completed": 3000,
  "config": {
    "num_layers": 8,
    "lr": 0.05,
    "batch_size": 32,
    "opt_name": "adam",
    "img_size": 16
  }
}