{
  "accuracy": 0.5789473684210527,
  "precision": 0.5714285714285714,
  "recall": 0.631578947368421,
  "f1_score": 0.6,
  "auc": 0.5678670360110804,
  "training_time_sec": 19.435669660568237,
  "epochs_completed": 51,
  "config": {
    "num_layers": 1,
    "lr": 0.05,
    "batch_size": 16,
    "opt_name": "sgd",
    "img_size": 64
  }
}