{
  "accuracy": 0.631578947368421,
  "precision": 0.7272727272727273,
  "recall": 0.42105263157894735,
  "f1_score": 0.5333333333333333,
  "auc": 0.7423822714681441,
  "training_time_sec": 3689.7885224819183,
  "epochs_completed": 3516,
  "config": {
    "num_layers": 20,
    "lr": 0.01,
    "batch_size": 32,
    "opt_name": "sgd",
    "img_size": 4
  }
}