{
  "accuracy": 0.5526315789473685,
  "precision": 0.55,
  "recall": 0.5789473684210527,
  "f1_score": 0.5641025641025641,
  "auc": 0.5318559556786704,
  "training_time_sec": 906.6436796188354,
  "epochs_completed": 1881,
  "config": {
    "num_layers": 3,
    "lr": 0.001,
    "batch_size": 8,
    "opt_name": "adam",
    "img_size": 32
  }
}