{
  "accuracy": 0.46875,
  "precision": 0.46774193548387094,
  "recall": 0.453125,
  "f1_score": 0.4603174603174603,
  "auc": 0.458740234375,
  "best_train_loss": 0.6103387922048569,
  "training_time_sec": 138.811265707016,
  "epochs_completed": 1000,
  "config": {
    "num_layers": 7,
    "lr": 0.1,
    "batch_size": 32,
    "opt_name": "adam",
    "img_size": 32
  }
}