{
  "accuracy": 0.4765625,
  "precision": 0.47619047619047616,
  "recall": 0.46875,
  "f1_score": 0.47244094488188976,
  "auc": 0.498779296875,
  "best_train_loss": 0.6715759839862585,
  "training_time_sec": 920.6586892604828,
  "epochs_completed": 1000,
  "config": {
    "num_layers": 10,
    "lr": 0.1,
    "batch_size": 16,
    "opt_name": "adam",
    "img_size": 128
  }
}