{
  "accuracy": 0.7631578947368421,
  "precision": 0.9166666666666666,
  "recall": 0.5789473684210527,
  "f1_score": 0.7096774193548387,
  "auc": 0.7562326869806093,
  "training_time_sec": 815.2422773838043,
  "epochs_completed": 2129,
  "config": {
    "num_layers": 7,
    "lr": 0.05,
    "batch_size": 64,
    "opt_name": "sgd",
    "img_size": 4
  }
}