{
  "accuracy": 0.7368421052631579,
  "precision": 0.6956521739130435,
  "recall": 0.8421052631578947,
  "f1_score": 0.7619047619047619,
  "auc": 0.8531855955678671,
  "training_time_sec": 46.88632249832153,
  "epochs_completed": 101,
  "config": {
    "num_layers": 3,
    "lr": 0.1,
    "batch_size": 8,
    "opt_name": "adam",
    "img_size": 16
  },
  "lr_schedule": "cosine_decay"
}