{
  "accuracy": 0.34210526315789475,
  "precision": 0.3333333333333333,
  "recall": 0.3157894736842105,
  "f1_score": 0.32432432432432434,
  "auc": 0.30193905817174516,
  "training_time_sec": 10.586198806762695,
  "epochs_completed": 51,
  "config": {
    "num_layers": 2,
    "lr": 0.02,
    "batch_size": 8,
    "opt_name": "sgd",
    "img_size": 4
  }
}