{
  "accuracy": 0.890625,
  "precision": 0.9310344827586207,
  "recall": 0.84375,
  "f1_score": 0.8852459016393442,
  "auc": 0.935791015625,
  "best_train_loss": 0.035054193111136556,
  "training_time_sec": 3684.0760776996613,
  "epochs_completed": 10000,
  "config": {
    "num_layers": 8,
    "lr": 0.05,
    "batch_size": 32,
    "img_size": 16
  }
}