{
  "accuracy": 0.6052631578947368,
  "precision": 0.625,
  "recall": 0.5263157894736842,
  "f1_score": 0.5714285714285714,
  "auc": 0.5290858725761773,
  "training_time_sec": 270.4283242225647,
  "epochs_completed": 182,
  "config": {
    "num_layers": 10,
    "lr": 0.1,
    "batch_size": 32,
    "opt_name": "adam",
    "img_size": 32
  },
  "lr_schedule": "cosine_decay"
}