{
  "accuracy": 0.5526315789473685,
  "precision": 0.5454545454545454,
  "recall": 0.631578947368421,
  "f1_score": 0.5853658536585366,
  "auc": 0.6121883656509695,
  "training_time_sec": 113.76548910140991,
  "epochs_completed": 94,
  "config": {
    "num_layers": 5,
    "lr": 0.1,
    "batch_size": 64,
    "opt_name": "adam",
    "img_size": 64
  },
  "lr_schedule": "cosine_decay"
}