{
  "accuracy": 0.7368421052631579,
  "precision": 0.7368421052631579,
  "recall": 0.7368421052631579,
  "f1_score": 0.7368421052631579,
  "auc": 0.700831024930748,
  "training_time_sec": 42.150909662246704,
  "epochs_completed": 211,
  "config": {
    "num_layers": 1,
    "lr": 0.02,
    "batch_size": 8,
    "opt_name": "adam",
    "img_size": 16
  },
  "lr_schedule": "cosine_decay"
}