{
  "accuracy": 0.5625,
  "precision": 0.5571428571428572,
  "recall": 0.609375,
  "f1_score": 0.582089552238806,
  "auc": 0.610107421875,
  "best_train_loss": 0.5324771776795387,
  "training_time_sec": 187.66278338432312,
  "epochs_completed": 1000,
  "config": {
    "num_layers": 20,
    "lr": 0.01,
    "batch_size": 16,
    "opt_name": "adam",
    "img_size": 16
  }
}