{
  "accuracy": 0.9609375,
  "precision": 1.0,
  "recall": 0.921875,
  "f1_score": 0.959349593495935,
  "auc": 0.99609375,
  "best_train_loss": 0.10308087663725019,
  "training_time_sec": 9114.087894678116,
  "epochs_completed": 10000,
  "config": {
    "num_layers": 9,
    "lr": 0.05,
    "batch_size": 32,
    "img_size": 128
  }
}