{
  "accuracy": 0.484375,
  "precision": 0.4852941176470588,
  "recall": 0.515625,
  "f1_score": 0.5,
  "auc": 0.518310546875,
  "best_train_loss": 0.6650705710053444,
  "training_time_sec": 725.2468357086182,
  "epochs_completed": 1000,
  "config": {
    "num_layers": 10,
    "lr": 0.1,
    "batch_size": 64,
    "opt_name": "adam",
    "img_size": 128
  }
}