{
  "accuracy": 0.47368421052631576,
  "precision": 0.47058823529411764,
  "recall": 0.42105263157894735,
  "f1_score": 0.4444444444444444,
  "auc": 0.3905817174515236,
  "training_time_sec": 124.01620388031006,
  "epochs_completed": 181,
  "config": {
    "num_layers": 3,
    "lr": 0.05,
    "batch_size": 8,
    "opt_name": "adam",
    "img_size": 64
  },
  "lr_schedule": "cosine_decay"
}