{
  "accuracy": 0.5,
  "precision": 0.5,
  "recall": 0.42105263157894735,
  "f1_score": 0.45714285714285713,
  "auc": 0.5567867036011079,
  "training_time_sec": 103.43192958831787,
  "epochs_completed": 162,
  "config": {
    "num_layers": 5,
    "lr": 0.1,
    "batch_size": 32,
    "opt_name": "adam",
    "img_size": 16
  },
  "lr_schedule": "cosine_decay"
}