{
  "accuracy": 0.47368421052631576,
  "precision": 0.4666666666666667,
  "recall": 0.3684210526315789,
  "f1_score": 0.4117647058823529,
  "auc": 0.4238227146814405,
  "training_time_sec": 80.23200702667236,
  "epochs_completed": 278,
  "config": {
    "num_layers": 1,
    "lr": 0.02,
    "batch_size": 16,
    "opt_name": "adam",
    "img_size": 64
  }
}