{
  "accuracy": 0.5390625,
  "precision": 0.5373134328358209,
  "recall": 0.5625,
  "f1_score": 0.549618320610687,
  "auc": 0.5986328125,
  "best_train_loss": 0.48985933884978294,
  "training_time_sec": 95.05695509910583,
  "epochs_completed": 1000,
  "config": {
    "num_layers": 10,
    "lr": 0.1,
    "batch_size": 32,
    "opt_name": "adam",
    "img_size": 8
  }
}