{
  "accuracy": 0.5078125,
  "precision": 0.5068493150684932,
  "recall": 0.578125,
  "f1_score": 0.5401459854014599,
  "auc": 0.51123046875,
  "best_train_loss": 0.6402928754687309,
  "training_time_sec": 125.1820981502533,
  "epochs_completed": 1000,
  "config": {
    "num_layers": 7,
    "lr": 0.01,
    "batch_size": 64,
    "opt_name": "adam",
    "img_size": 32
  }
}