{
  "accuracy": 0.890625,
  "precision": 0.9807692307692307,
  "recall": 0.796875,
  "f1_score": 0.8793103448275862,
  "auc": 0.963623046875,
  "best_train_loss": 0.24119302909821272,
  "training_time_sec": 626.7918574810028,
  "epochs_completed": 10000,
  "config": {
    "num_layers": 1,
    "lr": 0.05,
    "batch_size": 32,
    "img_size": 64
  }
}