{
  "accuracy": 0.6842105263157895,
  "precision": 0.7058823529411765,
  "recall": 0.631578947368421,
  "f1_score": 0.6666666666666666,
  "auc": 0.7617728531855955,
  "training_time_sec": 371.45513892173767,
  "epochs_completed": 462,
  "config": {
    "num_layers": 15,
    "lr": 0.01,
    "batch_size": 64,
    "opt_name": "adam",
    "img_size": 4
  }
}