{
  "accuracy": 0.6052631578947368,
  "precision": 0.625,
  "recall": 0.5263157894736842,
  "f1_score": 0.5714285714285714,
  "auc": 0.6066481994459834,
  "training_time_sec": 141.2266652584076,
  "epochs_completed": 125,
  "config": {
    "num_layers": 5,
    "lr": 0.001,
    "batch_size": 8,
    "opt_name": "adam",
    "img_size": 64
  }
}