{
  "accuracy": 0.8421052631578947,
  "precision": 0.9333333333333333,
  "recall": 0.7368421052631579,
  "f1_score": 0.8235294117647058,
  "auc": 0.9058171745152355,
  "training_time_sec": 1927.0640304088593,
  "epochs_completed": 1203,
  "config": {
    "num_layers": 30,
    "lr": 0.05,
    "batch_size": 8,
    "opt_name": "sgd",
    "img_size": 4
  }
}