{
  "accuracy": 0.631578947368421,
  "precision": 0.631578947368421,
  "recall": 0.631578947368421,
  "f1_score": 0.631578947368421,
  "auc": 0.6786703601108033,
  "training_time_sec": 117.13896775245667,
  "epochs_completed": 64,
  "config": {
    "num_layers": 10,
    "lr": 0.1,
    "batch_size": 8,
    "opt_name": "adam",
    "img_size": 32
  },
  "lr_schedule": "cosine_decay"
}