{
  "accuracy": 0.47368421052631576,
  "precision": 0.47058823529411764,
  "recall": 0.42105263157894735,
  "f1_score": 0.4444444444444444,
  "auc": 0.43490304709141275,
  "training_time_sec": 51.2079758644104,
  "epochs_completed": 173,
  "config": {
    "num_layers": 1,
    "lr": 0.1,
    "batch_size": 32,
    "opt_name": "adam",
    "img_size": 64
  },
  "lr_schedule": "cosine_decay"
}