{
  "accuracy": 0.5263157894736842,
  "precision": 0.5333333333333333,
  "recall": 0.42105263157894735,
  "f1_score": 0.47058823529411764,
  "auc": 0.5401662049861495,
  "training_time_sec": 155.91391038894653,
  "epochs_completed": 51,
  "config": {
    "num_layers": 20,
    "lr": 0.001,
    "batch_size": 16,
    "opt_name": "sgd",
    "img_size": 16
  },
  "lr_schedule": "cosine_decay"
}