{
  "accuracy": 0.6052631578947368,
  "precision": 0.6111111111111112,
  "recall": 0.5789473684210527,
  "f1_score": 0.5945945945945946,
  "auc": 0.5706371191135734,
  "training_time_sec": 1738.2923817634583,
  "epochs_completed": 566,
  "config": {
    "num_layers": 30,
    "lr": 0.01,
    "batch_size": 64,
    "opt_name": "adam",
    "img_size": 16
  },
  "lr_schedule": "cosine_decay"
}