{
  "accuracy": 0.47368421052631576,
  "precision": 0.47368421052631576,
  "recall": 0.47368421052631576,
  "f1_score": 0.47368421052631576,
  "auc": 0.42382271468144045,
  "training_time_sec": 452.80122900009155,
  "epochs_completed": 465,
  "config": {
    "num_layers": 5,
    "lr": 0.02,
    "batch_size": 32,
    "opt_name": "adam",
    "img_size": 64
  },
  "lr_schedule": "cosine_decay"
}