{
  "accuracy": 0.6842105263157895,
  "precision": 0.6521739130434783,
  "recall": 0.7894736842105263,
  "f1_score": 0.7142857142857143,
  "auc": 0.7229916897506925,
  "training_time_sec": 37.11796259880066,
  "epochs_completed": 191,
  "config": {
    "num_layers": 1,
    "lr": 0.05,
    "batch_size": 16,
    "opt_name": "adam",
    "img_size": 16
  },
  "lr_schedule": "cosine_decay"
}