{
  "accuracy": 0.5526315789473685,
  "precision": 0.5625,
  "recall": 0.47368421052631576,
  "f1_score": 0.5142857142857142,
  "auc": 0.5789473684210527,
  "training_time_sec": 5563.727261304855,
  "epochs_completed": 1787,
  "config": {
    "num_layers": 30,
    "lr": 0.1,
    "batch_size": 16,
    "opt_name": "sgd",
    "img_size": 16
  },
  "lr_schedule": "cosine_decay"
}