{
  "accuracy": 0.577922077922078,
  "precision": 0.5802469135802469,
  "recall": 0.6103896103896104,
  "f1_score": 0.5949367088607594,
  "auc": 0.6346770113003879,
  "training_time_sec": 597.1758699417114,
  "epochs_completed": 177,
  "config": {
    "num_layers": 15,
    "lr": 0.01,
    "batch_size": 64,
    "opt_name": "adam",
    "img_size": 64
  }
}