{
  "accuracy": 0.890625,
  "precision": 0.9032258064516129,
  "recall": 0.875,
  "f1_score": 0.8888888888888888,
  "auc": 0.937744140625,
  "best_train_loss": 0.029281216207891703,
  "training_time_sec": 1849.0190091133118,
  "epochs_completed": 5000,
  "config": {
    "num_layers": 13,
    "lr": 0.05,
    "batch_size": 32,
    "img_size": 16
  }
}