{
  "accuracy": 0.546875,
  "precision": 0.546875,
  "recall": 0.546875,
  "f1_score": 0.546875,
  "auc": 0.509521484375,
  "best_train_loss": 0.6002873871475458,
  "training_time_sec": 299.28706216812134,
  "epochs_completed": 1000,
  "config": {
    "num_layers": 7,
    "lr": 0.05,
    "batch_size": 16,
    "opt_name": "adam",
    "img_size": 32
  }
}