{
  "accuracy": 0.538961038961039,
  "precision": 0.5517241379310345,
  "recall": 0.4155844155844156,
  "f1_score": 0.4740740740740741,
  "auc": 0.6026311350986676,
  "training_time_sec": 1262.0638990402222,
  "epochs_completed": 1124,
  "config": {
    "num_layers": 5,
    "lr": 0.001,
    "batch_size": 32,
    "opt_name": "adam",
    "img_size": 64
  }
}