{
  "accuracy": 0.921875,
  "precision": 1.0,
  "recall": 0.84375,
  "f1_score": 0.9152542372881356,
  "auc": 0.986572265625,
  "best_train_loss": 0.15572407050058246,
  "training_time_sec": 1319.4079592227936,
  "epochs_completed": 5000,
  "config": {
    "num_layers": 5,
    "lr": 0.05,
    "batch_size": 32,
    "img_size": 64
  }
}