{
  "accuracy": 0.5263157894736842,
  "precision": 0.5294117647058824,
  "recall": 0.47368421052631576,
  "f1_score": 0.5,
  "auc": 0.6537396121883656,
  "training_time_sec": 1760.3686249256134,
  "epochs_completed": 490,
  "config": {
    "num_layers": 20,
    "lr": 0.01,
    "batch_size": 64,
    "opt_name": "adam",
    "img_size": 64
  },
  "lr_schedule": "cosine_decay"
}