{
  "accuracy": 0.5703125,
  "precision": 0.5671641791044776,
  "recall": 0.59375,
  "f1_score": 0.5801526717557252,
  "auc": 0.59423828125,
  "best_train_loss": 0.6087359227240086,
  "training_time_sec": 93.31767868995667,
  "epochs_completed": 1000,
  "config": {
    "num_layers": 3,
    "lr": 0.05,
    "batch_size": 32,
    "opt_name": "adam",
    "img_size": 32
  }
}