{
  "accuracy": 0.6875,
  "precision": 0.6538461538461539,
  "recall": 0.796875,
  "f1_score": 0.7183098591549296,
  "auc": 0.791015625,
  "best_train_loss": 0.4671770129352808,
  "training_time_sec": 44.881555795669556,
  "epochs_completed": 1000,
  "config": {
    "num_layers": 3,
    "lr": 0.1,
    "batch_size": 32,
    "opt_name": "adam",
    "img_size": 16
  }
}