{
  "accuracy": 0.6052631578947368,
  "precision": 0.5909090909090909,
  "recall": 0.6842105263157895,
  "f1_score": 0.6341463414634146,
  "auc": 0.556786703601108,
  "training_time_sec": 382.97549867630005,
  "epochs_completed": 51,
  "config": {
    "num_layers": 30,
    "lr": 0.01,
    "batch_size": 16,
    "opt_name": "adam",
    "img_size": 64
  },
  "lr_schedule": "cosine_decay"
}