{
  "accuracy": 0.6842105263157895,
  "precision": 0.7,
  "recall": 0.7368421052631579,
  "f1_score": 0.717948717948718,
  "auc": 0.700831024930748,
  "training_time_sec": 216.27727150917053,
  "epochs_completed": 1231,
  "config": {
    "num_layers": 1,
    "lr": 0.01,
    "batch_size": 16,
    "opt_name": "adam",
    "img_size": 16
  },
  "lr_schedule": "cosine_decay"
}