{
  "accuracy": 0.4296875,
  "precision": 0.423728813559322,
  "recall": 0.390625,
  "f1_score": 0.4065040650406504,
  "auc": 0.44921875,
  "best_train_loss": 0.6437708809971809,
  "training_time_sec": 71.61492705345154,
  "epochs_completed": 1000,
  "config": {
    "num_layers": 15,
    "lr": 0.001,
    "batch_size": 64,
    "opt_name": "adam",
    "img_size": 8
  }
}