{
  "accuracy": 0.487012987012987,
  "precision": 0.4864864864864865,
  "recall": 0.4675324675324675,
  "f1_score": 0.4768211920529801,
  "auc": 0.4892899308483724,
  "training_time_sec": 418.4238963127136,
  "epochs_completed": 51,
  "config": {
    "num_layers": 30,
    "lr": 0.001,
    "batch_size": 64,
    "opt_name": "sgd",
    "img_size": 64
  }
}