{
  "accuracy": 0.515625,
  "precision": 0.5161290322580645,
  "recall": 0.5,
  "f1_score": 0.5079365079365079,
  "auc": 0.501220703125,
  "best_train_loss": 0.6919453106820583,
  "training_time_sec": 274.18562602996826,
  "epochs_completed": 1000,
  "config": {
    "num_layers": 3,
    "lr": 0.001,
    "batch_size": 32,
    "opt_name": "adam",
    "img_size": 128
  }
}