{
  "accuracy": 0.953125,
  "precision": 0.9833333333333333,
  "recall": 0.921875,
  "f1_score": 0.9516129032258065,
  "auc": 0.98974609375,
  "best_train_loss": 0.18775367038324475,
  "training_time_sec": 123.63615274429321,
  "epochs_completed": 1000,
  "config": {
    "num_layers": 7,
    "lr": 0.01,
    "batch_size": 16,
    "opt_name": "adam",
    "img_size": 16
  }
}