{
  "accuracy": 0.875,
  "precision": 1.0,
  "recall": 0.75,
  "f1_score": 0.8571428571428571,
  "auc": 0.955810546875,
  "best_train_loss": 0.04325520643033087,
  "training_time_sec": 14693.843587875366,
  "epochs_completed": 10000,
  "config": {
    "num_layers": 19,
    "lr": 0.05,
    "batch_size": 32,
    "img_size": 64
  }
}