{
  "accuracy": 0.5625,
  "precision": 0.5588235294117647,
  "recall": 0.59375,
  "f1_score": 0.5757575757575758,
  "auc": 0.52978515625,
  "best_train_loss": 0.5562006682157516,
  "training_time_sec": 125.13989973068237,
  "epochs_completed": 1000,
  "config": {
    "num_layers": 10,
    "lr": 0.1,
    "batch_size": 32,
    "opt_name": "adam",
    "img_size": 16
  }
}