{
  "accuracy": 0.47368421052631576,
  "precision": 0.47368421052631576,
  "recall": 0.47368421052631576,
  "f1_score": 0.47368421052631576,
  "auc": 0.4515235457063712,
  "training_time_sec": 544.0249197483063,
  "epochs_completed": 122,
  "config": {
    "num_layers": 20,
    "lr": 0.1,
    "batch_size": 8,
    "opt_name": "adam",
    "img_size": 64
  },
  "lr_schedule": "cosine_decay"
}