{
  "accuracy": 0.5234375,
  "precision": 0.5245901639344263,
  "recall": 0.5,
  "f1_score": 0.512,
  "auc": 0.531005859375,
  "best_train_loss": 0.5874161198735237,
  "training_time_sec": 7739.18014550209,
  "epochs_completed": 5000,
  "config": {
    "num_layers": 13,
    "lr": 0.05,
    "batch_size": 32,
    "opt_name": "adam",
    "img_size": 128
  }
}