{
  "accuracy": 0.6796875,
  "precision": 0.6533333333333333,
  "recall": 0.765625,
  "f1_score": 0.7050359712230215,
  "auc": 0.7509765625,
  "best_train_loss": 0.6584036462008953,
  "training_time_sec": 36.75034856796265,
  "epochs_completed": 1000,
  "config": {
    "num_layers": 3,
    "lr": 0.001,
    "batch_size": 32,
    "opt_name": "adam",
    "img_size": 16
  }
}