{
  "accuracy": 0.8421052631578947,
  "precision": 0.9333333333333333,
  "recall": 0.7368421052631579,
  "f1_score": 0.8235294117647058,
  "auc": 0.894736842105263,
  "training_time_sec": 4141.423024892807,
  "epochs_completed": 2696,
  "config": {
    "num_layers": 30,
    "lr": 0.001,
    "batch_size": 16,
    "opt_name": "adam",
    "img_size": 4
  }
}