epoch,loss
1,0.6931511028246446
2,0.6929882873188365
3,0.6924714689904993
4,0.6919643906029788
5,0.6911485547369177
6,0.6908073127269745
7,0.689943939447403
8,0.6911507872017947
9,0.6886125667528673
10,0.6879262897101316
11,0.6904732774604451
12,0.6888565041802146
13,0.6905675991015001
14,0.6878497112881053
15,0.686633828011426
16,0.6852660206231204
17,0.6836896267804232
18,0.6851141425696287
19,0.6836904233152216
20,0.6824556507847526
21,0.6853057742118835
22,0.6825266046957537
23,0.6935132443904877
24,0.6885082992640409
25,0.6878127293153242
26,0.6829251538623463
27,0.6845149452036078
28,0.6837858638980172
29,0.6812826178290627
30,0.680160172960975
31,0.6784472899003462
32,0.6785499345172535
33,0.6768716682087291
34,0.6791382730007172
35,0.6763191358609633
36,0.6753301999785684
37,0.6847937432202426
38,0.6826405064626173
39,0.6814942874691703
40,0.6725212362679568
41,0.676287594166669
42,0.6758148859847676
43,0.6725626994263042
44,0.6702424341982062
45,0.6715124574574557
46,0.6701787656003778
47,0.6681967323476617
48,0.6699200949885629
49,0.67158827456561
50,0.6683427014134147
51,0.6747235655784607
52,0.6698282659053802
53,0.6670163409276442
54,0.6671079451387579
55,0.672146734866229
56,0.6813239617781206
57,0.6743842200799421
58,0.6678996140306647
59,0.6619407074017958
60,0.6709877794439142
61,0.6652993099255995
62,0.6644388112154874
63,0.6634000052105297
64,0.6602062014016238
65,0.6603882908821106
66,0.6592835160818967
67,0.6586455350572412
68,0.6605078984390605
69,0.657687631520358
70,0.6594182090325789
71,0.6590552167458967
72,0.6575757292183962
73,0.6640351875261827
