{
  "accuracy": 0.7631578947368421,
  "precision": 0.9166666666666666,
  "recall": 0.5789473684210527,
  "f1_score": 0.7096774193548387,
  "auc": 0.8670360110803323,
  "training_time_sec": 70.2122004032135,
  "epochs_completed": 325,
  "config": {
    "num_layers": 3,
    "lr": 0.01,
    "batch_size": 8,
    "opt_name": "adam",
    "img_size": 4
  }
}