{
  "accuracy": 0.6842105263157895,
  "precision": 0.8181818181818182,
  "recall": 0.47368421052631576,
  "f1_score": 0.6,
  "auc": 0.7673130193905817,
  "training_time_sec": 2182.1423196792603,
  "epochs_completed": 2129,
  "config": {
    "num_layers": 20,
    "lr": 0.05,
    "batch_size": 64,
    "opt_name": "sgd",
    "img_size": 4
  }
}