{
  "accuracy": 0.890625,
  "precision": 0.9807692307692307,
  "recall": 0.796875,
  "f1_score": 0.8793103448275862,
  "auc": 0.927490234375,
  "best_train_loss": 0.3385022347792983,
  "training_time_sec": 538.5258712768555,
  "epochs_completed": 5000,
  "config": {
    "num_layers": 13,
    "lr": 0.05,
    "batch_size": 32,
    "opt_name": "adam",
    "img_size": 4
  }
}