{
  "accuracy": 0.453125,
  "precision": 1.0,
  "recall": 0.90625,
  "f1_score": 0.9508196721311475,
  "auc": 0.953125,
  "best_train_loss": 0.38854427821934223,
  "training_time_sec": 873.8202838897705,
  "epochs_completed": 3000,
  "config": {
    "num_layers": 14,
    "lr": 0.05,
    "batch_size": 32,
    "opt_name": "adam",
    "img_size": 4
  }
}