{
  "accuracy": 0.3684210526315789,
  "precision": 0.38095238095238093,
  "recall": 0.42105263157894735,
  "f1_score": 0.4,
  "auc": 0.29916897506925205,
  "training_time_sec": 10.649312973022461,
  "epochs_completed": 51,
  "config": {
    "num_layers": 2,
    "lr": 0.01,
    "batch_size": 64,
    "opt_name": "adam",
    "img_size": 4
  }
}