{
  "accuracy": 0.9140625,
  "precision": 0.9206349206349206,
  "recall": 0.90625,
  "f1_score": 0.9133858267716536,
  "auc": 0.9580078125,
  "best_train_loss": 0.016263850673567504,
  "training_time_sec": 3382.8360884189606,
  "epochs_completed": 10000,
  "config": {
    "num_layers": 14,
    "lr": 0.05,
    "batch_size": 32,
    "img_size": 16
  }
}