epoch,loss
1,0.6931234896183014
2,0.6930560270945231
3,0.692954401175181
4,0.6927987138430277
5,0.6927130222320557
6,0.6925809880097707
7,0.6923879981040955
8,0.6922306815783182
9,0.6921963691711426
10,0.6917608181635538
11,0.6916605830192566
12,0.6914955278237661
13,0.6910858651002248
14,0.6912657618522644
15,0.6904967129230499
16,0.690262109041214
17,0.6900955637296041
18,0.6897203028202057
19,0.6896936992804209
20,0.6896064182122549
21,0.6889181633790334
22,0.6886079013347626
23,0.6885446608066559
24,0.6878202060858408
25,0.6875069936116537
26,0.6880925099054972
27,0.6876274844010671
28,0.6874217689037323
29,0.6874365707238516
30,0.686572939157486
31,0.6865976750850677
32,0.6853718260924021
33,0.6857287983099619
34,0.6855047245820364
35,0.6843055089314779
36,0.6854120492935181
37,0.6845246454079946
38,0.6844399869441986
39,0.6840092837810516
40,0.6840993762016296
41,0.6832630634307861
42,0.6832690536975861
43,0.6833930710951487
44,0.6831270058949789
45,0.6817252536614736
46,0.6810708741346995
47,0.6817001601060232
48,0.6821218530337015
49,0.6810227632522583
50,0.6814182698726654
51,0.6801353792349497
52,0.68088631828626
53,0.6800557573636373
54,0.6795347034931183
55,0.6796550651391348
56,0.6787249545256296
57,0.6792910397052765
58,0.6792227029800415
59,0.6779895921548208
60,0.6768372356891632
61,0.6779118180274963
62,0.6774389545122782
63,0.6771227717399597
64,0.6764410634835561
65,0.6781624952952067
66,0.6785310208797455
67,0.6768334706624349
68,0.6768138508001963
69,0.6755463083585104
