{
  "accuracy": 0.538961038961039,
  "precision": 0.5432098765432098,
  "recall": 0.5714285714285714,
  "f1_score": 0.5569620253164557,
  "auc": 0.49924101872153825,
  "training_time_sec": 788.9547147750854,
  "epochs_completed": 101,
  "config": {
    "num_layers": 30,
    "lr": 0.05,
    "batch_size": 8,
    "opt_name": "adam",
    "img_size": 64
  }
}