{
  "accuracy": 0.9765625,
  "precision": 0.9841269841269841,
  "recall": 0.96875,
  "f1_score": 0.9763779527559056,
  "auc": 0.9853515625,
  "best_train_loss": 0.11699901660904288,
  "training_time_sec": 6567.507985591888,
  "epochs_completed": 10000,
  "config": {
    "num_layers": 6,
    "lr": 0.05,
    "batch_size": 32,
    "img_size": 64
  }
}