{
  "accuracy": 0.5,
  "precision": 0.5185185185185185,
  "recall": 0.7368421052631579,
  "f1_score": 0.6086956521739131,
  "auc": 0.5623268698060941,
  "training_time_sec": 579.5789167881012,
  "epochs_completed": 2150,
  "config": {
    "num_layers": 2,
    "lr": 0.001,
    "batch_size": 32,
    "opt_name": "adam",
    "img_size": 16
  },
  "lr_schedule": "cosine_decay"
}