{
  "accuracy": 0.7631578947368421,
  "precision": 0.9166666666666666,
  "recall": 0.5789473684210527,
  "f1_score": 0.7096774193548387,
  "auc": 0.7202216066481995,
  "training_time_sec": 108.6901171207428,
  "epochs_completed": 144,
  "config": {
    "num_layers": 12,
    "lr": 0.05,
    "batch_size": 8,
    "opt_name": "adam",
    "img_size": 4
  }
}