{
  "accuracy": 0.631578947368421,
  "precision": 0.6666666666666666,
  "recall": 0.5263157894736842,
  "f1_score": 0.5882352941176471,
  "auc": 0.6204986149584486,
  "training_time_sec": 89.03731489181519,
  "epochs_completed": 123,
  "config": {
    "num_layers": 12,
    "lr": 0.05,
    "batch_size": 32,
    "opt_name": "adam",
    "img_size": 4
  }
}