epoch,loss
1,0.6931353012720743
2,0.6930557489395142
3,0.693010667959849
4,0.6929745276769003
5,0.692895253499349
6,0.6929264465967814
7,0.6928590933481852
8,0.6928079922993978
9,0.6927907466888428
10,0.6926655570665995
11,0.6926693121592203
12,0.6925336519877116
13,0.6925174792607626
14,0.6924042900403341
15,0.6922982533772787
16,0.6922148863474528
17,0.6920616428057352
18,0.6920048395792643
19,0.6919271151224772
20,0.6917123794555664
21,0.6915677587191263
22,0.6914708018302917
23,0.6914112567901611
24,0.6911765535672506
25,0.691089391708374
26,0.691024899482727
27,0.6909490625063578
28,0.6907463868459066
29,0.6906329194704691
30,0.690447191397349
31,0.6903838117917379
32,0.6902475953102112
33,0.690007487932841
34,0.6898583968480428
35,0.6894780000050863
36,0.6896822253863016
37,0.6896392305692037
38,0.6894033749898275
39,0.6892050504684448
40,0.6891185839970907
41,0.6890041629473368
42,0.6886158982912699
43,0.6886749664942423
44,0.6885744531949362
45,0.6880265673001608
46,0.6882588863372803
47,0.688183605670929
48,0.6879974206288656
49,0.6878790458043417
50,0.6876770853996277
51,0.6873476107915243
