{
  "accuracy": 0.7894736842105263,
  "precision": 0.8666666666666667,
  "recall": 0.6842105263157895,
  "f1_score": 0.7647058823529411,
  "auc": 0.8614958448753463,
  "training_time_sec": 356.7589681148529,
  "epochs_completed": 441,
  "config": {
    "num_layers": 7,
    "lr": 0.02,
    "batch_size": 32,
    "opt_name": "adam",
    "img_size": 16
  },
  "lr_schedule": "cosine_decay"
}