{
  "accuracy": 0.6052631578947368,
  "precision": 0.5833333333333334,
  "recall": 0.7368421052631579,
  "f1_score": 0.6511627906976745,
  "auc": 0.6620498614958449,
  "training_time_sec": 1849.3387613296509,
  "epochs_completed": 3498,
  "config": {
    "num_layers": 10,
    "lr": 0.001,
    "batch_size": 64,
    "opt_name": "adam",
    "img_size": 4
  }
}