{
  "accuracy": 0.4921875,
  "precision": 0.49230769230769234,
  "recall": 0.5,
  "f1_score": 0.49612403100775193,
  "auc": 0.517578125,
  "best_train_loss": 0.6847769469022751,
  "training_time_sec": 243.45046544075012,
  "epochs_completed": 1000,
  "config": {
    "num_layers": 3,
    "lr": 0.01,
    "batch_size": 64,
    "opt_name": "adam",
    "img_size": 128
  }
}