{
  "accuracy": 0.8421052631578947,
  "precision": 0.9333333333333333,
  "recall": 0.7368421052631579,
  "f1_score": 0.8235294117647058,
  "auc": 0.9196675900277008,
  "training_time_sec": 400.65287566185,
  "epochs_completed": 234,
  "config": {
    "num_layers": 30,
    "lr": 0.02,
    "batch_size": 16,
    "opt_name": "adam",
    "img_size": 4
  }
}