{
  "accuracy": 0.265625,
  "precision": 1.0,
  "recall": 0.53125,
  "f1_score": 0.6938775510204082,
  "auc": 0.53125,
  "best_train_loss": 0.6304561905562878,
  "training_time_sec": 6595.256565570831,
  "epochs_completed": 3000,
  "config": {
    "num_layers": 11,
    "lr": 0.05,
    "batch_size": 32,
    "opt_name": "adam",
    "img_size": 128
  }
}