{
  "accuracy": 0.5859375,
  "precision": 0.582089552238806,
  "recall": 0.609375,
  "f1_score": 0.5954198473282443,
  "auc": 0.622314453125,
  "best_train_loss": 0.6909115314483643,
  "training_time_sec": 1410.0716824531555,
  "epochs_completed": 1000,
  "config": {
    "num_layers": 20,
    "lr": 0.001,
    "batch_size": 64,
    "opt_name": "adam",
    "img_size": 128
  }
}