epoch,loss
1,0.6931288838386536
2,0.6930160323778788
3,0.6928573052088419
4,0.6926843523979187
5,0.6925184925397238
6,0.6924533446629842
7,0.6918096343676249
8,0.6915556192398071
9,0.691190262635549
10,0.6902889410654703
11,0.6899356643358866
12,0.6894054810206095
13,0.6892979542414347
14,0.6889053781827291
15,0.6881059805552164
16,0.6880292296409607
17,0.6867558757464091
18,0.686405082543691
19,0.6864429116249084
20,0.6861185232798258
21,0.6859391729036967
22,0.6844357450803121
23,0.6838090221087137
24,0.6849042773246765
25,0.683202346165975
26,0.6856717864672343
27,0.6840898593266805
28,0.6836959918340048
29,0.6819689869880676
30,0.6815249522527059
31,0.6795401175816854
32,0.6791883905728658
33,0.6774474183718363
34,0.6776217818260193
35,0.6788568099339803
36,0.6786232391993204
37,0.6800147096316019
38,0.6825324296951294
39,0.6790188352266947
40,0.6797953446706136
41,0.6777495940526327
42,0.6747600634892782
43,0.6733559767405192
44,0.672139048576355
45,0.6704245408376058
46,0.6714123288790385
47,0.6726181308428446
48,0.6710959672927856
49,0.6694875558217367
50,0.6686221162478129
51,0.6695428888003031
52,0.6735499302546183
53,0.6701967517534891
54,0.6681585311889648
55,0.6731772820154825
56,0.671403725941976
57,0.6647666096687317
58,0.6674354076385498
59,0.6629216472307841
60,0.6625303228696188
61,0.6649826765060425
62,0.6599539717038473
63,0.659164826075236
64,0.658390998840332
65,0.6600560347239176
66,0.6591159900029501
67,0.6598601142565409
68,0.6598260998725891
69,0.6567467053731283
70,0.6577680706977844
71,0.6575687925020853
72,0.6563950578371683
73,0.6556720733642578
74,0.6543732682863871
75,0.6530777414639791
76,0.6534391045570374
77,0.6532905697822571
78,0.651399830977122
79,0.6529391209284464
80,0.65251757701238
81,0.6519418358802795
82,0.6511815190315247
83,0.65213014682134
84,0.6491738160451254
85,0.6488372882207235
86,0.6485323707262675
87,0.6481819351514181
88,0.6487728754679362
89,0.649617334206899
90,0.6465885440508524
91,0.6461114088694254
