{
  "accuracy": 0.609375,
  "precision": 0.6029411764705882,
  "recall": 0.640625,
  "f1_score": 0.6212121212121212,
  "auc": 0.6396484375,
  "best_train_loss": 0.5567925050854683,
  "training_time_sec": 133.49256300926208,
  "epochs_completed": 1000,
  "config": {
    "num_layers": 20,
    "lr": 0.1,
    "batch_size": 32,
    "opt_name": "adam",
    "img_size": 16
  }
}