{
  "accuracy": 0.7105263157894737,
  "precision": 0.75,
  "recall": 0.631578947368421,
  "f1_score": 0.6857142857142857,
  "auc": 0.7313019390581718,
  "training_time_sec": 749.7269804477692,
  "epochs_completed": 946,
  "config": {
    "num_layers": 15,
    "lr": 0.001,
    "batch_size": 32,
    "opt_name": "adam",
    "img_size": 4
  }
}