{
  "accuracy": 0.9609375,
  "precision": 1.0,
  "recall": 0.921875,
  "f1_score": 0.959349593495935,
  "auc": 0.986572265625,
  "best_train_loss": 0.12113759899511933,
  "training_time_sec": 5967.74823307991,
  "epochs_completed": 10000,
  "config": {
    "num_layers": 5,
    "lr": 0.05,
    "batch_size": 32,
    "img_size": 64
  }
}