{
  "accuracy": 0.42105263157894735,
  "precision": 0.4117647058823529,
  "recall": 0.3684210526315789,
  "f1_score": 0.3888888888888889,
  "auc": 0.4930747922437674,
  "training_time_sec": 24.77745008468628,
  "epochs_completed": 51,
  "config": {
    "num_layers": 2,
    "lr": 0.02,
    "batch_size": 8,
    "opt_name": "adam",
    "img_size": 32
  }
}