{
  "accuracy": 0.5263157894736842,
  "precision": 0.52,
  "recall": 0.6842105263157895,
  "f1_score": 0.5909090909090909,
  "auc": 0.7174515235457064,
  "training_time_sec": 662.8242976665497,
  "epochs_completed": 1169,
  "config": {
    "num_layers": 10,
    "lr": 0.02,
    "batch_size": 8,
    "opt_name": "sgd",
    "img_size": 4
  }
}