{
  "accuracy": 0.4921875,
  "precision": 0.4931506849315068,
  "recall": 0.5625,
  "f1_score": 0.5255474452554745,
  "auc": 0.485107421875,
  "best_train_loss": 0.6612006723880768,
  "training_time_sec": 214.7082712650299,
  "epochs_completed": 1000,
  "config": {
    "num_layers": 7,
    "lr": 0.01,
    "batch_size": 64,
    "opt_name": "adam",
    "img_size": 64
  }
}