{
  "accuracy": 0.5,
  "precision": 0.5,
  "recall": 0.47368421052631576,
  "f1_score": 0.4864864864864865,
  "auc": 0.4903047091412742,
  "training_time_sec": 194.9014871120453,
  "epochs_completed": 51,
  "config": {
    "num_layers": 15,
    "lr": 0.001,
    "batch_size": 64,
    "opt_name": "sgd",
    "img_size": 64
  }
}