{
  "accuracy": 0.4805194805194805,
  "precision": 0.48148148148148145,
  "recall": 0.5064935064935064,
  "f1_score": 0.4936708860759494,
  "auc": 0.47174903019058867,
  "training_time_sec": 276.0312190055847,
  "epochs_completed": 51,
  "config": {
    "num_layers": 20,
    "lr": 0.001,
    "batch_size": 64,
    "opt_name": "adam",
    "img_size": 64
  }
}