{
  "accuracy": 0.868421052631579,
  "precision": 0.9375,
  "recall": 0.7894736842105263,
  "f1_score": 0.8571428571428571,
  "auc": 0.8365650969529086,
  "training_time_sec": 37.23763990402222,
  "epochs_completed": 361,
  "config": {
    "num_layers": 1,
    "lr": 0.01,
    "batch_size": 16,
    "opt_name": "adam",
    "img_size": 4
  }
}