{
  "accuracy": 0.5,
  "precision": 0.5,
  "recall": 0.46875,
  "f1_score": 0.4838709677419355,
  "auc": 0.4951171875,
  "best_train_loss": 0.6334064416587353,
  "training_time_sec": 374.9403097629547,
  "epochs_completed": 5000,
  "config": {
    "num_layers": 8,
    "lr": 0.05,
    "batch_size": 32,
    "opt_name": "adam",
    "img_size": 4
  }
}