{
  "accuracy": 0.42105263157894735,
  "precision": 0.4117647058823529,
  "recall": 0.3684210526315789,
  "f1_score": 0.3888888888888889,
  "auc": 0.45429362880886426,
  "training_time_sec": 528.6004414558411,
  "epochs_completed": 118,
  "config": {
    "num_layers": 20,
    "lr": 0.05,
    "batch_size": 8,
    "opt_name": "adam",
    "img_size": 64
  },
  "lr_schedule": "cosine_decay"
}