{
  "accuracy": 0.5789473684210527,
  "precision": 0.5714285714285714,
  "recall": 0.631578947368421,
  "f1_score": 0.6,
  "auc": 0.6454293628808864,
  "training_time_sec": 560.6164031028748,
  "epochs_completed": 181,
  "config": {
    "num_layers": 20,
    "lr": 0.05,
    "batch_size": 16,
    "opt_name": "adam",
    "img_size": 32
  }
}