{
  "accuracy": 0.47368421052631576,
  "precision": 0.46153846153846156,
  "recall": 0.3157894736842105,
  "f1_score": 0.375,
  "auc": 0.4044321329639889,
  "training_time_sec": 726.5577464103699,
  "epochs_completed": 248,
  "config": {
    "num_layers": 20,
    "lr": 0.01,
    "batch_size": 8,
    "opt_name": "adam",
    "img_size": 32
  }
}