{
  "accuracy": 0.9140625,
  "precision": 1.0,
  "recall": 0.828125,
  "f1_score": 0.905982905982906,
  "auc": 0.96826171875,
  "best_train_loss": 0.233210576698184,
  "training_time_sec": 603.1976325511932,
  "epochs_completed": 5000,
  "config": {
    "num_layers": 2,
    "lr": 0.05,
    "batch_size": 32,
    "img_size": 64
  }
}