{
  "accuracy": 0.512987012987013,
  "precision": 0.5102040816326531,
  "recall": 0.6493506493506493,
  "f1_score": 0.5714285714285714,
  "auc": 0.5284196323157362,
  "training_time_sec": 169.66474556922913,
  "epochs_completed": 536,
  "config": {
    "num_layers": 1,
    "lr": 0.01,
    "batch_size": 32,
    "opt_name": "adam",
    "img_size": 64
  }
}