{
  "accuracy": 0.4675324675324675,
  "precision": 0.4657534246575342,
  "recall": 0.44155844155844154,
  "f1_score": 0.4533333333333333,
  "auc": 0.4739416427728116,
  "training_time_sec": 46.94598436355591,
  "epochs_completed": 51,
  "config": {
    "num_layers": 3,
    "lr": 0.02,
    "batch_size": 64,
    "opt_name": "sgd",
    "img_size": 64
  }
}