{
  "accuracy": 0.42105263157894735,
  "precision": 0.42105263157894735,
  "recall": 0.42105263157894735,
  "f1_score": 0.42105263157894735,
  "auc": 0.40166204986149584,
  "training_time_sec": 501.54790139198303,
  "epochs_completed": 170,
  "config": {
    "num_layers": 15,
    "lr": 0.02,
    "batch_size": 16,
    "opt_name": "adam",
    "img_size": 64
  },
  "lr_schedule": "cosine_decay"
}