{
  "accuracy": 0.6052631578947368,
  "precision": 0.6428571428571429,
  "recall": 0.47368421052631576,
  "f1_score": 0.5454545454545454,
  "auc": 0.6509695290858726,
  "training_time_sec": 984.9433298110962,
  "epochs_completed": 1557,
  "config": {
    "num_layers": 12,
    "lr": 0.001,
    "batch_size": 64,
    "opt_name": "adam",
    "img_size": 4
  }
}