{
  "accuracy": 0.6842105263157895,
  "precision": 0.7058823529411765,
  "recall": 0.631578947368421,
  "f1_score": 0.6666666666666666,
  "auc": 0.698060941828255,
  "training_time_sec": 1287.4676442146301,
  "epochs_completed": 1530,
  "config": {
    "num_layers": 15,
    "lr": 0.01,
    "batch_size": 8,
    "opt_name": "sgd",
    "img_size": 4
  }
}