{
  "accuracy": 0.9609375,
  "precision": 0.9836065573770492,
  "recall": 0.9375,
  "f1_score": 0.96,
  "auc": 0.988525390625,
  "best_train_loss": 0.16101155616343021,
  "training_time_sec": 142.65732741355896,
  "epochs_completed": 1000,
  "config": {
    "num_layers": 15,
    "lr": 0.1,
    "batch_size": 32,
    "opt_name": "adam",
    "img_size": 16
  }
}