{
  "accuracy": 0.6875,
  "precision": 1.0,
  "recall": 0.375,
  "f1_score": 0.5454545454545454,
  "auc": 0.4609375,
  "best_train_loss": 0.6519473046064377,
  "training_time_sec": 558.4684143066406,
  "epochs_completed": 3000,
  "config": {
    "num_layers": 6,
    "lr": 0.05,
    "batch_size": 32,
    "opt_name": "adam",
    "img_size": 4
  }
}