{
  "accuracy": 0.6171875,
  "precision": 0.6271186440677966,
  "recall": 0.578125,
  "f1_score": 0.6016260162601627,
  "auc": 0.65625,
  "best_train_loss": 0.5958179645240307,
  "training_time_sec": 102.32032251358032,
  "epochs_completed": 1000,
  "config": {
    "num_layers": 15,
    "lr": 0.01,
    "batch_size": 32,
    "opt_name": "adam",
    "img_size": 4
  }
}