{
  "accuracy": 0.5263157894736842,
  "precision": 0.5294117647058824,
  "recall": 0.47368421052631576,
  "f1_score": 0.5,
  "auc": 0.4903047091412743,
  "training_time_sec": 139.06920719146729,
  "epochs_completed": 124,
  "config": {
    "num_layers": 5,
    "lr": 0.05,
    "batch_size": 64,
    "opt_name": "adam",
    "img_size": 64
  }
}