{
  "accuracy": 0.7105263157894737,
  "precision": 0.6818181818181818,
  "recall": 0.7894736842105263,
  "f1_score": 0.7317073170731707,
  "auc": 0.7562326869806094,
  "training_time_sec": 141.54473519325256,
  "epochs_completed": 230,
  "config": {
    "num_layers": 10,
    "lr": 0.02,
    "batch_size": 8,
    "opt_name": "adam",
    "img_size": 4
  }
}