{
  "accuracy": 0.461038961038961,
  "precision": 0.4666666666666667,
  "recall": 0.45454545454545453,
  "f1_score": 0.4605263157894737,
  "auc": 0.46247259234272214,
  "training_time_sec": 217.51656818389893,
  "epochs_completed": 51,
  "config": {
    "num_layers": 15,
    "lr": 0.02,
    "batch_size": 16,
    "opt_name": "sgd",
    "img_size": 64
  }
}