{
  "accuracy": 0.703125,
  "precision": 0.6585365853658537,
  "recall": 0.84375,
  "f1_score": 0.7397260273972602,
  "auc": 0.831787109375,
  "best_train_loss": 0.4864977113902569,
  "training_time_sec": 43.91238284111023,
  "epochs_completed": 1000,
  "config": {
    "num_layers": 3,
    "lr": 0.05,
    "batch_size": 32,
    "opt_name": "adam",
    "img_size": 16
  }
}