{
  "accuracy": 0.6298701298701299,
  "precision": 0.65625,
  "recall": 0.5454545454545454,
  "f1_score": 0.5957446808510638,
  "auc": 0.7276100522853769,
  "training_time_sec": 492.7365665435791,
  "epochs_completed": 223,
  "config": {
    "num_layers": 10,
    "lr": 0.02,
    "batch_size": 64,
    "opt_name": "adam",
    "img_size": 64
  }
}