{
  "accuracy": 0.5625,
  "precision": 0.5555555555555556,
  "recall": 0.625,
  "f1_score": 0.5882352941176471,
  "auc": 0.602783203125,
  "best_train_loss": 0.4824051773175597,
  "training_time_sec": 155.06158065795898,
  "epochs_completed": 1000,
  "config": {
    "num_layers": 10,
    "lr": 0.05,
    "batch_size": 16,
    "opt_name": "adam",
    "img_size": 8
  }
}