{
  "accuracy": 0.6052631578947368,
  "precision": 0.625,
  "recall": 0.5263157894736842,
  "f1_score": 0.5714285714285714,
  "auc": 0.6232686980609418,
  "training_time_sec": 160.59297251701355,
  "epochs_completed": 59,
  "config": {
    "num_layers": 15,
    "lr": 0.02,
    "batch_size": 64,
    "opt_name": "adam",
    "img_size": 32
  }
}