{
  "accuracy": 0.39473684210526316,
  "precision": 0.4090909090909091,
  "recall": 0.47368421052631576,
  "f1_score": 0.43902439024390244,
  "auc": 0.30193905817174516,
  "training_time_sec": 60.62073874473572,
  "epochs_completed": 192,
  "config": {
    "num_layers": 2,
    "lr": 0.05,
    "batch_size": 8,
    "opt_name": "adam",
    "img_size": 16
  },
  "lr_schedule": "cosine_decay"
}