{
  "accuracy": 0.6578947368421053,
  "precision": 0.6875,
  "recall": 0.5789473684210527,
  "f1_score": 0.6285714285714286,
  "auc": 0.700831024930748,
  "training_time_sec": 7803.0522129535675,
  "epochs_completed": 10000,
  "config": {
    "num_layers": 15,
    "lr": 0.001,
    "batch_size": 32,
    "opt_name": "sgd",
    "img_size": 4
  }
}