{
  "accuracy": 0.525974025974026,
  "precision": 0.5256410256410257,
  "recall": 0.5324675324675324,
  "f1_score": 0.5290322580645161,
  "auc": 0.5176252319109462,
  "training_time_sec": 181.81063723564148,
  "epochs_completed": 51,
  "config": {
    "num_layers": 12,
    "lr": 0.01,
    "batch_size": 8,
    "opt_name": "sgd",
    "img_size": 64
  }
}