{
  "accuracy": 0.6578947368421053,
  "precision": 0.6875,
  "recall": 0.5789473684210527,
  "f1_score": 0.6285714285714286,
  "auc": 0.6814404432132964,
  "training_time_sec": 1866.8595614433289,
  "epochs_completed": 10000,
  "config": {
    "num_layers": 3,
    "lr": 0.001,
    "batch_size": 64,
    "opt_name": "sgd",
    "img_size": 4
  }
}