{
  "accuracy": 0.461038961038961,
  "precision": 0.4583333333333333,
  "recall": 0.42857142857142855,
  "f1_score": 0.4429530201342282,
  "auc": 0.4413897790521167,
  "training_time_sec": 420.8192582130432,
  "epochs_completed": 518,
  "config": {
    "num_layers": 3,
    "lr": 0.001,
    "batch_size": 8,
    "opt_name": "adam",
    "img_size": 64
  }
}