{
  "accuracy": 0.9609375,
  "precision": 1.0,
  "recall": 0.921875,
  "f1_score": 0.959349593495935,
  "auc": 0.99755859375,
  "best_train_loss": 0.06157456070650369,
  "training_time_sec": 30863.44635796547,
  "epochs_completed": 10000,
  "config": {
    "num_layers": 17,
    "lr": 0.05,
    "batch_size": 32,
    "img_size": 128
  }
}