epoch,loss
1,0.6931473016738892
2,0.6931215127309164
3,0.6930899818738302
4,0.693047841389974
5,0.69298388560613
6,0.6929538448651632
7,0.6928942004839579
8,0.6928110917409261
9,0.6927515665690104
10,0.6926763455073038
11,0.6925695339838663
12,0.692462166150411
13,0.6923616925875345
14,0.6921948790550232
15,0.6920791864395142
16,0.6919683218002319
17,0.6917877991994222
18,0.6916495760281881
19,0.6914531389872233
20,0.6913448572158813
21,0.6910906831423441
22,0.6908474564552307
23,0.690753440062205
24,0.6905330022176107
25,0.6903679172197977
26,0.6902874112129211
27,0.6901014447212219
28,0.6898743112881979
29,0.6897606253623962
30,0.6894581913948059
31,0.6893187165260315
32,0.6891317367553711
33,0.6887906193733215
34,0.6888227860132853
35,0.6884515285491943
36,0.6887126366297404
37,0.6883878509203593
38,0.6880563696225485
39,0.6876706878344218
40,0.6876829862594604
41,0.687294622262319
42,0.6872475345929464
43,0.6873059868812561
44,0.6870292623837789
45,0.6865116755167643
46,0.686616837978363
47,0.6865314443906149
48,0.6864441831906637
49,0.6861276427904764
50,0.6860271493593851
51,0.685592254002889
52,0.6853883862495422
53,0.6852218707402548
54,0.6853937307993571
55,0.6849563916524252
56,0.6849039395650228
57,0.684524397055308
58,0.6840313076972961
59,0.6838476657867432
60,0.6838690042495728
61,0.6843390266100565
62,0.6835084954897562
63,0.6833948294321696
64,0.683411439259847
65,0.6833771467208862
66,0.6833392977714539
67,0.6831684311230978
68,0.6829816897710165
69,0.6821834047635397
70,0.6829683581988016
71,0.6823564966519674
72,0.6819582382837931
73,0.6821714838345846
74,0.681479791800181
75,0.6811110377311707
76,0.6816030343373617
77,0.6814475059509277
78,0.6811614235242208
79,0.6812888979911804
80,0.6811167200406393
81,0.6808049480120341
82,0.6807314952214559
83,0.6808081070582072
84,0.6800322532653809
85,0.6797691782315572
86,0.6796260873476664
87,0.6796828309694926
88,0.678973933060964
89,0.6793654561042786
