{
  "accuracy": 0.625,
  "precision": 0.6666666666666666,
  "recall": 0.5,
  "f1_score": 0.5714285714285714,
  "auc": 0.647216796875,
  "best_train_loss": 0.5482208915054798,
  "training_time_sec": 21.080865621566772,
  "epochs_completed": 1000,
  "config": {
    "num_layers": 5,
    "lr": 0.05,
    "batch_size": 64,
    "opt_name": "adam",
    "img_size": 4
  }
}