{
  "accuracy": 0.577922077922078,
  "precision": 0.5789473684210527,
  "recall": 0.5714285714285714,
  "f1_score": 0.5751633986928104,
  "auc": 0.5801990217574633,
  "training_time_sec": 153.3731529712677,
  "epochs_completed": 67,
  "config": {
    "num_layers": 7,
    "lr": 0.001,
    "batch_size": 8,
    "opt_name": "adam",
    "img_size": 64
  }
}