{
  "accuracy": 0.487012987012987,
  "precision": 0.48936170212765956,
  "recall": 0.5974025974025974,
  "f1_score": 0.5380116959064327,
  "auc": 0.5204924945184686,
  "training_time_sec": 225.45306658744812,
  "epochs_completed": 747,
  "config": {
    "num_layers": 1,
    "lr": 0.01,
    "batch_size": 64,
    "opt_name": "adam",
    "img_size": 64
  }
}