{
  "accuracy": 0.538961038961039,
  "precision": 0.5538461538461539,
  "recall": 0.4675324675324675,
  "f1_score": 0.5070422535211268,
  "auc": 0.5420812953280486,
  "training_time_sec": 227.2322335243225,
  "epochs_completed": 292,
  "config": {
    "num_layers": 3,
    "lr": 0.02,
    "batch_size": 16,
    "opt_name": "adam",
    "img_size": 64
  }
}