{
  "accuracy": 0.8671875,
  "precision": 0.9607843137254902,
  "recall": 0.765625,
  "f1_score": 0.8521739130434782,
  "auc": 0.894775390625,
  "best_train_loss": 0.009043313169968314,
  "training_time_sec": 6328.3813145160675,
  "epochs_completed": 10000,
  "config": {
    "num_layers": 20,
    "lr": 0.05,
    "batch_size": 32,
    "img_size": 32
  }
}