{
  "accuracy": 0.7105263157894737,
  "precision": 0.9,
  "recall": 0.47368421052631576,
  "f1_score": 0.6206896551724138,
  "auc": 0.6814404432132963,
  "training_time_sec": 100.16929817199707,
  "epochs_completed": 86,
  "config": {
    "num_layers": 5,
    "lr": 0.02,
    "batch_size": 64,
    "opt_name": "adam",
    "img_size": 64
  },
  "lr_schedule": "cosine_decay"
}