epoch,loss
1,0.6931302944819132
2,0.6931242942810059
3,0.6931088964144388
4,0.6929837663968405
5,0.6929017702738444
6,0.6927837332089742
7,0.692676822344462
8,0.692534883817037
9,0.6923649509747823
10,0.6920682589213053
11,0.6919867396354675
12,0.6917071342468262
13,0.6915723284085592
14,0.6912542978922526
15,0.691126267115275
16,0.6908376018206278
17,0.6906204620997111
18,0.690341850121816
19,0.6900871594746908
20,0.6898661057154337
21,0.6896767417589823
22,0.689147929350535
23,0.689172367254893
24,0.6887528697649637
25,0.688606858253479
26,0.6885671615600586
27,0.6879640618960062
28,0.6878209114074707
29,0.6877800822257996
30,0.6872253020604452
31,0.6875011324882507
32,0.6870183348655701
33,0.6867356896400452
34,0.6866672237714132
35,0.68602987130483
36,0.6860499978065491
37,0.6856439312299093
38,0.6857521931330363
39,0.6851803859074911
40,0.6848593950271606
41,0.6848358710606893
42,0.6845533649126688
43,0.6841963529586792
44,0.6840374072392782
45,0.6837304830551147
46,0.6838101943333944
47,0.6836972236633301
48,0.6830740571022034
49,0.6832512617111206
50,0.6822957992553711
51,0.6819916367530823
52,0.6822865009307861
53,0.6817008256912231
54,0.6820308168729147
55,0.6812940239906311
56,0.6810620427131653
57,0.6805311441421509
58,0.6798596779505411
59,0.6794131199518839
60,0.6793503562609354
61,0.6798108220100403
62,0.6795193552970886
63,0.6787901719411215
64,0.6789169708887736
65,0.678578774134318
66,0.6789024670918783
67,0.6781507333119711
68,0.6783017714818319
69,0.6778915723164877
70,0.6778161327044169
71,0.6770318945248922
72,0.6769412954648336
73,0.6768838167190552
74,0.675487200419108
75,0.6756436427434286
76,0.6769883036613464
77,0.6759536067644755
78,0.6760315100351969
79,0.6760368347167969
80,0.6755914489428202
81,0.6743781566619873
82,0.675699790318807
83,0.6748106479644775
84,0.6742432912190756
85,0.6743045647939047
86,0.6736013690630595
