{
  "accuracy": 0.5263157894736842,
  "precision": 0.5333333333333333,
  "recall": 0.42105263157894735,
  "f1_score": 0.47058823529411764,
  "auc": 0.42105263157894735,
  "training_time_sec": 79.0273790359497,
  "memory_usage_kb": 1588840,
  "data_loading_time_sec": 83.50710320472717,
  "num_qubits": 13,
  "num_samples_test": 38,
  "num_layers": 5
}