{
  "accuracy": 0.5961538461538461,
  "precision": 0.8,
  "recall": 0.5964912280701754,
  "f1_score": 0.6834170854271356,
  "auc": 0.6021303258145363,
  "best_train_loss": 0.6107193744844861,
  "training_time_sec": 234.06206822395325,
  "epochs_completed": 1000,
  "config": {
    "num_layers": 7,
    "lr": 0.05,
    "batch_size": 32,
    "opt_name": "adam",
    "img_size": 64
  }
}