{
  "accuracy": 0.453125,
  "precision": 0.4444444444444444,
  "recall": 0.375,
  "f1_score": 0.4067796610169492,
  "auc": 0.36767578125,
  "best_train_loss": 0.6081093475222588,
  "training_time_sec": 36.34271454811096,
  "epochs_completed": 1000,
  "config": {
    "num_layers": 5,
    "lr": 0.1,
    "batch_size": 64,
    "opt_name": "adam",
    "img_size": 8
  }
}