{
  "accuracy": 0.6052631578947368,
  "precision": 0.6111111111111112,
  "recall": 0.5789473684210527,
  "f1_score": 0.5945945945945946,
  "auc": 0.6094182825484764,
  "training_time_sec": 3450.3721404075623,
  "epochs_completed": 1072,
  "config": {
    "num_layers": 30,
    "lr": 0.001,
    "batch_size": 8,
    "opt_name": "adam",
    "img_size": 16
  },
  "lr_schedule": "cosine_decay"
}