{
  "accuracy": 0.4453125,
  "precision": 0.4461538461538462,
  "recall": 0.453125,
  "f1_score": 0.4496124031007752,
  "auc": 0.424560546875,
  "best_train_loss": 0.5431849434971809,
  "training_time_sec": 40.916006565093994,
  "epochs_completed": 1000,
  "config": {
    "num_layers": 7,
    "lr": 0.05,
    "batch_size": 64,
    "opt_name": "adam",
    "img_size": 8
  }
}