{
  "accuracy": 0.7631578947368421,
  "precision": 0.8571428571428571,
  "recall": 0.631578947368421,
  "f1_score": 0.7272727272727273,
  "auc": 0.7922437673130194,
  "training_time_sec": 458.7606191635132,
  "epochs_completed": 409,
  "config": {
    "num_layers": 20,
    "lr": 0.01,
    "batch_size": 16,
    "opt_name": "adam",
    "img_size": 4
  }
}