epoch,loss
1,0.6931493824178522
2,0.6931429965929552
3,0.6931451206857507
4,0.6931386725469069
5,0.6931366622447968
6,0.6931338635357943
7,0.6931270306760614
8,0.6931224465370178
9,0.693114538084377
10,0.6931045109575446
11,0.6930916092612527
12,0.6930694254961881
13,0.6930498914285139
14,0.6930300864306363
15,0.6930072822354056
16,0.6929831775751981
17,0.6929617849263278
18,0.6929408040913668
19,0.692918904803016
20,0.6929072737693787
21,0.6928859461437572
22,0.6928723860870708
23,0.6928559406237169
24,0.6928205219182101
25,0.6928166909651323
26,0.6928068534894423
27,0.6927814023061232
28,0.6927736022255637
29,0.6927570023319938
30,0.6927377229387109
31,0.6927302290092815
32,0.6926786574450406
33,0.692682149735364
34,0.692671312527223
35,0.6926512095061216
36,0.69265432249416
37,0.692630101333965
38,0.6926043467088179
39,0.6925871182571758
40,0.6925598301670768
41,0.6925584755160592
42,0.6925291879610582
43,0.6925205832177942
44,0.6925061372193423
45,0.692458141933788
46,0.6924659528515555
47,0.6924418725750663
48,0.6924383071335879
49,0.6923852021043951
50,0.692405020648783
51,0.6923788596283306
