{
  "accuracy": 0.59375,
  "precision": 0.5857142857142857,
  "recall": 0.640625,
  "f1_score": 0.6119402985074627,
  "auc": 0.637939453125,
  "best_train_loss": 0.5159751363098621,
  "training_time_sec": 97.47544932365417,
  "epochs_completed": 1000,
  "config": {
    "num_layers": 20,
    "lr": 0.05,
    "batch_size": 64,
    "opt_name": "adam",
    "img_size": 16
  }
}