{
  "accuracy": 0.3684210526315789,
  "precision": 0.3333333333333333,
  "recall": 0.2631578947368421,
  "f1_score": 0.29411764705882354,
  "auc": 0.41274238227146814,
  "training_time_sec": 72.01755833625793,
  "epochs_completed": 51,
  "config": {
    "num_layers": 5,
    "lr": 0.05,
    "batch_size": 8,
    "opt_name": "sgd",
    "img_size": 64
  },
  "lr_schedule": "cosine_decay"
}