{
  "accuracy": 0.5,
  "precision": 0.5,
  "recall": 0.5263157894736842,
  "f1_score": 0.5128205128205128,
  "auc": 0.5290858725761772,
  "training_time_sec": 131.8170726299286,
  "epochs_completed": 271,
  "config": {
    "num_layers": 3,
    "lr": 0.1,
    "batch_size": 64,
    "opt_name": "adam",
    "img_size": 32
  },
  "lr_schedule": "cosine_decay"
}