{
  "accuracy": 0.5263157894736842,
  "precision": 0.5217391304347826,
  "recall": 0.631578947368421,
  "f1_score": 0.5714285714285714,
  "auc": 0.6121883656509695,
  "training_time_sec": 24.716675996780396,
  "epochs_completed": 93,
  "config": {
    "num_layers": 1,
    "lr": 0.1,
    "batch_size": 8,
    "opt_name": "adam",
    "img_size": 32
  },
  "lr_schedule": "cosine_decay"
}