{
  "accuracy": 0.631578947368421,
  "precision": 0.631578947368421,
  "recall": 0.631578947368421,
  "f1_score": 0.631578947368421,
  "auc": 0.6260387811634349,
  "training_time_sec": 646.0760080814362,
  "epochs_completed": 143,
  "config": {
    "num_layers": 30,
    "lr": 0.02,
    "batch_size": 64,
    "opt_name": "adam",
    "img_size": 32
  },
  "lr_schedule": "cosine_decay"
}