{
  "accuracy": 0.8421052631578947,
  "precision": 0.9333333333333333,
  "recall": 0.7368421052631579,
  "f1_score": 0.8235294117647058,
  "auc": 0.8698060941828254,
  "training_time_sec": 170.27673053741455,
  "memory_usage_kb": 1720672,
  "data_loading_time_sec": 173.6077651977539,
  "num_qubits": 9,
  "num_samples_test": 38,
  "num_layers": 15
}