epoch,loss
1,0.6930961211522421
2,0.6930997769037882
3,0.6930391987164816
4,0.692972739537557
5,0.6928063631057739
6,0.6926620999972025
7,0.6924450794855753
8,0.6921798586845398
9,0.6919596791267395
10,0.6914952397346497
11,0.6912449796994528
12,0.6908727486928304
13,0.6906846563021342
14,0.6903179287910461
15,0.6898943185806274
16,0.689431349436442
17,0.6889991561571757
18,0.6887170871098837
19,0.6883451739947001
20,0.6881745060284933
21,0.6874909400939941
22,0.6870229442914327
23,0.6866910854975382
24,0.6860926151275635
25,0.6856165130933126
26,0.6857295831044515
27,0.6851256092389425
28,0.6847079992294312
29,0.6847161253293356
30,0.6839618682861328
31,0.6836060682932535
32,0.6830482284228007
33,0.682584822177887
34,0.6825466553370158
35,0.6815323630968729
36,0.682131826877594
37,0.6812477906545004
38,0.6805809140205383
39,0.6801343361536661
40,0.680054247379303
41,0.6798910895983378
42,0.6789427995681763
43,0.6794820229212443
44,0.6786479552586874
45,0.6776812076568604
46,0.6777219374974569
47,0.6775516867637634
48,0.6773327787717184
49,0.6763798197110494
50,0.6761481761932373
51,0.6752817233403524
52,0.6753259301185608
53,0.6746395031611124
54,0.6746841271718343
55,0.6744789878527323
56,0.673551062742869
57,0.6738198200861613
58,0.67280113697052
59,0.6716345151265463
60,0.6720586816469828
61,0.6718434691429138
62,0.672329048315684
