{
  "accuracy": 0.5526315789473685,
  "precision": 0.5454545454545454,
  "recall": 0.631578947368421,
  "f1_score": 0.5853658536585366,
  "auc": 0.5124653739612188,
  "training_time_sec": 160.87779569625854,
  "epochs_completed": 62,
  "config": {
    "num_layers": 10,
    "lr": 0.02,
    "batch_size": 64,
    "opt_name": "adam",
    "img_size": 64
  }
}