{
  "accuracy": 0.6052631578947368,
  "precision": 0.6,
  "recall": 0.631578947368421,
  "f1_score": 0.6153846153846154,
  "auc": 0.6675900277008311,
  "training_time_sec": 63061.870569229126,
  "memory_usage_kb": 27640,
  "data_loading_time_sec": 63065.902968883514,
  "num_qubits": 7,
  "num_samples_test": 38,
  "num_layers": 3
}