{
  "accuracy": 0.5454545454545454,
  "precision": 0.5393258426966292,
  "recall": 0.6233766233766234,
  "f1_score": 0.5783132530120482,
  "auc": 0.5388767077078765,
  "training_time_sec": 78.21864604949951,
  "epochs_completed": 237,
  "config": {
    "num_layers": 1,
    "lr": 0.05,
    "batch_size": 32,
    "opt_name": "adam",
    "img_size": 64
  }
}