{
  "accuracy": 0.6842105263157895,
  "precision": 0.64,
  "recall": 0.8421052631578947,
  "f1_score": 0.7272727272727273,
  "auc": 0.739612188365651,
  "training_time_sec": 79.10226249694824,
  "epochs_completed": 195,
  "config": {
    "num_layers": 3,
    "lr": 0.1,
    "batch_size": 32,
    "opt_name": "adam",
    "img_size": 16
  },
  "lr_schedule": "cosine_decay"
}