{
  "accuracy": 0.6578947368421053,
  "precision": 0.6363636363636364,
  "recall": 0.7368421052631579,
  "f1_score": 0.6829268292682927,
  "auc": 0.7340720221606647,
  "training_time_sec": 30.580612659454346,
  "memory_usage_kb": 1451272,
  "data_loading_time_sec": 33.341432332992554,
  "num_qubits": 9,
  "num_samples_test": 38,
  "num_layers": 3
}