{
  "accuracy": 0.7368421052631579,
  "precision": 0.8,
  "recall": 0.631578947368421,
  "f1_score": 0.7058823529411765,
  "auc": 0.7313019390581718,
  "training_time_sec": 68.55560851097107,
  "memory_usage_kb": 1480428,
  "data_loading_time_sec": 71.39381694793701,
  "num_qubits": 7,
  "num_samples_test": 38,
  "num_layers": 7
}