{
  "accuracy": 0.4921875,
  "precision": 0.4927536231884058,
  "recall": 0.53125,
  "f1_score": 0.5112781954887218,
  "auc": 0.48779296875,
  "best_train_loss": 0.5375116784125566,
  "training_time_sec": 569.6761040687561,
  "epochs_completed": 5000,
  "config": {
    "num_layers": 12,
    "lr": 0.05,
    "batch_size": 32,
    "opt_name": "adam",
    "img_size": 8
  }
}