{
  "accuracy": 0.6052631578947368,
  "precision": 0.625,
  "recall": 0.5263157894736842,
  "f1_score": 0.5714285714285714,
  "auc": 0.631578947368421,
  "training_time_sec": 199.60116386413574,
  "epochs_completed": 945,
  "config": {
    "num_layers": 1,
    "lr": 0.01,
    "batch_size": 16,
    "opt_name": "adam",
    "img_size": 32
  }
}