{
  "accuracy": 0.7265625,
  "precision": 0.7636363636363637,
  "recall": 0.65625,
  "f1_score": 0.7058823529411765,
  "auc": 0.734130859375,
  "best_train_loss": 0.5704415924847126,
  "training_time_sec": 17.85225486755371,
  "epochs_completed": 1000,
  "config": {
    "num_layers": 7,
    "lr": 0.01,
    "batch_size": 64,
    "opt_name": "adam",
    "img_size": 4
  }
}