{
  "accuracy": 0.484375,
  "precision": 0.48333333333333334,
  "recall": 0.453125,
  "f1_score": 0.46774193548387094,
  "auc": 0.44921875,
  "best_train_loss": 0.5506445039063692,
  "training_time_sec": 108.48200249671936,
  "epochs_completed": 1000,
  "config": {
    "num_layers": 7,
    "lr": 0.01,
    "batch_size": 16,
    "opt_name": "adam",
    "img_size": 8
  }
}