{
  "accuracy": 0.59375,
  "precision": 0.5882352941176471,
  "recall": 0.625,
  "f1_score": 0.6060606060606061,
  "auc": 0.59033203125,
  "best_train_loss": 0.5875380970537663,
  "training_time_sec": 401.36734318733215,
  "epochs_completed": 1000,
  "config": {
    "num_layers": 10,
    "lr": 0.05,
    "batch_size": 16,
    "opt_name": "adam",
    "img_size": 32
  }
}