epoch,loss
1,0.6931521793206533
2,0.6931475400924683
3,0.693134605884552
4,0.6931316951910654
5,0.6930949787298838
6,0.6930940945943197
7,0.693072666724523
8,0.6930353045463562
9,0.6930200258890787
10,0.6930260260899862
11,0.693006157875061
12,0.6930118997891744
13,0.6929798523585001
14,0.6929770906766256
15,0.6929640273253123
16,0.6929607490698496
17,0.6929850180943807
18,0.6929864883422852
19,0.6929738819599152
20,0.6929422120253245
21,0.6929021080334982
22,0.6929457187652588
23,0.6928953727086385
24,0.6927964389324188
25,0.6929078797499338
26,0.6929306089878082
27,0.6928720772266388
28,0.6928676068782806
29,0.6928913096586863
30,0.6927391489346822
31,0.6928457816441854
32,0.6928612490495046
33,0.6928436458110809
34,0.692831794420878
35,0.692815899848938
36,0.6928112407525381
37,0.6928280492623647
38,0.6928182244300842
39,0.6927877068519592
40,0.6927837828795115
41,0.6927796105543772
42,0.6927261054515839
43,0.6927439173062643
44,0.6927606165409088
45,0.6926526526610056
46,0.6926951110363007
47,0.6927238901456197
48,0.6927112936973572
49,0.6927036543687185
50,0.6925977170467377
51,0.692549854516983
