{
  "accuracy": 0.631578947368421,
  "precision": 0.6,
  "recall": 0.7894736842105263,
  "f1_score": 0.6818181818181818,
  "auc": 0.7839335180055401,
  "training_time_sec": 303.9977033138275,
  "epochs_completed": 804,
  "config": {
    "num_layers": 3,
    "lr": 0.01,
    "batch_size": 32,
    "opt_name": "adam",
    "img_size": 16
  },
  "lr_schedule": "cosine_decay"
}