{
  "accuracy": 0.5909090909090909,
  "precision": 0.5853658536585366,
  "recall": 0.6233766233766234,
  "f1_score": 0.6037735849056604,
  "auc": 0.5688986338336988,
  "training_time_sec": 70.59544730186462,
  "epochs_completed": 124,
  "config": {
    "num_layers": 2,
    "lr": 0.05,
    "batch_size": 64,
    "opt_name": "adam",
    "img_size": 64
  }
}