{
  "accuracy": 0.5,
  "precision": 0.5,
  "recall": 0.5789473684210527,
  "f1_score": 0.5365853658536586,
  "auc": 0.5207756232686981,
  "training_time_sec": 683.1092121601105,
  "epochs_completed": 99,
  "config": {
    "num_layers": 30,
    "lr": 0.01,
    "batch_size": 8,
    "opt_name": "adam",
    "img_size": 64
  },
  "lr_schedule": "cosine_decay"
}