epoch,loss
1,0.6931013862291971
2,0.6930078268051147
3,0.6924965679645538
4,0.6924978494644165
5,0.6916806201140085
6,0.6909588476022085
7,0.6910931269327799
8,0.6895863910516103
9,0.6899098555246989
10,0.6887069642543793
11,0.6893882850805918
12,0.6882518430550894
13,0.6856618225574493
14,0.6853612462679545
15,0.6851204534371694
16,0.682137002547582
17,0.682255744934082
18,0.6847687462965647
19,0.6867270966370901
20,0.6833572586377462
21,0.679807037115097
22,0.6763385534286499
23,0.6760279933611552
24,0.672275314728419
25,0.6718611319859823
26,0.6741100052992502
27,0.6722636918226877
28,0.6707950830459595
29,0.6727960904439291
30,0.6716837386290232
31,0.670941561460495
32,0.6694124142328898
33,0.6692739725112915
34,0.6646945774555206
35,0.6628542045752207
36,0.6662312050660452
37,0.6658448874950409
38,0.6672945916652679
39,0.6649719079335531
40,0.6661448081334432
41,0.6596276561419169
42,0.6587013701597849
43,0.6573864221572876
44,0.6537587841351827
45,0.6603780686855316
46,0.6541053752104441
47,0.6520525614420573
48,0.652685284614563
49,0.660271147886912
50,0.6538074215253195
51,0.6489536861578623
52,0.6592506170272827
53,0.661609282096227
54,0.6651267806688944
55,0.6628909309705099
56,0.6679500838120779
57,0.6743278801441193
58,0.6630024512608846
59,0.6487342516581217
60,0.6400386492411295
61,0.6384624739487966
62,0.6411163210868835
63,0.6394559144973755
64,0.6387609541416168
65,0.6530687709649404
66,0.6466774642467499
67,0.650805801153183
68,0.6472571790218353
69,0.6370284259319305
70,0.6342388888200124
71,0.6338950792948405
72,0.6294795076052347
73,0.6272958914438883
74,0.6281369626522064
75,0.6264359652996063
76,0.6281558871269226
77,0.6214675903320312
78,0.6231636703014374
79,0.6285914480686188
80,0.645336518685023
81,0.6425776680310568
82,0.6407765050729116
83,0.6394782662391663
84,0.6549907724062601
85,0.6466752390066782
86,0.6325952609380087
87,0.6225238939126333
88,0.6202865044275919
89,0.6263473927974701
90,0.6208622256914774
91,0.6186586916446686
92,0.6218375066916147
93,0.6225720345973969
94,0.6524312496185303
95,0.6654112040996552
96,0.6654145121574402
97,0.648535966873169
98,0.6526154379049937
99,0.6179830431938171
100,0.6222484111785889
101,0.6224982937177023
102,0.6236856679121653
103,0.6362607578436533
104,0.6451024413108826
105,0.6215449670950571
