{
  "accuracy": 0.42105263157894735,
  "precision": 0.42105263157894735,
  "recall": 0.42105263157894735,
  "f1_score": 0.42105263157894735,
  "auc": 0.3767313019390582,
  "training_time_sec": 225.97789859771729,
  "epochs_completed": 105,
  "config": {
    "num_layers": 10,
    "lr": 0.05,
    "batch_size": 32,
    "opt_name": "adam",
    "img_size": 64
  }
}