{
  "accuracy": 0.6052631578947368,
  "precision": 0.625,
  "recall": 0.5263157894736842,
  "f1_score": 0.5714285714285714,
  "auc": 0.6565096952908588,
  "training_time_sec": 5397.127069950104,
  "epochs_completed": 1510,
  "config": {
    "num_layers": 20,
    "lr": 0.001,
    "batch_size": 16,
    "opt_name": "adam",
    "img_size": 64
  },
  "lr_schedule": "cosine_decay"
}