{
  "accuracy": 0.4453125,
  "precision": 0.4492753623188406,
  "recall": 0.484375,
  "f1_score": 0.46616541353383456,
  "auc": 0.470458984375,
  "best_train_loss": 0.659007839858532,
  "training_time_sec": 138.8173689842224,
  "epochs_completed": 1000,
  "config": {
    "num_layers": 3,
    "lr": 0.01,
    "batch_size": 32,
    "opt_name": "adam",
    "img_size": 64
  }
}