{
  "accuracy": 0.4473684210526316,
  "precision": 0.4375,
  "recall": 0.3684210526315789,
  "f1_score": 0.4,
  "auc": 0.4736842105263158,
  "training_time_sec": 133.0655336380005,
  "epochs_completed": 98,
  "config": {
    "num_layers": 10,
    "lr": 0.1,
    "batch_size": 8,
    "opt_name": "adam",
    "img_size": 16
  },
  "lr_schedule": "cosine_decay"
}