{
  "accuracy": 0.5703125,
  "precision": 0.576271186440678,
  "recall": 0.53125,
  "f1_score": 0.5528455284552846,
  "auc": 0.563232421875,
  "best_train_loss": 0.49874676764011383,
  "training_time_sec": 930.6627700328827,
  "epochs_completed": 5000,
  "config": {
    "num_layers": 10,
    "lr": 0.05,
    "batch_size": 32,
    "opt_name": "adam",
    "img_size": 32
  }
}