{
  "accuracy": 0.71875,
  "precision": 0.7916666666666666,
  "recall": 0.59375,
  "f1_score": 0.6785714285714286,
  "auc": 0.689697265625,
  "best_train_loss": 0.5988145247101784,
  "training_time_sec": 35.02958416938782,
  "epochs_completed": 1000,
  "config": {
    "num_layers": 3,
    "lr": 0.001,
    "batch_size": 32,
    "opt_name": "adam",
    "img_size": 4
  }
}