{
  "accuracy": 0.5526315789473685,
  "precision": 0.55,
  "recall": 0.5789473684210527,
  "f1_score": 0.5641025641025641,
  "auc": 0.47645429362880887,
  "training_time_sec": 178.7187430858612,
  "epochs_completed": 226,
  "config": {
    "num_layers": 5,
    "lr": 0.05,
    "batch_size": 64,
    "opt_name": "adam",
    "img_size": 32
  }
}