{
  "accuracy": 0.453125,
  "precision": 0.45,
  "recall": 0.421875,
  "f1_score": 0.43548387096774194,
  "auc": 0.467529296875,
  "best_train_loss": 0.5129632204771042,
  "training_time_sec": 952.3495848178864,
  "epochs_completed": 5000,
  "config": {
    "num_layers": 9,
    "lr": 0.05,
    "batch_size": 32,
    "opt_name": "adam",
    "img_size": 32
  }
}