{
  "accuracy": 0.7368421052631579,
  "precision": 0.9090909090909091,
  "recall": 0.5263157894736842,
  "f1_score": 0.6666666666666666,
  "auc": 0.7202216066481993,
  "training_time_sec": 36.713857889175415,
  "epochs_completed": 160,
  "config": {
    "num_layers": 3,
    "lr": 0.05,
    "batch_size": 8,
    "opt_name": "adam",
    "img_size": 4
  }
}