{
  "accuracy": 0.631578947368421,
  "precision": 0.5862068965517241,
  "recall": 0.8947368421052632,
  "f1_score": 0.7083333333333334,
  "auc": 0.667590027700831,
  "training_time_sec": 1271.0655355453491,
  "epochs_completed": 221,
  "config": {
    "num_layers": 30,
    "lr": 0.05,
    "batch_size": 16,
    "opt_name": "adam",
    "img_size": 64
  },
  "lr_schedule": "cosine_decay"
}