{
  "accuracy": 0.47368421052631576,
  "precision": 0.47058823529411764,
  "recall": 0.42105263157894735,
  "f1_score": 0.4444444444444444,
  "auc": 0.44875346260387805,
  "training_time_sec": 671.4478724002838,
  "epochs_completed": 484,
  "config": {
    "num_layers": 12,
    "lr": 0.1,
    "batch_size": 8,
    "opt_name": "sgd",
    "img_size": 16
  },
  "lr_schedule": "cosine_decay"
}