{
  "accuracy": 0.47368421052631576,
  "precision": 0.47619047619047616,
  "recall": 0.5263157894736842,
  "f1_score": 0.5,
  "auc": 0.5152354570637119,
  "training_time_sec": 400.17265820503235,
  "epochs_completed": 175,
  "config": {
    "num_layers": 15,
    "lr": 0.001,
    "batch_size": 8,
    "opt_name": "adam",
    "img_size": 32
  }
}