{
  "accuracy": 0.9609375,
  "precision": 0.9836065573770492,
  "recall": 0.9375,
  "f1_score": 0.96,
  "auc": 0.98388671875,
  "best_train_loss": 0.15058219153434038,
  "training_time_sec": 61.72993016242981,
  "epochs_completed": 1000,
  "config": {
    "num_layers": 7,
    "lr": 0.1,
    "batch_size": 64,
    "opt_name": "adam",
    "img_size": 16
  }
}