{
  "accuracy": 0.5078125,
  "precision": 0.509090909090909,
  "recall": 0.4375,
  "f1_score": 0.47058823529411764,
  "auc": 0.440673828125,
  "best_train_loss": 0.6655142698436975,
  "training_time_sec": 662.3050756454468,
  "epochs_completed": 1000,
  "config": {
    "num_layers": 7,
    "lr": 0.05,
    "batch_size": 16,
    "opt_name": "adam",
    "img_size": 128
  }
}