{
  "accuracy": 0.7105263157894737,
  "precision": 0.7222222222222222,
  "recall": 0.6842105263157895,
  "f1_score": 0.7027027027027027,
  "auc": 0.7202216066481996,
  "training_time_sec": 216.92855191230774,
  "epochs_completed": 238,
  "config": {
    "num_layers": 15,
    "lr": 0.02,
    "batch_size": 8,
    "opt_name": "adam",
    "img_size": 4
  }
}