{
  "accuracy": 0.5263157894736842,
  "precision": 0.5263157894736842,
  "recall": 0.5263157894736842,
  "f1_score": 0.5263157894736842,
  "auc": 0.5207756232686981,
  "training_time_sec": 92.4445915222168,
  "epochs_completed": 170,
  "config": {
    "num_layers": 3,
    "lr": 0.05,
    "batch_size": 8,
    "opt_name": "adam",
    "img_size": 32
  }
}