{
  "accuracy": 0.578125,
  "precision": 0.5675675675675675,
  "recall": 0.65625,
  "f1_score": 0.6086956521739131,
  "auc": 0.65185546875,
  "best_train_loss": 0.6028576791286469,
  "training_time_sec": 78.69925332069397,
  "epochs_completed": 1000,
  "config": {
    "num_layers": 3,
    "lr": 0.1,
    "batch_size": 32,
    "opt_name": "adam",
    "img_size": 32
  }
}