{
  "accuracy": 0.4473684210526316,
  "precision": 0.45454545454545453,
  "recall": 0.5263157894736842,
  "f1_score": 0.4878048780487805,
  "auc": 0.4487534626038781,
  "training_time_sec": 381.36637139320374,
  "memory_usage_kb": 1947132,
  "data_loading_time_sec": 386.4160850048065,
  "num_qubits": 13,
  "num_samples_test": 38,
  "num_layers": 15
}