{
  "accuracy": 0.6052631578947368,
  "precision": 0.5769230769230769,
  "recall": 0.7894736842105263,
  "f1_score": 0.6666666666666666,
  "auc": 0.4930747922437673,
  "training_time_sec": 343.33303236961365,
  "epochs_completed": 138,
  "config": {
    "num_layers": 12,
    "lr": 0.02,
    "batch_size": 8,
    "opt_name": "adam",
    "img_size": 64
  },
  "lr_schedule": "cosine_decay"
}