{
  "accuracy": 0.7631578947368421,
  "precision": 1.0,
  "recall": 0.5263157894736842,
  "f1_score": 0.6896551724137931,
  "auc": 0.8310249307479224,
  "training_time_sec": 354.2980582714081,
  "epochs_completed": 904,
  "config": {
    "num_layers": 7,
    "lr": 0.001,
    "batch_size": 32,
    "opt_name": "adam",
    "img_size": 4
  }
}