{
  "accuracy": 0.5234375,
  "precision": 0.5217391304347826,
  "recall": 0.5625,
  "f1_score": 0.5413533834586466,
  "auc": 0.54541015625,
  "best_train_loss": 0.5841589346528053,
  "training_time_sec": 29.144054651260376,
  "epochs_completed": 1000,
  "config": {
    "num_layers": 3,
    "lr": 0.1,
    "batch_size": 64,
    "opt_name": "adam",
    "img_size": 8
  }
}