{
  "accuracy": 0.5194805194805194,
  "precision": 0.5189873417721519,
  "recall": 0.5324675324675324,
  "f1_score": 0.5256410256410257,
  "auc": 0.5402260077584753,
  "training_time_sec": 1794.432443857193,
  "epochs_completed": 282,
  "config": {
    "num_layers": 30,
    "lr": 0.01,
    "batch_size": 64,
    "opt_name": "adam",
    "img_size": 64
  }
}