{
  "accuracy": 0.5789473684210527,
  "precision": 0.5789473684210527,
  "recall": 0.5789473684210527,
  "f1_score": 0.5789473684210527,
  "auc": 0.5207756232686981,
  "training_time_sec": 69.00569748878479,
  "epochs_completed": 92,
  "config": {
    "num_layers": 3,
    "lr": 0.02,
    "batch_size": 64,
    "opt_name": "adam",
    "img_size": 64
  },
  "lr_schedule": "cosine_decay"
}