{
  "accuracy": 0.515625,
  "precision": 0.5166666666666667,
  "recall": 0.484375,
  "f1_score": 0.5,
  "auc": 0.504638671875,
  "best_train_loss": 0.5651029534637928,
  "training_time_sec": 331.4741382598877,
  "epochs_completed": 1000,
  "config": {
    "num_layers": 20,
    "lr": 0.1,
    "batch_size": 32,
    "opt_name": "adam",
    "img_size": 32
  }
}