{
  "accuracy": 0.4675324675324675,
  "precision": 0.4626865671641791,
  "recall": 0.4025974025974026,
  "f1_score": 0.4305555555555556,
  "auc": 0.5100354191263282,
  "training_time_sec": 193.78820157051086,
  "epochs_completed": 246,
  "config": {
    "num_layers": 3,
    "lr": 0.01,
    "batch_size": 16,
    "opt_name": "adam",
    "img_size": 64
  }
}