{
  "accuracy": 0.53125,
  "precision": 0.5303030303030303,
  "recall": 0.546875,
  "f1_score": 0.5384615384615384,
  "auc": 0.55859375,
  "best_train_loss": 0.6876062750816345,
  "training_time_sec": 351.91964960098267,
  "epochs_completed": 1000,
  "config": {
    "num_layers": 10,
    "lr": 0.001,
    "batch_size": 64,
    "opt_name": "adam",
    "img_size": 64
  }
}