{
  "accuracy": 0.5263157894736842,
  "precision": 0.5217391304347826,
  "recall": 0.631578947368421,
  "f1_score": 0.5714285714285714,
  "auc": 0.6094182825484764,
  "training_time_sec": 137.45705556869507,
  "epochs_completed": 107,
  "config": {
    "num_layers": 10,
    "lr": 0.02,
    "batch_size": 16,
    "opt_name": "adam",
    "img_size": 16
  },
  "lr_schedule": "cosine_decay"
}