{
  "accuracy": 0.3157894736842105,
  "precision": 0.3333333333333333,
  "recall": 0.3684210526315789,
  "f1_score": 0.35,
  "auc": 0.27977839335180055,
  "training_time_sec": 335.91777777671814,
  "epochs_completed": 236,
  "config": {
    "num_layers": 7,
    "lr": 0.05,
    "batch_size": 64,
    "opt_name": "adam",
    "img_size": 64
  }
}