{
  "accuracy": 0.2265625,
  "precision": 1.0,
  "recall": 0.453125,
  "f1_score": 0.6236559139784946,
  "auc": 0.453125,
  "best_train_loss": 0.6010307595133781,
  "training_time_sec": 3191.268798828125,
  "epochs_completed": 3000,
  "config": {
    "num_layers": 13,
    "lr": 0.05,
    "batch_size": 32,
    "opt_name": "adam",
    "img_size": 64
  }
}