epoch,loss
1,0.6931578300215981
2,0.6930960741910067
3,0.6929841095750983
4,0.6929005167701028
5,0.6928222125226801
6,0.6927380941130898
7,0.6926456093788147
8,0.6925720789215781
9,0.692396418614821
10,0.6921629255468195
11,0.692028284072876
12,0.6917826912619851
13,0.6915517286820845
14,0.6912911046635021
15,0.691031510179693
16,0.690788745880127
17,0.6905709396709095
18,0.6904884576797485
19,0.6899761015718634
20,0.6898830153725364
21,0.6897952556610107
22,0.6894362243739042
23,0.689006117257205
24,0.6889313567768444
25,0.6887861598621715
26,0.6883662884885614
27,0.6880971193313599
28,0.6878106973387978
29,0.6875097589059309
30,0.6874167106368325
31,0.6870784271847118
32,0.6870268962600015
33,0.686449175531214
34,0.6862536777149547
35,0.6866393089294434
36,0.6858008558099921
37,0.6857964613220908
38,0.6856945698911493
39,0.6852991526777094
40,0.6847676797346636
41,0.684675931930542
42,0.6842925277623263
43,0.6843947280536998
44,0.6838750351559032
45,0.6833599047227339
46,0.6834304170175032
47,0.6829962730407715
48,0.6827061122114008
49,0.6839248158714988
50,0.6823816461996599
51,0.681894221089103
52,0.6818167025392706
53,0.681584894657135
54,0.6810826550830494
55,0.6811043728481639
56,0.6811919537457553
57,0.6808122017166831
