{
  "accuracy": 0.47368421052631576,
  "precision": 0.47619047619047616,
  "recall": 0.5263157894736842,
  "f1_score": 0.5,
  "auc": 0.4155124653739612,
  "training_time_sec": 34.858893394470215,
  "epochs_completed": 57,
  "config": {
    "num_layers": 2,
    "lr": 0.02,
    "batch_size": 16,
    "opt_name": "adam",
    "img_size": 64
  }
}