{
  "accuracy": 0.538961038961039,
  "precision": 0.532608695652174,
  "recall": 0.6363636363636364,
  "f1_score": 0.5798816568047337,
  "auc": 0.5235284196323158,
  "training_time_sec": 114.09527134895325,
  "epochs_completed": 336,
  "config": {
    "num_layers": 1,
    "lr": 0.02,
    "batch_size": 16,
    "opt_name": "adam",
    "img_size": 64
  }
}