{
  "accuracy": 0.3203125,
  "precision": 1.0,
  "recall": 0.640625,
  "f1_score": 0.780952380952381,
  "auc": 0.6796875,
  "best_train_loss": 0.6429305523633957,
  "training_time_sec": 659.138468503952,
  "epochs_completed": 3000,
  "config": {
    "num_layers": 8,
    "lr": 0.05,
    "batch_size": 32,
    "opt_name": "adam",
    "img_size": 4
  }
}