{
  "accuracy": 0.875,
  "precision": 0.9615384615384616,
  "recall": 0.78125,
  "f1_score": 0.8620689655172413,
  "auc": 0.984619140625,
  "best_train_loss": 0.12173647060990334,
  "training_time_sec": 3139.974553823471,
  "epochs_completed": 5000,
  "config": {
    "num_layers": 18,
    "lr": 0.05,
    "batch_size": 32,
    "img_size": 64
  }
}