{
  "accuracy": 0.6052631578947368,
  "precision": 0.6428571428571429,
  "recall": 0.47368421052631576,
  "f1_score": 0.5454545454545454,
  "auc": 0.6481994459833795,
  "training_time_sec": 246.63805508613586,
  "epochs_completed": 139,
  "config": {
    "num_layers": 15,
    "lr": 0.1,
    "batch_size": 64,
    "opt_name": "adam",
    "img_size": 16
  },
  "lr_schedule": "cosine_decay"
}