{
  "accuracy": 0.4609375,
  "precision": 0.45454545454545453,
  "recall": 0.390625,
  "f1_score": 0.42016806722689076,
  "auc": 0.440673828125,
  "best_train_loss": 0.5167130753397942,
  "training_time_sec": 204.2859070301056,
  "epochs_completed": 1000,
  "config": {
    "num_layers": 15,
    "lr": 0.05,
    "batch_size": 16,
    "opt_name": "adam",
    "img_size": 8
  }
}