{
  "accuracy": 0.631578947368421,
  "precision": 0.7272727272727273,
  "recall": 0.42105263157894735,
  "f1_score": 0.5333333333333333,
  "auc": 0.6177285318559558,
  "training_time_sec": 1421.9031970500946,
  "epochs_completed": 848,
  "config": {
    "num_layers": 15,
    "lr": 0.1,
    "batch_size": 8,
    "opt_name": "sgd",
    "img_size": 16
  },
  "lr_schedule": "cosine_decay"
}