{
  "accuracy": 0.5263157894736842,
  "precision": 0.5294117647058824,
  "recall": 0.47368421052631576,
  "f1_score": 0.5,
  "auc": 0.46260387811634346,
  "training_time_sec": 36.056954860687256,
  "epochs_completed": 153,
  "config": {
    "num_layers": 1,
    "lr": 0.05,
    "batch_size": 16,
    "opt_name": "adam",
    "img_size": 32
  },
  "lr_schedule": "cosine_decay"
}