{
  "accuracy": 0.47368421052631576,
  "precision": 0.4782608695652174,
  "recall": 0.5789473684210527,
  "f1_score": 0.5238095238095238,
  "auc": 0.5318559556786704,
  "training_time_sec": 118.57025861740112,
  "epochs_completed": 141,
  "config": {
    "num_layers": 5,
    "lr": 0.05,
    "batch_size": 8,
    "opt_name": "adam",
    "img_size": 32
  }
}