{
  "accuracy": 0.5789473684210527,
  "precision": 0.56,
  "recall": 0.7368421052631579,
  "f1_score": 0.6363636363636364,
  "auc": 0.6066481994459834,
  "training_time_sec": 376.6082923412323,
  "epochs_completed": 166,
  "config": {
    "num_layers": 20,
    "lr": 0.1,
    "batch_size": 64,
    "opt_name": "adam",
    "img_size": 16
  },
  "lr_schedule": "cosine_decay"
}