{
  "accuracy": 0.4921875,
  "precision": 0.49122807017543857,
  "recall": 0.4375,
  "f1_score": 0.4628099173553719,
  "auc": 0.457275390625,
  "best_train_loss": 0.6701315268874168,
  "training_time_sec": 525.5117697715759,
  "epochs_completed": 1000,
  "config": {
    "num_layers": 7,
    "lr": 0.1,
    "batch_size": 64,
    "opt_name": "adam",
    "img_size": 128
  }
}