{
  "accuracy": 0.5234375,
  "precision": 0.5263157894736842,
  "recall": 0.46875,
  "f1_score": 0.49586776859504134,
  "auc": 0.523193359375,
  "best_train_loss": 0.6091264076530933,
  "training_time_sec": 40.76924538612366,
  "epochs_completed": 1000,
  "config": {
    "num_layers": 3,
    "lr": 0.1,
    "batch_size": 32,
    "opt_name": "adam",
    "img_size": 8
  }
}