{
  "accuracy": 0.890625,
  "precision": 0.8289473684210527,
  "recall": 0.984375,
  "f1_score": 0.9,
  "auc": 0.984375,
  "best_train_loss": 0.12571166036650538,
  "training_time_sec": 4939.633414983749,
  "epochs_completed": 10000,
  "config": {
    "num_layers": 4,
    "lr": 0.05,
    "batch_size": 32,
    "img_size": 64
  }
}