{
  "accuracy": 0.47368421052631576,
  "precision": 0.4782608695652174,
  "recall": 0.5789473684210527,
  "f1_score": 0.5238095238095238,
  "auc": 0.45429362880886426,
  "training_time_sec": 134.56615662574768,
  "epochs_completed": 120,
  "config": {
    "num_layers": 7,
    "lr": 0.05,
    "batch_size": 32,
    "opt_name": "adam",
    "img_size": 32
  },
  "lr_schedule": "cosine_decay"
}