{
  "accuracy": 0.7368421052631579,
  "precision": 0.8,
  "recall": 0.631578947368421,
  "f1_score": 0.7058823529411765,
  "auc": 0.7922437673130194,
  "training_time_sec": 46.856088638305664,
  "epochs_completed": 221,
  "config": {
    "num_layers": 3,
    "lr": 0.02,
    "batch_size": 16,
    "opt_name": "adam",
    "img_size": 4
  }
}