{
  "accuracy": 0.25,
  "precision": 1.0,
  "recall": 0.5,
  "f1_score": 0.6666666666666666,
  "auc": 0.5,
  "best_train_loss": 0.5002376455813646,
  "training_time_sec": 1115.1945612430573,
  "epochs_completed": 3000,
  "config": {
    "num_layers": 10,
    "lr": 0.05,
    "batch_size": 32,
    "opt_name": "adam",
    "img_size": 32
  }
}