{
  "accuracy": 0.5078125,
  "precision": 0.5076923076923077,
  "recall": 0.515625,
  "f1_score": 0.5116279069767442,
  "auc": 0.466552734375,
  "best_train_loss": 0.649183563888073,
  "training_time_sec": 405.0244631767273,
  "epochs_completed": 1000,
  "config": {
    "num_layers": 5,
    "lr": 0.05,
    "batch_size": 64,
    "opt_name": "adam",
    "img_size": 128
  }
}