{
  "accuracy": 0.5263157894736842,
  "precision": 0.5333333333333333,
  "recall": 0.42105263157894735,
  "f1_score": 0.47058823529411764,
  "auc": 0.5290858725761773,
  "training_time_sec": 862.8001625537872,
  "epochs_completed": 2185,
  "config": {
    "num_layers": 3,
    "lr": 0.1,
    "batch_size": 8,
    "opt_name": "sgd",
    "img_size": 16
  },
  "lr_schedule": "cosine_decay"
}