{
  "accuracy": 0.5,
  "precision": 0.5,
  "recall": 0.42105263157894735,
  "f1_score": 0.45714285714285713,
  "auc": 0.46260387811634346,
  "training_time_sec": 36.51786017417908,
  "epochs_completed": 153,
  "config": {
    "num_layers": 1,
    "lr": 0.05,
    "batch_size": 16,
    "opt_name": "adam",
    "img_size": 32
  }
}