{
  "accuracy": 0.5,
  "precision": 0.5,
  "recall": 0.5263157894736842,
  "f1_score": 0.5128205128205128,
  "auc": 0.47645429362880887,
  "training_time_sec": 129.96207928657532,
  "epochs_completed": 51,
  "config": {
    "num_layers": 10,
    "lr": 0.01,
    "batch_size": 16,
    "opt_name": "adam",
    "img_size": 64
  }
}