{
  "accuracy": 0.631578947368421,
  "precision": 0.6666666666666666,
  "recall": 0.5263157894736842,
  "f1_score": 0.5882352941176471,
  "auc": 0.6426592797783933,
  "training_time_sec": 138.14049577713013,
  "epochs_completed": 127,
  "config": {
    "num_layers": 5,
    "lr": 0.001,
    "batch_size": 16,
    "opt_name": "adam",
    "img_size": 64
  },
  "lr_schedule": "cosine_decay"
}