{
  "accuracy": 0.7368421052631579,
  "precision": 1.0,
  "recall": 0.47368421052631576,
  "f1_score": 0.6428571428571429,
  "auc": 0.7728531855955679,
  "training_time_sec": 940.446042060852,
  "epochs_completed": 2437,
  "config": {
    "num_layers": 7,
    "lr": 0.001,
    "batch_size": 64,
    "opt_name": "adam",
    "img_size": 4
  }
}