{
  "accuracy": 0.5078125,
  "precision": 0.5061728395061729,
  "recall": 0.640625,
  "f1_score": 0.5655172413793104,
  "auc": 0.505615234375,
  "best_train_loss": 0.6411701235920191,
  "training_time_sec": 273.88111996650696,
  "epochs_completed": 1000,
  "config": {
    "num_layers": 7,
    "lr": 0.01,
    "batch_size": 16,
    "opt_name": "adam",
    "img_size": 64
  }
}