{
  "accuracy": 0.921875,
  "precision": 0.9655172413793104,
  "recall": 0.875,
  "f1_score": 0.9180327868852459,
  "auc": 0.968505859375,
  "best_train_loss": 0.06609344901517034,
  "training_time_sec": 3187.267718076706,
  "epochs_completed": 10000,
  "config": {
    "num_layers": 6,
    "lr": 0.05,
    "batch_size": 32,
    "img_size": 32
  }
}