{
  "accuracy": 0.921875,
  "precision": 0.95,
  "recall": 0.890625,
  "f1_score": 0.9193548387096774,
  "auc": 0.954345703125,
  "best_train_loss": 0.0465979598229751,
  "training_time_sec": 2198.1641178131104,
  "epochs_completed": 10000,
  "config": {
    "num_layers": 8,
    "lr": 0.05,
    "batch_size": 32,
    "img_size": 16
  }
}