{
  "accuracy": 0.4473684210526316,
  "precision": 0.45,
  "recall": 0.47368421052631576,
  "f1_score": 0.46153846153846156,
  "auc": 0.5152354570637119,
  "training_time_sec": 425.62258100509644,
  "epochs_completed": 158,
  "config": {
    "num_layers": 20,
    "lr": 0.02,
    "batch_size": 16,
    "opt_name": "adam",
    "img_size": 16
  },
  "lr_schedule": "cosine_decay"
}