{
  "accuracy": 0.5324675324675324,
  "precision": 0.5352112676056338,
  "recall": 0.4935064935064935,
  "f1_score": 0.5135135135135135,
  "auc": 0.5694046213526732,
  "training_time_sec": 132.75569081306458,
  "epochs_completed": 151,
  "config": {
    "num_layers": 3,
    "lr": 0.05,
    "batch_size": 8,
    "opt_name": "adam",
    "img_size": 64
  }
}