{
  "accuracy": 0.8421052631578947,
  "precision": 0.8823529411764706,
  "recall": 0.7894736842105263,
  "f1_score": 0.8333333333333334,
  "auc": 0.8836565096952907,
  "training_time_sec": 225.41104865074158,
  "epochs_completed": 263,
  "config": {
    "num_layers": 7,
    "lr": 0.02,
    "batch_size": 8,
    "opt_name": "adam",
    "img_size": 16
  },
  "lr_schedule": "cosine_decay"
}