{
  "accuracy": 0.7631578947368421,
  "precision": 0.8571428571428571,
  "recall": 0.631578947368421,
  "f1_score": 0.7272727272727273,
  "auc": 0.8227146814404432,
  "training_time_sec": 84382.41049289703,
  "memory_usage_kb": 950624,
  "data_loading_time_sec": 84410.72476053238,
  "num_qubits": 5,
  "num_samples_test": 38,
  "num_layers": 3
}