{
  "accuracy": 0.5,
  "precision": 0.5,
  "recall": 0.515625,
  "f1_score": 0.5076923076923077,
  "auc": 0.47509765625,
  "best_train_loss": 0.6318694241344929,
  "training_time_sec": 298.42448329925537,
  "epochs_completed": 1000,
  "config": {
    "num_layers": 7,
    "lr": 0.05,
    "batch_size": 16,
    "opt_name": "adam",
    "img_size": 64
  }
}