{
  "accuracy": 0.525974025974026,
  "precision": 0.5256410256410257,
  "recall": 0.5324675324675324,
  "f1_score": 0.5290322580645161,
  "auc": 0.5427559453533479,
  "training_time_sec": 238.52481842041016,
  "epochs_completed": 128,
  "config": {
    "num_layers": 7,
    "lr": 0.001,
    "batch_size": 64,
    "opt_name": "adam",
    "img_size": 64
  }
}