{
  "accuracy": 0.5390625,
  "precision": 0.5373134328358209,
  "recall": 0.5625,
  "f1_score": 0.549618320610687,
  "auc": 0.5185546875,
  "best_train_loss": 0.6832977086305618,
  "training_time_sec": 144.2210865020752,
  "epochs_completed": 1000,
  "config": {
    "num_layers": 15,
    "lr": 0.001,
    "batch_size": 64,
    "opt_name": "adam",
    "img_size": 32
  }
}