{
  "accuracy": 0.5263157894736842,
  "precision": 0.5217391304347826,
  "recall": 0.631578947368421,
  "f1_score": 0.5714285714285714,
  "auc": 0.6121883656509695,
  "training_time_sec": 976.2860097885132,
  "epochs_completed": 254,
  "config": {
    "num_layers": 20,
    "lr": 0.01,
    "batch_size": 8,
    "opt_name": "adam",
    "img_size": 64
  },
  "lr_schedule": "cosine_decay"
}