{
  "accuracy": 0.578125,
  "precision": 0.5833333333333334,
  "recall": 0.546875,
  "f1_score": 0.5645161290322581,
  "auc": 0.589111328125,
  "best_train_loss": 0.5084321927279234,
  "training_time_sec": 653.3493559360504,
  "epochs_completed": 5000,
  "config": {
    "num_layers": 19,
    "lr": 0.05,
    "batch_size": 32,
    "opt_name": "adam",
    "img_size": 32
  }
}