{
  "accuracy": 0.5390625,
  "precision": 0.5384615384615384,
  "recall": 0.546875,
  "f1_score": 0.5426356589147286,
  "auc": 0.543212890625,
  "best_train_loss": 0.5386600606143475,
  "training_time_sec": 290.71911430358887,
  "epochs_completed": 1000,
  "config": {
    "num_layers": 20,
    "lr": 0.05,
    "batch_size": 32,
    "opt_name": "adam",
    "img_size": 32
  }
}