{
  "accuracy": 0.4765625,
  "precision": 0.48148148148148145,
  "recall": 0.609375,
  "f1_score": 0.5379310344827586,
  "auc": 0.485107421875,
  "best_train_loss": 0.617681659758091,
  "training_time_sec": 208.78496742248535,
  "epochs_completed": 1000,
  "config": {
    "num_layers": 7,
    "lr": 0.1,
    "batch_size": 64,
    "opt_name": "adam",
    "img_size": 64
  }
}