{
  "accuracy": 0.45454545454545453,
  "precision": 0.45454545454545453,
  "recall": 0.45454545454545453,
  "f1_score": 0.45454545454545453,
  "auc": 0.46247259234272226,
  "training_time_sec": 241.34064316749573,
  "epochs_completed": 51,
  "config": {
    "num_layers": 15,
    "lr": 0.001,
    "batch_size": 8,
    "opt_name": "sgd",
    "img_size": 64
  }
}