{
  "accuracy": 0.45454545454545453,
  "precision": 0.4606741573033708,
  "recall": 0.5324675324675324,
  "f1_score": 0.4939759036144578,
  "auc": 0.45791870467195145,
  "training_time_sec": 87.16745710372925,
  "epochs_completed": 147,
  "config": {
    "num_layers": 2,
    "lr": 0.05,
    "batch_size": 16,
    "opt_name": "adam",
    "img_size": 64
  }
}