{
  "accuracy": 0.39473684210526316,
  "precision": 0.4230769230769231,
  "recall": 0.5789473684210527,
  "f1_score": 0.4888888888888889,
  "auc": 0.4542936288088643,
  "training_time_sec": 183.07449746131897,
  "epochs_completed": 167,
  "config": {
    "num_layers": 7,
    "lr": 0.05,
    "batch_size": 16,
    "opt_name": "adam",
    "img_size": 32
  }
}