{
  "accuracy": 0.5194805194805194,
  "precision": 0.5189873417721519,
  "recall": 0.5324675324675324,
  "f1_score": 0.5256410256410257,
  "auc": 0.5176252319109462,
  "training_time_sec": 168.3546531200409,
  "epochs_completed": 51,
  "config": {
    "num_layers": 12,
    "lr": 0.05,
    "batch_size": 32,
    "opt_name": "sgd",
    "img_size": 64
  }
}