{
  "accuracy": 0.5263157894736842,
  "precision": 0.5263157894736842,
  "recall": 0.5263157894736842,
  "f1_score": 0.5263157894736842,
  "auc": 0.4958448753462604,
  "training_time_sec": 822.3181035518646,
  "epochs_completed": 126,
  "config": {
    "num_layers": 30,
    "lr": 0.05,
    "batch_size": 16,
    "opt_name": "adam",
    "img_size": 64
  }
}