{
  "accuracy": 0.5234375,
  "precision": 0.5230769230769231,
  "recall": 0.53125,
  "f1_score": 0.5271317829457365,
  "auc": 0.522705078125,
  "best_train_loss": 0.6598937660455704,
  "training_time_sec": 1116.1284775733948,
  "epochs_completed": 1000,
  "config": {
    "num_layers": 15,
    "lr": 0.05,
    "batch_size": 32,
    "opt_name": "adam",
    "img_size": 128
  }
}