{
  "accuracy": 0.631578947368421,
  "precision": 0.6,
  "recall": 0.7894736842105263,
  "f1_score": 0.6818181818181818,
  "auc": 0.7590027700831025,
  "training_time_sec": 836.676525592804,
  "epochs_completed": 181,
  "config": {
    "num_layers": 30,
    "lr": 0.05,
    "batch_size": 32,
    "opt_name": "adam",
    "img_size": 32
  },
  "lr_schedule": "cosine_decay"
}