{
  "accuracy": 0.7105263157894737,
  "precision": 0.8333333333333334,
  "recall": 0.5263157894736842,
  "f1_score": 0.6451612903225806,
  "auc": 0.8254847645429362,
  "training_time_sec": 1682.8304569721222,
  "epochs_completed": 2173,
  "config": {
    "num_layers": 7,
    "lr": 0.001,
    "batch_size": 32,
    "opt_name": "adam",
    "img_size": 16
  },
  "lr_schedule": "cosine_decay"
}