{
  "accuracy": 0.5324675324675324,
  "precision": 0.5342465753424658,
  "recall": 0.5064935064935064,
  "f1_score": 0.52,
  "auc": 0.5452858829482206,
  "training_time_sec": 1702.0884301662445,
  "epochs_completed": 267,
  "config": {
    "num_layers": 30,
    "lr": 0.02,
    "batch_size": 64,
    "opt_name": "adam",
    "img_size": 64
  }
}