{
  "accuracy": 0.9921875,
  "precision": 1.0,
  "recall": 0.984375,
  "f1_score": 0.9921259842519685,
  "auc": 0.99755859375,
  "best_train_loss": 0.11243032081983984,
  "training_time_sec": 9406.778631925583,
  "epochs_completed": 10000,
  "config": {
    "num_layers": 6,
    "lr": 0.05,
    "batch_size": 32,
    "img_size": 128
  }
}