{
  "accuracy": 0.47368421052631576,
  "precision": 0.46153846153846156,
  "recall": 0.3157894736842105,
  "f1_score": 0.375,
  "auc": 0.5152354570637119,
  "training_time_sec": 648.171199798584,
  "epochs_completed": 302,
  "config": {
    "num_layers": 15,
    "lr": 0.02,
    "batch_size": 32,
    "opt_name": "adam",
    "img_size": 32
  }
}