{
  "accuracy": 0.5526315789473685,
  "precision": 0.5454545454545454,
  "recall": 0.631578947368421,
  "f1_score": 0.5853658536585366,
  "auc": 0.5817174515235457,
  "training_time_sec": 662.8930969238281,
  "epochs_completed": 221,
  "config": {
    "num_layers": 15,
    "lr": 0.05,
    "batch_size": 32,
    "opt_name": "adam",
    "img_size": 64
  },
  "lr_schedule": "cosine_decay"
}