{
  "accuracy": 0.47368421052631576,
  "precision": 0.47619047619047616,
  "recall": 0.5263157894736842,
  "f1_score": 0.5,
  "auc": 0.5429362880886427,
  "training_time_sec": 228.49474596977234,
  "epochs_completed": 145,
  "config": {
    "num_layers": 10,
    "lr": 0.01,
    "batch_size": 8,
    "opt_name": "adam",
    "img_size": 32
  },
  "lr_schedule": "cosine_decay"
}