{
  "accuracy": 0.8671875,
  "precision": 0.9272727272727272,
  "recall": 0.796875,
  "f1_score": 0.8571428571428571,
  "auc": 0.919677734375,
  "best_train_loss": 0.0034392593515804037,
  "training_time_sec": 2223.1455080509186,
  "epochs_completed": 5000,
  "config": {
    "num_layers": 19,
    "lr": 0.05,
    "batch_size": 32,
    "img_size": 16
  }
}