{
  "accuracy": 0.4473684210526316,
  "precision": 0.45454545454545453,
  "recall": 0.5263157894736842,
  "f1_score": 0.4878048780487805,
  "auc": 0.4709141274238227,
  "training_time_sec": 204.7116847038269,
  "epochs_completed": 84,
  "config": {
    "num_layers": 15,
    "lr": 0.001,
    "batch_size": 32,
    "opt_name": "adam",
    "img_size": 32
  }
}