{
  "accuracy": 0.47368421052631576,
  "precision": 0.48,
  "recall": 0.631578947368421,
  "f1_score": 0.5454545454545454,
  "auc": 0.3905817174515236,
  "training_time_sec": 529.6270751953125,
  "epochs_completed": 171,
  "config": {
    "num_layers": 15,
    "lr": 0.01,
    "batch_size": 16,
    "opt_name": "adam",
    "img_size": 64
  },
  "lr_schedule": "cosine_decay"
}