{
  "accuracy": 0.8984375,
  "precision": 0.9811320754716981,
  "recall": 0.8125,
  "f1_score": 0.8888888888888888,
  "auc": 0.950927734375,
  "best_train_loss": 0.1553118648007512,
  "training_time_sec": 972.9961018562317,
  "epochs_completed": 10000,
  "config": {
    "num_layers": 2,
    "lr": 0.05,
    "batch_size": 32,
    "img_size": 32
  }
}