{
  "accuracy": 0.875,
  "precision": 0.9444444444444444,
  "recall": 0.796875,
  "f1_score": 0.864406779661017,
  "auc": 0.93115234375,
  "best_train_loss": 0.005742876426666044,
  "training_time_sec": 736.0972373485565,
  "epochs_completed": 5000,
  "config": {
    "num_layers": 16,
    "lr": 0.05,
    "batch_size": 32,
    "img_size": 16
  }
}