{
  "accuracy": 0.4473684210526316,
  "precision": 0.4166666666666667,
  "recall": 0.2631578947368421,
  "f1_score": 0.3225806451612903,
  "auc": 0.5041551246537396,
  "training_time_sec": 121.15155673027039,
  "epochs_completed": 180,
  "config": {
    "num_layers": 3,
    "lr": 0.05,
    "batch_size": 32,
    "opt_name": "adam",
    "img_size": 64
  },
  "lr_schedule": "cosine_decay"
}