{
  "accuracy": 0.5789473684210527,
  "precision": 0.5714285714285714,
  "recall": 0.631578947368421,
  "f1_score": 0.6,
  "auc": 0.6204986149584488,
  "training_time_sec": 178.2614550590515,
  "epochs_completed": 91,
  "config": {
    "num_layers": 12,
    "lr": 0.001,
    "batch_size": 32,
    "opt_name": "adam",
    "img_size": 32
  },
  "lr_schedule": "cosine_decay"
}