{
  "accuracy": 0.7631578947368421,
  "precision": 0.7777777777777778,
  "recall": 0.7368421052631579,
  "f1_score": 0.7567567567567568,
  "auc": 0.8310249307479224,
  "training_time_sec": 328.8911051750183,
  "epochs_completed": 181,
  "config": {
    "num_layers": 15,
    "lr": 0.02,
    "batch_size": 8,
    "opt_name": "adam",
    "img_size": 16
  },
  "lr_schedule": "cosine_decay"
}