{
  "accuracy": 0.46875,
  "precision": 0.47058823529411764,
  "recall": 0.5,
  "f1_score": 0.48484848484848486,
  "auc": 0.460205078125,
  "best_train_loss": 0.6693212985992432,
  "training_time_sec": 97.5876989364624,
  "epochs_completed": 1000,
  "config": {
    "num_layers": 3,
    "lr": 0.01,
    "batch_size": 64,
    "opt_name": "adam",
    "img_size": 64
  }
}