{
  "accuracy": 0.5324675324675324,
  "precision": 0.5396825396825397,
  "recall": 0.44155844155844154,
  "f1_score": 0.4857142857142857,
  "auc": 0.5395513577331759,
  "training_time_sec": 631.6249868869781,
  "epochs_completed": 187,
  "config": {
    "num_layers": 15,
    "lr": 0.05,
    "batch_size": 32,
    "opt_name": "adam",
    "img_size": 64
  }
}