{
  "accuracy": 0.90625,
  "precision": 0.9814814814814815,
  "recall": 0.828125,
  "f1_score": 0.8983050847457628,
  "auc": 0.9462890625,
  "best_train_loss": 0.008628367999335751,
  "training_time_sec": 18489.92189669609,
  "epochs_completed": 10000,
  "config": {
    "num_layers": 19,
    "lr": 0.05,
    "batch_size": 32,
    "img_size": 128
  }
}