{
  "accuracy": 0.453125,
  "precision": 0.45714285714285713,
  "recall": 0.5,
  "f1_score": 0.47761194029850745,
  "auc": 0.43115234375,
  "best_train_loss": 0.5617118179798126,
  "training_time_sec": 16773.822174310684,
  "epochs_completed": 5000,
  "config": {
    "num_layers": 19,
    "lr": 0.05,
    "batch_size": 32,
    "opt_name": "adam",
    "img_size": 128
  }
}