{
  "accuracy": 0.6578947368421053,
  "precision": 0.75,
  "recall": 0.47368421052631576,
  "f1_score": 0.5806451612903226,
  "auc": 0.6842105263157894,
  "training_time_sec": 127.79382634162903,
  "epochs_completed": 51,
  "config": {
    "num_layers": 12,
    "lr": 0.001,
    "batch_size": 16,
    "opt_name": "sgd",
    "img_size": 32
  },
  "lr_schedule": "cosine_decay"
}