{
  "accuracy": 0.53125,
  "precision": 0.5333333333333333,
  "recall": 0.5,
  "f1_score": 0.5161290322580645,
  "auc": 0.489013671875,
  "best_train_loss": 0.576008640229702,
  "training_time_sec": 184.62912154197693,
  "epochs_completed": 1000,
  "config": {
    "num_layers": 15,
    "lr": 0.1,
    "batch_size": 64,
    "opt_name": "adam",
    "img_size": 32
  }
}