{
  "accuracy": 0.7578125,
  "precision": 0.8,
  "recall": 0.6875,
  "f1_score": 0.7394957983193278,
  "auc": 0.747802734375,
  "best_train_loss": 0.5647511631250381,
  "training_time_sec": 66.2729480266571,
  "epochs_completed": 1000,
  "config": {
    "num_layers": 20,
    "lr": 0.1,
    "batch_size": 64,
    "opt_name": "adam",
    "img_size": 4
  }
}