{
  "accuracy": 0.5263157894736842,
  "precision": 0.5217391304347826,
  "recall": 0.631578947368421,
  "f1_score": 0.5714285714285714,
  "auc": 0.4542936288088643,
  "training_time_sec": 671.5240836143494,
  "epochs_completed": 107,
  "config": {
    "num_layers": 30,
    "lr": 0.05,
    "batch_size": 32,
    "opt_name": "adam",
    "img_size": 64
  },
  "lr_schedule": "cosine_decay"
}