{
  "accuracy": 0.42105263157894735,
  "precision": 0.42105263157894735,
  "recall": 0.42105263157894735,
  "f1_score": 0.42105263157894735,
  "auc": 0.445983379501385,
  "training_time_sec": 56.33676290512085,
  "epochs_completed": 73,
  "config": {
    "num_layers": 5,
    "lr": 0.05,
    "batch_size": 16,
    "opt_name": "adam",
    "img_size": 16
  },
  "lr_schedule": "cosine_decay"
}