{
  "accuracy": 0.546875,
  "precision": 0.5483870967741935,
  "recall": 0.53125,
  "f1_score": 0.5396825396825397,
  "auc": 0.536376953125,
  "best_train_loss": 0.6858709678053856,
  "training_time_sec": 402.3892242908478,
  "epochs_completed": 1000,
  "config": {
    "num_layers": 20,
    "lr": 0.001,
    "batch_size": 64,
    "opt_name": "adam",
    "img_size": 64
  }
}