{
  "accuracy": 0.487012987012987,
  "precision": 0.4852941176470588,
  "recall": 0.42857142857142855,
  "f1_score": 0.45517241379310347,
  "auc": 0.5036262438859842,
  "training_time_sec": 129.36796522140503,
  "epochs_completed": 171,
  "config": {
    "num_layers": 3,
    "lr": 0.02,
    "batch_size": 64,
    "opt_name": "adam",
    "img_size": 64
  }
}