{
  "accuracy": 0.921875,
  "precision": 0.9821428571428571,
  "recall": 0.859375,
  "f1_score": 0.9166666666666666,
  "auc": 0.940185546875,
  "best_train_loss": 0.009875119343632832,
  "training_time_sec": 13787.887818574905,
  "epochs_completed": 10000,
  "config": {
    "num_layers": 14,
    "lr": 0.05,
    "batch_size": 32,
    "img_size": 128
  }
}