{
  "accuracy": 0.484375,
  "precision": 0.48484848484848486,
  "recall": 0.5,
  "f1_score": 0.49230769230769234,
  "auc": 0.468505859375,
  "best_train_loss": 0.6560388524085283,
  "training_time_sec": 920.873973608017,
  "epochs_completed": 1000,
  "config": {
    "num_layers": 10,
    "lr": 0.01,
    "batch_size": 16,
    "opt_name": "adam",
    "img_size": 128
  }
}