{
  "accuracy": 0.5,
  "precision": 0.5,
  "recall": 0.5064935064935064,
  "f1_score": 0.5032258064516129,
  "auc": 0.49080789340529596,
  "training_time_sec": 180.65595245361328,
  "epochs_completed": 51,
  "config": {
    "num_layers": 12,
    "lr": 0.001,
    "batch_size": 8,
    "opt_name": "adam",
    "img_size": 64
  }
}