{
  "accuracy": 0.5625,
  "precision": 0.5571428571428572,
  "recall": 0.609375,
  "f1_score": 0.582089552238806,
  "auc": 0.62255859375,
  "best_train_loss": 0.5687099024653435,
  "training_time_sec": 135.3860468864441,
  "epochs_completed": 1000,
  "config": {
    "num_layers": 10,
    "lr": 0.05,
    "batch_size": 64,
    "opt_name": "adam",
    "img_size": 32
  }
}