{
  "accuracy": 0.8157894736842105,
  "precision": 0.875,
  "recall": 0.7368421052631579,
  "f1_score": 0.8,
  "auc": 0.85595567867036,
  "training_time_sec": 9049.965996980667,
  "epochs_completed": 5716,
  "config": {
    "num_layers": 30,
    "lr": 0.001,
    "batch_size": 8,
    "opt_name": "sgd",
    "img_size": 4
  }
}