{
  "accuracy": 0.7109375,
  "precision": 0.7755102040816326,
  "recall": 0.59375,
  "f1_score": 0.672566371681416,
  "auc": 0.6826171875,
  "best_train_loss": 0.610413022339344,
  "training_time_sec": 20.25261664390564,
  "epochs_completed": 1000,
  "config": {
    "num_layers": 3,
    "lr": 0.001,
    "batch_size": 64,
    "opt_name": "adam",
    "img_size": 4
  }
}