{
  "accuracy": 0.474025974025974,
  "precision": 0.4722222222222222,
  "recall": 0.44155844155844154,
  "f1_score": 0.4563758389261745,
  "auc": 0.4668578175071681,
  "training_time_sec": 47.970789194107056,
  "epochs_completed": 51,
  "config": {
    "num_layers": 3,
    "lr": 0.001,
    "batch_size": 32,
    "opt_name": "adam",
    "img_size": 64
  }
}