{
  "accuracy": 0.6484375,
  "precision": 0.6666666666666666,
  "recall": 0.59375,
  "f1_score": 0.628099173553719,
  "auc": 0.64501953125,
  "best_train_loss": 0.604749009013176,
  "training_time_sec": 63.19645094871521,
  "epochs_completed": 1000,
  "config": {
    "num_layers": 15,
    "lr": 0.05,
    "batch_size": 64,
    "opt_name": "adam",
    "img_size": 4
  }
}