{
  "accuracy": 0.734375,
  "precision": 0.7777777777777778,
  "recall": 0.65625,
  "f1_score": 0.711864406779661,
  "auc": 0.7470703125,
  "best_train_loss": 0.5795725211501122,
  "training_time_sec": 23.891950845718384,
  "epochs_completed": 1000,
  "config": {
    "num_layers": 3,
    "lr": 0.01,
    "batch_size": 64,
    "opt_name": "adam",
    "img_size": 4
  }
}