{
  "accuracy": 0.4140625,
  "precision": 1.0,
  "recall": 0.828125,
  "f1_score": 0.905982905982906,
  "auc": 0.828125,
  "best_train_loss": 0.5032344609498978,
  "training_time_sec": 646.6028561592102,
  "epochs_completed": 3000,
  "config": {
    "num_layers": 2,
    "lr": 0.05,
    "batch_size": 32,
    "opt_name": "adam",
    "img_size": 32
  }
}