{
  "accuracy": 0.4473684210526316,
  "precision": 0.42857142857142855,
  "recall": 0.3157894736842105,
  "f1_score": 0.36363636363636365,
  "auc": 0.4570637119113573,
  "training_time_sec": 1259.7690026760101,
  "epochs_completed": 934,
  "config": {
    "num_layers": 12,
    "lr": 0.01,
    "batch_size": 8,
    "opt_name": "sgd",
    "img_size": 16
  },
  "lr_schedule": "cosine_decay"
}