{
  "accuracy": 0.609375,
  "precision": 0.6166666666666667,
  "recall": 0.578125,
  "f1_score": 0.5967741935483871,
  "auc": 0.610107421875,
  "best_train_loss": 0.5830600000917912,
  "training_time_sec": 603.5876955986023,
  "epochs_completed": 5000,
  "config": {
    "num_layers": 14,
    "lr": 0.05,
    "batch_size": 32,
    "opt_name": "adam",
    "img_size": 4
  }
}