epoch,loss
1,0.6931607325871786
2,0.6931501626968384
3,0.6931580106417338
4,0.6931507190068563
5,0.6931572556495667
6,0.6931484738985697
7,0.6931468844413757
8,0.6931433280309042
9,0.6931411425272623
10,0.6931358575820923
11,0.6931439836819967
12,0.6931357383728027
13,0.693137009938558
14,0.6931361754735311
15,0.6931259036064148
16,0.6931187907854716
17,0.693122128645579
18,0.6931236386299133
19,0.6931195855140686
20,0.6931227048238119
21,0.693112850189209
22,0.6931366523106893
23,0.6931143005688986
24,0.6931138634681702
25,0.6931095321973165
26,0.693109412988027
27,0.6931088368097941
28,0.6931070486704508
29,0.6930991609891256
30,0.6931001543998718
31,0.6930901010831197
32,0.6931026379267374
33,0.693089226881663
34,0.6930965781211853
35,0.693081259727478
36,0.6930816173553467
37,0.6930853128433228
38,0.6930758555730184
39,0.6930847565333048
40,0.6930748820304871
41,0.693073570728302
42,0.6930691798528036
43,0.6930803259213766
44,0.6930747032165527
45,0.6930641333262125
46,0.6930539409319559
47,0.6930556694666544
48,0.6930473645528158
49,0.6930486957232157
50,0.6930515368779501
51,0.6930607557296753
