{
  "accuracy": 0.5625,
  "precision": 0.5869565217391305,
  "recall": 0.421875,
  "f1_score": 0.4909090909090909,
  "auc": 0.48828125,
  "best_train_loss": 0.43401710502803326,
  "training_time_sec": 651.9100272655487,
  "epochs_completed": 5000,
  "config": {
    "num_layers": 13,
    "lr": 0.05,
    "batch_size": 32,
    "opt_name": "adam",
    "img_size": 8
  }
}