{
  "accuracy": 0.4805194805194805,
  "precision": 0.4745762711864407,
  "recall": 0.36363636363636365,
  "f1_score": 0.4117647058823529,
  "auc": 0.48102546803845503,
  "training_time_sec": 331.051632642746,
  "epochs_completed": 105,
  "config": {
    "num_layers": 12,
    "lr": 0.01,
    "batch_size": 8,
    "opt_name": "adam",
    "img_size": 64
  }
}