{
  "accuracy": 0.4935064935064935,
  "precision": 0.4897959183673469,
  "recall": 0.3116883116883117,
  "f1_score": 0.38095238095238093,
  "auc": 0.5424186203406982,
  "training_time_sec": 171.12739515304565,
  "epochs_completed": 126,
  "config": {
    "num_layers": 5,
    "lr": 0.02,
    "batch_size": 64,
    "opt_name": "adam",
    "img_size": 64
  }
}