{
  "accuracy": 0.6153846153846154,
  "precision": 0.7872340425531915,
  "recall": 0.6491228070175439,
  "f1_score": 0.7115384615384616,
  "auc": 0.6056808688387635,
  "best_train_loss": 0.5495476971069971,
  "training_time_sec": 460.7377953529358,
  "epochs_completed": 1000,
  "config": {
    "num_layers": 15,
    "lr": 0.05,
    "batch_size": 32,
    "opt_name": "adam",
    "img_size": 64
  }
}