{
  "accuracy": 0.8947368421052632,
  "precision": 1.0,
  "recall": 0.7894736842105263,
  "f1_score": 0.8823529411764706,
  "auc": 0.8642659279778393,
  "training_time_sec": 102.08862543106079,
  "epochs_completed": 309,
  "config": {
    "num_layers": 5,
    "lr": 0.02,
    "batch_size": 8,
    "opt_name": "adam",
    "img_size": 4
  }
}