{
  "accuracy": 0.6578947368421053,
  "precision": 0.6875,
  "recall": 0.5789473684210527,
  "f1_score": 0.6285714285714286,
  "auc": 0.6343490304709142,
  "training_time_sec": 321.4673578739166,
  "epochs_completed": 324,
  "config": {
    "num_layers": 5,
    "lr": 0.01,
    "batch_size": 64,
    "opt_name": "adam",
    "img_size": 64
  },
  "lr_schedule": "cosine_decay"
}