{
  "accuracy": 0.7734375,
  "precision": 0.8181818181818182,
  "recall": 0.703125,
  "f1_score": 0.7563025210084033,
  "auc": 0.79345703125,
  "best_train_loss": 0.28526645712554455,
  "training_time_sec": 984.6542873382568,
  "epochs_completed": 5000,
  "config": {
    "num_layers": 17,
    "lr": 0.05,
    "batch_size": 32,
    "opt_name": "adam",
    "img_size": 8
  }
}