{
  "accuracy": 0.7368421052631579,
  "precision": 0.8,
  "recall": 0.631578947368421,
  "f1_score": 0.7058823529411765,
  "auc": 0.7229916897506924,
  "training_time_sec": 94.43490552902222,
  "epochs_completed": 122,
  "config": {
    "num_layers": 12,
    "lr": 0.02,
    "batch_size": 8,
    "opt_name": "adam",
    "img_size": 4
  }
}