{
  "accuracy": 0.8421052631578947,
  "precision": 0.9333333333333333,
  "recall": 0.7368421052631579,
  "f1_score": 0.8235294117647058,
  "auc": 0.8254847645429363,
  "training_time_sec": 924.483720779419,
  "epochs_completed": 9703,
  "config": {
    "num_layers": 1,
    "lr": 0.01,
    "batch_size": 16,
    "opt_name": "sgd",
    "img_size": 4
  }
}