{
  "accuracy": 0.4921875,
  "precision": 0.49122807017543857,
  "recall": 0.4375,
  "f1_score": 0.4628099173553719,
  "auc": 0.457275390625,
  "best_train_loss": 0.5449474528431892,
  "training_time_sec": 1049.0049331188202,
  "epochs_completed": 5000,
  "config": {
    "num_layers": 18,
    "lr": 0.05,
    "batch_size": 32,
    "opt_name": "adam",
    "img_size": 16
  }
}