{
  "accuracy": 0.5263157894736842,
  "precision": 0.5294117647058824,
  "recall": 0.47368421052631576,
  "f1_score": 0.5,
  "auc": 0.4515235457063712,
  "training_time_sec": 34.01830554008484,
  "epochs_completed": 106,
  "config": {
    "num_layers": 1,
    "lr": 0.1,
    "batch_size": 8,
    "opt_name": "adam",
    "img_size": 64
  },
  "lr_schedule": "cosine_decay"
}