{
  "accuracy": 0.39473684210526316,
  "precision": 0.35714285714285715,
  "recall": 0.2631578947368421,
  "f1_score": 0.30303030303030304,
  "auc": 0.39889196675900274,
  "training_time_sec": 25.87808895111084,
  "epochs_completed": 51,
  "config": {
    "num_layers": 3,
    "lr": 0.01,
    "batch_size": 64,
    "opt_name": "sgd",
    "img_size": 16
  },
  "lr_schedule": "cosine_decay"
}