{
  "accuracy": 0.4473684210526316,
  "precision": 0.45454545454545453,
  "recall": 0.5263157894736842,
  "f1_score": 0.4878048780487805,
  "auc": 0.42382271468144045,
  "training_time_sec": 147.0150420665741,
  "epochs_completed": 542,
  "config": {
    "num_layers": 2,
    "lr": 0.02,
    "batch_size": 64,
    "opt_name": "adam",
    "img_size": 16
  },
  "lr_schedule": "cosine_decay"
}