{
  "accuracy": 0.5,
  "precision": 0.5,
  "recall": 0.3684210526315789,
  "f1_score": 0.42424242424242425,
  "auc": 0.47368421052631576,
  "training_time_sec": 372.42538022994995,
  "epochs_completed": 109,
  "config": {
    "num_layers": 20,
    "lr": 0.1,
    "batch_size": 32,
    "opt_name": "adam",
    "img_size": 32
  },
  "lr_schedule": "cosine_decay"
}