{
  "accuracy": 0.6052631578947368,
  "precision": 0.6111111111111112,
  "recall": 0.5789473684210527,
  "f1_score": 0.5945945945945946,
  "auc": 0.5263157894736843,
  "training_time_sec": 346.7234089374542,
  "epochs_completed": 143,
  "config": {
    "num_layers": 12,
    "lr": 0.1,
    "batch_size": 32,
    "opt_name": "adam",
    "img_size": 64
  },
  "lr_schedule": "cosine_decay"
}