{
  "accuracy": 0.578125,
  "precision": 0.578125,
  "recall": 0.578125,
  "f1_score": 0.578125,
  "auc": 0.572509765625,
  "best_train_loss": 0.6194071173667908,
  "training_time_sec": 303.4681429862976,
  "epochs_completed": 1000,
  "config": {
    "num_layers": 15,
    "lr": 0.1,
    "batch_size": 64,
    "opt_name": "adam",
    "img_size": 64
  }
}