{
  "accuracy": 0.4609375,
  "precision": 0.463768115942029,
  "recall": 0.5,
  "f1_score": 0.48120300751879697,
  "auc": 0.490478515625,
  "best_train_loss": 0.6043820455670357,
  "training_time_sec": 785.0034189224243,
  "epochs_completed": 5000,
  "config": {
    "num_layers": 2,
    "lr": 0.05,
    "batch_size": 32,
    "opt_name": "adam",
    "img_size": 64
  }
}