{
  "accuracy": 0.8828125,
  "precision": 0.9803921568627451,
  "recall": 0.78125,
  "f1_score": 0.8695652173913043,
  "auc": 0.9541015625,
  "best_train_loss": 0.28284976445138454,
  "training_time_sec": 329.26528906822205,
  "epochs_completed": 5000,
  "config": {
    "num_layers": 1,
    "lr": 0.05,
    "batch_size": 32,
    "img_size": 64
  }
}