{
  "accuracy": 0.3684210526315789,
  "precision": 0.35294117647058826,
  "recall": 0.3157894736842105,
  "f1_score": 0.3333333333333333,
  "auc": 0.41274238227146814,
  "training_time_sec": 24.331268310546875,
  "epochs_completed": 51,
  "config": {
    "num_layers": 2,
    "lr": 0.02,
    "batch_size": 32,
    "opt_name": "adam",
    "img_size": 32
  },
  "lr_schedule": "cosine_decay"
}