epoch,loss
1,0.6931550231846896
2,0.6931527148593556
3,0.6931473558599298
4,0.6931432323022322
5,0.693138989535245
6,0.6931388540701433
7,0.6931331753730774
8,0.69313030351292
9,0.6931262720714916
10,0.6931230046532371
11,0.6931194067001343
12,0.693115315654061
13,0.6931097995151173
14,0.6931076645851135
15,0.6931014115160162
16,0.6930950121446089
17,0.6930943619121205
18,0.6930918856100603
19,0.6930873773314736
20,0.6930816336111589
21,0.6930727471004833
22,0.6930751475420865
23,0.6930684501474554
24,0.6930623921481046
25,0.693056193265048
26,0.6930553208697926
27,0.6930486126379534
28,0.6930446082895453
29,0.6930398507551714
30,0.6930290406400507
31,0.6930235028266907
32,0.6930218609896573
33,0.6930135000835765
34,0.6930078918283636
35,0.6929976344108582
36,0.6929990486665205
37,0.6929885149002075
38,0.6929828362031416
39,0.6929769786921415
40,0.6929700862277638
41,0.692960029298609
42,0.69295288215984
43,0.69295057925311
44,0.6929423754865472
45,0.692934122952548
46,0.6929209178144281
47,0.6929194493727251
48,0.6929088180715387
49,0.6929064122113314
50,0.6928955153985457
51,0.6928865150971846
