{
  "accuracy": 0.546875,
  "precision": 0.5384615384615384,
  "recall": 0.65625,
  "f1_score": 0.5915492957746479,
  "auc": 0.531005859375,
  "best_train_loss": 0.6363816149532795,
  "training_time_sec": 329.3918149471283,
  "epochs_completed": 1000,
  "config": {
    "num_layers": 7,
    "lr": 0.1,
    "batch_size": 16,
    "opt_name": "adam",
    "img_size": 64
  }
}