{
  "accuracy": 0.921875,
  "precision": 0.9821428571428571,
  "recall": 0.859375,
  "f1_score": 0.9166666666666666,
  "auc": 0.968505859375,
  "best_train_loss": 0.06008800491690636,
  "training_time_sec": 3465.4380609989166,
  "epochs_completed": 10000,
  "config": {
    "num_layers": 8,
    "lr": 0.05,
    "batch_size": 32,
    "img_size": 32
  }
}