{
  "accuracy": 0.47368421052631576,
  "precision": 0.47619047619047616,
  "recall": 0.5263157894736842,
  "f1_score": 0.5,
  "auc": 0.4432132963988919,
  "training_time_sec": 97.57659101486206,
  "epochs_completed": 51,
  "config": {
    "num_layers": 10,
    "lr": 0.01,
    "batch_size": 16,
    "opt_name": "adam",
    "img_size": 32
  }
}