{
  "accuracy": 0.9609375,
  "precision": 1.0,
  "recall": 0.921875,
  "f1_score": 0.959349593495935,
  "auc": 0.987060546875,
  "best_train_loss": 0.18639144022017717,
  "training_time_sec": 3474.457127094269,
  "epochs_completed": 10000,
  "config": {
    "num_layers": 1,
    "lr": 0.05,
    "batch_size": 32,
    "img_size": 128
  }
}