{
  "accuracy": 0.5526315789473685,
  "precision": 0.55,
  "recall": 0.5789473684210527,
  "f1_score": 0.5641025641025641,
  "auc": 0.5595567867036011,
  "training_time_sec": 43.85223174095154,
  "epochs_completed": 51,
  "config": {
    "num_layers": 3,
    "lr": 0.01,
    "batch_size": 8,
    "opt_name": "adam",
    "img_size": 64
  },
  "lr_schedule": "cosine_decay"
}