{
  "accuracy": 0.9296875,
  "precision": 0.9824561403508771,
  "recall": 0.875,
  "f1_score": 0.9256198347107438,
  "auc": 0.96923828125,
  "best_train_loss": 0.05389911463134922,
  "training_time_sec": 4350.374082326889,
  "epochs_completed": 10000,
  "config": {
    "num_layers": 11,
    "lr": 0.05,
    "batch_size": 32,
    "img_size": 32
  }
}