{
  "accuracy": 0.7631578947368421,
  "precision": 0.8125,
  "recall": 0.6842105263157895,
  "f1_score": 0.7428571428571429,
  "auc": 0.8642659279778393,
  "training_time_sec": 324.25654458999634,
  "epochs_completed": 188,
  "config": {
    "num_layers": 15,
    "lr": 0.05,
    "batch_size": 32,
    "opt_name": "adam",
    "img_size": 16
  },
  "lr_schedule": "cosine_decay"
}