{
  "accuracy": 0.47368421052631576,
  "precision": 0.5,
  "recall": 0.631578947368421,
  "f1_score": 0.5581395348837209,
  "auc": 0.4321329639889197,
  "training_time_sec": 59.19141149520874,
  "epochs_completed": 202,
  "config": {
    "num_layers": 2,
    "lr": 0.05,
    "batch_size": 64,
    "opt_name": "adam",
    "img_size": 16
  },
  "lr_schedule": "cosine_decay"
}