{
  "accuracy": 0.40625,
  "precision": 1.0,
  "recall": 0.8125,
  "f1_score": 0.896551724137931,
  "auc": 0.8125,
  "best_train_loss": 0.45812709257006645,
  "training_time_sec": 1323.489667415619,
  "epochs_completed": 3000,
  "config": {
    "num_layers": 16,
    "lr": 0.05,
    "batch_size": 32,
    "opt_name": "adam",
    "img_size": 32
  }
}