{
  "accuracy": 0.5234375,
  "precision": 0.5217391304347826,
  "recall": 0.5625,
  "f1_score": 0.5413533834586466,
  "auc": 0.57275390625,
  "best_train_loss": 0.6788587458431721,
  "training_time_sec": 112.92545771598816,
  "epochs_completed": 1000,
  "config": {
    "num_layers": 3,
    "lr": 0.001,
    "batch_size": 16,
    "opt_name": "adam",
    "img_size": 32
  }
}