{
  "accuracy": 0.8515625,
  "precision": 0.9245283018867925,
  "recall": 0.765625,
  "f1_score": 0.8376068376068376,
  "auc": 0.932373046875,
  "best_train_loss": 0.5132228955626488,
  "training_time_sec": 84.9917688369751,
  "epochs_completed": 1000,
  "config": {
    "num_layers": 7,
    "lr": 0.001,
    "batch_size": 32,
    "opt_name": "adam",
    "img_size": 16
  }
}