{
  "accuracy": 0.5,
  "precision": 0.5,
  "recall": 0.5789473684210527,
  "f1_score": 0.5365853658536586,
  "auc": 0.44321329639889195,
  "training_time_sec": 1727.179672241211,
  "epochs_completed": 1343,
  "config": {
    "num_layers": 12,
    "lr": 0.001,
    "batch_size": 64,
    "opt_name": "adam",
    "img_size": 16
  },
  "lr_schedule": "cosine_decay"
}