{
  "accuracy": 0.5526315789473685,
  "precision": 0.5555555555555556,
  "recall": 0.5263157894736842,
  "f1_score": 0.5405405405405406,
  "auc": 0.6011080332409973,
  "training_time_sec": 5436.7411522865295,
  "epochs_completed": 1769,
  "config": {
    "num_layers": 30,
    "lr": 0.001,
    "batch_size": 16,
    "opt_name": "adam",
    "img_size": 16
  },
  "lr_schedule": "cosine_decay"
}