{
  "accuracy": 0.9296875,
  "precision": 0.9824561403508771,
  "recall": 0.875,
  "f1_score": 0.9256198347107438,
  "auc": 0.977783203125,
  "best_train_loss": 0.21236256649717689,
  "training_time_sec": 209.07095980644226,
  "epochs_completed": 1000,
  "config": {
    "num_layers": 15,
    "lr": 0.1,
    "batch_size": 16,
    "opt_name": "adam",
    "img_size": 16
  }
}