{
  "accuracy": 0.4921875,
  "precision": 0.4918032786885246,
  "recall": 0.46875,
  "f1_score": 0.48,
  "auc": 0.493408203125,
  "best_train_loss": 0.554668365046382,
  "training_time_sec": 78.30609679222107,
  "epochs_completed": 1000,
  "config": {
    "num_layers": 7,
    "lr": 0.1,
    "batch_size": 32,
    "opt_name": "adam",
    "img_size": 8
  }
}