{
  "accuracy": 0.7631578947368421,
  "precision": 1.0,
  "recall": 0.5263157894736842,
  "f1_score": 0.6896551724137931,
  "auc": 0.7617728531855955,
  "training_time_sec": 69.52062654495239,
  "epochs_completed": 163,
  "config": {
    "num_layers": 7,
    "lr": 0.05,
    "batch_size": 32,
    "opt_name": "adam",
    "img_size": 4
  }
}