{
  "accuracy": 0.4453125,
  "precision": 0.4444444444444444,
  "recall": 0.4375,
  "f1_score": 0.4409448818897638,
  "auc": 0.440673828125,
  "best_train_loss": 0.585507052950561,
  "training_time_sec": 571.7804956436157,
  "epochs_completed": 1000,
  "config": {
    "num_layers": 15,
    "lr": 0.05,
    "batch_size": 16,
    "opt_name": "adam",
    "img_size": 32
  }
}