{
  "accuracy": 0.734375,
  "precision": 0.6973684210526315,
  "recall": 0.828125,
  "f1_score": 0.7571428571428571,
  "auc": 0.85205078125,
  "best_train_loss": 0.4645175337791443,
  "training_time_sec": 236.74944472312927,
  "epochs_completed": 5000,
  "config": {
    "num_layers": 3,
    "lr": 0.05,
    "batch_size": 32,
    "opt_name": "adam",
    "img_size": 16
  }
}