{
  "accuracy": 0.538961038961039,
  "precision": 0.5365853658536586,
  "recall": 0.5714285714285714,
  "f1_score": 0.5534591194968553,
  "auc": 0.5194805194805194,
  "training_time_sec": 108.6327178478241,
  "epochs_completed": 200,
  "config": {
    "num_layers": 2,
    "lr": 0.01,
    "batch_size": 64,
    "opt_name": "adam",
    "img_size": 64
  }
}