{
  "accuracy": 0.47368421052631576,
  "precision": 0.4666666666666667,
  "recall": 0.3684210526315789,
  "f1_score": 0.4117647058823529,
  "auc": 0.45983379501385047,
  "training_time_sec": 484.425626039505,
  "epochs_completed": 239,
  "config": {
    "num_layers": 10,
    "lr": 0.1,
    "batch_size": 8,
    "opt_name": "adam",
    "img_size": 64
  },
  "lr_schedule": "cosine_decay"
}