{
  "accuracy": 0.4473684210526316,
  "precision": 0.45454545454545453,
  "recall": 0.5263157894736842,
  "f1_score": 0.4878048780487805,
  "auc": 0.48476454293628807,
  "training_time_sec": 1231.317761182785,
  "epochs_completed": 956,
  "config": {
    "num_layers": 12,
    "lr": 0.001,
    "batch_size": 32,
    "opt_name": "adam",
    "img_size": 16
  },
  "lr_schedule": "cosine_decay"
}