{
  "accuracy": 0.39473684210526316,
  "precision": 0.4,
  "recall": 0.42105263157894735,
  "f1_score": 0.41025641025641024,
  "auc": 0.3185595567867036,
  "training_time_sec": 370.73664689064026,
  "epochs_completed": 149,
  "config": {
    "num_layers": 12,
    "lr": 0.02,
    "batch_size": 16,
    "opt_name": "adam",
    "img_size": 64
  }
}