{
  "accuracy": 0.5526315789473685,
  "precision": 0.5833333333333334,
  "recall": 0.3684210526315789,
  "f1_score": 0.45161290322580644,
  "auc": 0.4792243767313019,
  "training_time_sec": 54.419522523880005,
  "epochs_completed": 245,
  "config": {
    "num_layers": 1,
    "lr": 0.02,
    "batch_size": 32,
    "opt_name": "adam",
    "img_size": 32
  },
  "lr_schedule": "cosine_decay"
}