{
  "accuracy": 0.9453125,
  "precision": 1.0,
  "recall": 0.890625,
  "f1_score": 0.9421487603305785,
  "auc": 0.98779296875,
  "best_train_loss": 0.03075117978733033,
  "training_time_sec": 11992.449490070343,
  "epochs_completed": 10000,
  "config": {
    "num_layers": 17,
    "lr": 0.05,
    "batch_size": 32,
    "img_size": 64
  }
}