{
  "accuracy": 0.5,
  "precision": 0.5,
  "recall": 0.47368421052631576,
  "f1_score": 0.4864864864864865,
  "auc": 0.5263157894736842,
  "training_time_sec": 217.07383608818054,
  "epochs_completed": 132,
  "config": {
    "num_layers": 10,
    "lr": 0.05,
    "batch_size": 16,
    "opt_name": "adam",
    "img_size": 32
  },
  "lr_schedule": "cosine_decay"
}