{
  "accuracy": 0.7631578947368421,
  "precision": 0.8571428571428571,
  "recall": 0.631578947368421,
  "f1_score": 0.7272727272727273,
  "auc": 0.8698060941828255,
  "training_time_sec": 759.3113217353821,
  "epochs_completed": 1922,
  "config": {
    "num_layers": 7,
    "lr": 0.001,
    "batch_size": 16,
    "opt_name": "adam",
    "img_size": 4
  }
}