{
  "accuracy": 0.5,
  "precision": 0.5,
  "recall": 0.5789473684210527,
  "f1_score": 0.5365853658536586,
  "auc": 0.49307479224376727,
  "training_time_sec": 463.2497537136078,
  "epochs_completed": 156,
  "config": {
    "num_layers": 15,
    "lr": 0.02,
    "batch_size": 64,
    "opt_name": "adam",
    "img_size": 64
  },
  "lr_schedule": "cosine_decay"
}