{
  "accuracy": 0.5,
  "precision": 0.5,
  "recall": 0.453125,
  "f1_score": 0.47540983606557374,
  "auc": 0.456787109375,
  "best_train_loss": 0.679682269692421,
  "training_time_sec": 532.3003752231598,
  "epochs_completed": 1000,
  "config": {
    "num_layers": 7,
    "lr": 0.01,
    "batch_size": 64,
    "opt_name": "adam",
    "img_size": 128
  }
}