{
  "accuracy": 0.7894736842105263,
  "precision": 0.9230769230769231,
  "recall": 0.631578947368421,
  "f1_score": 0.75,
  "auc": 0.8670360110803323,
  "training_time_sec": 316.6506073474884,
  "epochs_completed": 1525,
  "config": {
    "num_layers": 3,
    "lr": 0.001,
    "batch_size": 8,
    "opt_name": "adam",
    "img_size": 4
  }
}