{
  "accuracy": 0.9140625,
  "precision": 0.9649122807017544,
  "recall": 0.859375,
  "f1_score": 0.9090909090909091,
  "auc": 0.96533203125,
  "best_train_loss": 0.04077075532404706,
  "training_time_sec": 4564.24600148201,
  "epochs_completed": 10000,
  "config": {
    "num_layers": 13,
    "lr": 0.05,
    "batch_size": 32,
    "img_size": 32
  }
}