{
  "accuracy": 0.4453125,
  "precision": 0.4426229508196721,
  "recall": 0.421875,
  "f1_score": 0.432,
  "auc": 0.40966796875,
  "best_train_loss": 0.6652324926108122,
  "training_time_sec": 510.83421874046326,
  "epochs_completed": 1000,
  "config": {
    "num_layers": 5,
    "lr": 0.1,
    "batch_size": 16,
    "opt_name": "adam",
    "img_size": 128
  }
}