{
  "accuracy": 0.5234375,
  "precision": 0.5245901639344263,
  "recall": 0.5,
  "f1_score": 0.512,
  "auc": 0.519775390625,
  "best_train_loss": 0.6267594173550606,
  "training_time_sec": 437.36776781082153,
  "epochs_completed": 1000,
  "config": {
    "num_layers": 10,
    "lr": 0.01,
    "batch_size": 32,
    "opt_name": "adam",
    "img_size": 64
  }
}