{
  "accuracy": 0.5546875,
  "precision": 0.5573770491803278,
  "recall": 0.53125,
  "f1_score": 0.544,
  "auc": 0.53857421875,
  "best_train_loss": 0.6828189939260483,
  "training_time_sec": 109.10125279426575,
  "epochs_completed": 1000,
  "config": {
    "num_layers": 10,
    "lr": 0.001,
    "batch_size": 64,
    "opt_name": "adam",
    "img_size": 32
  }
}