{
  "accuracy": 0.6015625,
  "precision": 0.5783132530120482,
  "recall": 0.75,
  "f1_score": 0.6530612244897959,
  "auc": 0.768310546875,
  "best_train_loss": 0.6301327235996723,
  "training_time_sec": 48.05587649345398,
  "epochs_completed": 1000,
  "config": {
    "num_layers": 3,
    "lr": 0.001,
    "batch_size": 16,
    "opt_name": "adam",
    "img_size": 16
  }
}