{
  "accuracy": 0.2578125,
  "precision": 1.0,
  "recall": 0.515625,
  "f1_score": 0.6804123711340206,
  "auc": 0.515625,
  "best_train_loss": 0.60831468552351,
  "training_time_sec": 1088.7559504508972,
  "epochs_completed": 3000,
  "config": {
    "num_layers": 3,
    "lr": 0.05,
    "batch_size": 32,
    "opt_name": "adam",
    "img_size": 64
  }
}