{
  "accuracy": 0.4765625,
  "precision": 0.4745762711864407,
  "recall": 0.4375,
  "f1_score": 0.45528455284552843,
  "auc": 0.447265625,
  "best_train_loss": 0.5571677982807159,
  "training_time_sec": 158.4388382434845,
  "epochs_completed": 1000,
  "config": {
    "num_layers": 15,
    "lr": 0.05,
    "batch_size": 64,
    "opt_name": "adam",
    "img_size": 32
  }
}