{
  "accuracy": 0.7105263157894737,
  "precision": 0.75,
  "recall": 0.631578947368421,
  "f1_score": 0.6857142857142857,
  "auc": 0.7063711911357341,
  "training_time_sec": 825.7809224128723,
  "epochs_completed": 992,
  "config": {
    "num_layers": 15,
    "lr": 0.05,
    "batch_size": 8,
    "opt_name": "sgd",
    "img_size": 4
  }
}