{
  "accuracy": 0.5859375,
  "precision": 0.582089552238806,
  "recall": 0.609375,
  "f1_score": 0.5954198473282443,
  "auc": 0.600830078125,
  "best_train_loss": 0.5250165108591318,
  "training_time_sec": 3128.8348321914673,
  "epochs_completed": 5000,
  "config": {
    "num_layers": 13,
    "lr": 0.05,
    "batch_size": 32,
    "opt_name": "adam",
    "img_size": 64
  }
}