{
  "accuracy": 0.90625,
  "precision": 0.9642857142857143,
  "recall": 0.84375,
  "f1_score": 0.9,
  "auc": 0.954345703125,
  "best_train_loss": 0.10360929113812745,
  "training_time_sec": 2565.9675574302673,
  "epochs_completed": 10000,
  "config": {
    "num_layers": 3,
    "lr": 0.05,
    "batch_size": 32,
    "img_size": 16
  }
}