{
  "accuracy": 0.203125,
  "precision": 1.0,
  "recall": 0.40625,
  "f1_score": 0.5777777777777777,
  "auc": 0.40625,
  "best_train_loss": 0.5964336022734642,
  "training_time_sec": 2360.8464620113373,
  "epochs_completed": 3000,
  "config": {
    "num_layers": 9,
    "lr": 0.05,
    "batch_size": 32,
    "opt_name": "adam",
    "img_size": 64
  }
}