{
  "accuracy": 0.9609375,
  "precision": 0.9836065573770492,
  "recall": 0.9375,
  "f1_score": 0.96,
  "auc": 0.98876953125,
  "best_train_loss": 0.13271587592316791,
  "training_time_sec": 137.84177160263062,
  "epochs_completed": 1000,
  "config": {
    "num_layers": 7,
    "lr": 0.1,
    "batch_size": 16,
    "opt_name": "adam",
    "img_size": 16
  }
}