{
  "accuracy": 0.5526315789473685,
  "precision": 0.5625,
  "recall": 0.47368421052631576,
  "f1_score": 0.5142857142857142,
  "auc": 0.5457063711911357,
  "training_time_sec": 43.745660066604614,
  "epochs_completed": 51,
  "config": {
    "num_layers": 5,
    "lr": 0.1,
    "batch_size": 32,
    "opt_name": "sgd",
    "img_size": 16
  },
  "lr_schedule": "cosine_decay"
}