{
  "accuracy": 0.631578947368421,
  "precision": 0.631578947368421,
  "recall": 0.631578947368421,
  "f1_score": 0.631578947368421,
  "auc": 0.6869806094182825,
  "training_time_sec": 946.6132411956787,
  "epochs_completed": 210,
  "config": {
    "num_layers": 30,
    "lr": 0.01,
    "batch_size": 16,
    "opt_name": "adam",
    "img_size": 32
  }
}