{
  "accuracy": 0.6052631578947368,
  "precision": 0.5909090909090909,
  "recall": 0.6842105263157895,
  "f1_score": 0.6341463414634146,
  "auc": 0.5817174515235457,
  "training_time_sec": 89.7506959438324,
  "epochs_completed": 51,
  "config": {
    "num_layers": 12,
    "lr": 0.02,
    "batch_size": 64,
    "opt_name": "sgd",
    "img_size": 16
  },
  "lr_schedule": "cosine_decay"
}