{
  "accuracy": 0.5526315789473685,
  "precision": 0.55,
  "recall": 0.5789473684210527,
  "f1_score": 0.5641025641025641,
  "auc": 0.6094182825484765,
  "training_time_sec": 62.29011607170105,
  "epochs_completed": 70,
  "config": {
    "num_layers": 5,
    "lr": 0.05,
    "batch_size": 32,
    "opt_name": "adam",
    "img_size": 32
  }
}