{
  "accuracy": 0.5,
  "precision": 0.5084745762711864,
  "recall": 0.38961038961038963,
  "f1_score": 0.4411764705882353,
  "auc": 0.5248777196829145,
  "training_time_sec": 132.71295022964478,
  "epochs_completed": 94,
  "config": {
    "num_layers": 5,
    "lr": 0.01,
    "batch_size": 8,
    "opt_name": "adam",
    "img_size": 64
  }
}