{
  "accuracy": 0.45454545454545453,
  "precision": 0.45454545454545453,
  "recall": 0.38961038961038963,
  "f1_score": 0.4195804195804196,
  "auc": 0.406476640242874,
  "training_time_sec": 382.83942914009094,
  "epochs_completed": 124,
  "config": {
    "num_layers": 12,
    "lr": 0.02,
    "batch_size": 8,
    "opt_name": "adam",
    "img_size": 64
  }
}