{
  "accuracy": 0.5,
  "precision": 0.5,
  "recall": 0.42105263157894735,
  "f1_score": 0.45714285714285713,
  "auc": 0.5401662049861495,
  "training_time_sec": 404.73791885375977,
  "epochs_completed": 202,
  "config": {
    "num_layers": 10,
    "lr": 0.05,
    "batch_size": 64,
    "opt_name": "adam",
    "img_size": 64
  }
}