epoch,loss
1,0.6931780775388082
2,0.6931179761886597
3,0.6930504441261292
4,0.6928321917851766
5,0.692696193854014
6,0.6925191283226013
7,0.6923283735911051
8,0.6919476588567098
9,0.6919474601745605
10,0.6914157271385193
11,0.6913402477900187
12,0.6910296678543091
13,0.6907582879066467
14,0.690316915512085
15,0.690041184425354
16,0.6898079911867777
17,0.68915327390035
18,0.6889158089955648
19,0.688537061214447
20,0.688634971777598
21,0.6880194743474325
22,0.6874469518661499
23,0.687205970287323
24,0.6870560646057129
25,0.6867572665214539
26,0.6865116953849792
27,0.6864011685053507
28,0.6857545773188273
29,0.6858713229497274
30,0.6854175329208374
31,0.6854209899902344
32,0.6847716569900513
33,0.6838665803273519
34,0.6840727925300598
35,0.6834911505381266
36,0.6836412946383158
37,0.6833356817563375
38,0.682318647702535
39,0.6824938456217448
40,0.6815556883811951
41,0.6811782121658325
42,0.6811174352963766
43,0.6808832089106241
44,0.6805646220842997
45,0.6794180075327555
46,0.6795276006062826
47,0.6799828410148621
48,0.6794027884801229
49,0.678748369216919
50,0.6790688236554464
51,0.6784075299898783
52,0.6778953472773234
53,0.6771814227104187
54,0.6767523686091105
55,0.6777700384457906
56,0.6772998571395874
57,0.676318089167277
58,0.6759565472602844
59,0.6739094654719034
60,0.6751204530398051
61,0.6751841505368551
62,0.6745239496231079
63,0.6740296284357706
64,0.6738840540250143
65,0.6749780972798666
66,0.6742206811904907
67,0.6741882562637329
68,0.673075258731842
69,0.6715656518936157
70,0.6737155516942342
71,0.6725285847981771
72,0.6718145807584127
73,0.6720682382583618
74,0.6715649167696635
75,0.6698490977287292
76,0.6716497937838236
77,0.6708494226137797
78,0.669904867808024
79,0.6710144877433777
80,0.6703101992607117
81,0.6691909233729044
