{
  "accuracy": 0.640625,
  "precision": 0.6551724137931034,
  "recall": 0.59375,
  "f1_score": 0.6229508196721312,
  "auc": 0.667236328125,
  "best_train_loss": 0.603074325248599,
  "training_time_sec": 171.57659673690796,
  "epochs_completed": 1000,
  "config": {
    "num_layers": 15,
    "lr": 0.05,
    "batch_size": 16,
    "opt_name": "adam",
    "img_size": 4
  }
}