{
  "accuracy": 0.453125,
  "precision": 0.45714285714285713,
  "recall": 0.5,
  "f1_score": 0.47761194029850745,
  "auc": 0.472900390625,
  "best_train_loss": 0.6484116446226835,
  "training_time_sec": 140.05279779434204,
  "epochs_completed": 1000,
  "config": {
    "num_layers": 3,
    "lr": 0.01,
    "batch_size": 16,
    "opt_name": "adam",
    "img_size": 64
  }
}