{
  "accuracy": 0.461038961038961,
  "precision": 0.4625,
  "recall": 0.4805194805194805,
  "f1_score": 0.4713375796178344,
  "auc": 0.45066621689998315,
  "training_time_sec": 114.0446994304657,
  "epochs_completed": 182,
  "config": {
    "num_layers": 2,
    "lr": 0.01,
    "batch_size": 8,
    "opt_name": "adam",
    "img_size": 64
  }
}