{
  "accuracy": 0.6578947368421053,
  "precision": 0.6666666666666666,
  "recall": 0.631578947368421,
  "f1_score": 0.6486486486486487,
  "auc": 0.670360110803324,
  "training_time_sec": 2668.2282423973083,
  "epochs_completed": 959,
  "config": {
    "num_layers": 20,
    "lr": 0.001,
    "batch_size": 8,
    "opt_name": "adam",
    "img_size": 32
  }
}