{
  "accuracy": 0.6052631578947368,
  "precision": 0.5909090909090909,
  "recall": 0.6842105263157895,
  "f1_score": 0.6341463414634146,
  "auc": 0.6620498614958449,
  "training_time_sec": 92.7255175113678,
  "epochs_completed": 105,
  "config": {
    "num_layers": 5,
    "lr": 0.1,
    "batch_size": 8,
    "opt_name": "adam",
    "img_size": 32
  },
  "lr_schedule": "cosine_decay"
}