{
  "accuracy": 0.5,
  "precision": 0.5,
  "recall": 0.6842105263157895,
  "f1_score": 0.5777777777777777,
  "auc": 0.6204986149584487,
  "training_time_sec": 57.63704514503479,
  "epochs_completed": 227,
  "config": {
    "num_layers": 1,
    "lr": 0.001,
    "batch_size": 8,
    "opt_name": "adam",
    "img_size": 32
  }
}