{
  "accuracy": 0.631578947368421,
  "precision": 0.6470588235294118,
  "recall": 0.5789473684210527,
  "f1_score": 0.6111111111111112,
  "auc": 0.6592797783933518,
  "training_time_sec": 204.42080855369568,
  "epochs_completed": 82,
  "config": {
    "num_layers": 15,
    "lr": 0.02,
    "batch_size": 32,
    "opt_name": "adam",
    "img_size": 32
  },
  "lr_schedule": "cosine_decay"
}