{
  "accuracy": 0.5078125,
  "precision": 0.5087719298245614,
  "recall": 0.453125,
  "f1_score": 0.4793388429752066,
  "auc": 0.517333984375,
  "best_train_loss": 0.5110533386468887,
  "training_time_sec": 2781.9284512996674,
  "epochs_completed": 5000,
  "config": {
    "num_layers": 11,
    "lr": 0.05,
    "batch_size": 32,
    "opt_name": "adam",
    "img_size": 64
  }
}