{
  "accuracy": 0.5324675324675324,
  "precision": 0.5342465753424658,
  "recall": 0.5064935064935064,
  "f1_score": 0.52,
  "auc": 0.5697419463653229,
  "training_time_sec": 855.4940042495728,
  "epochs_completed": 175,
  "config": {
    "num_layers": 20,
    "lr": 0.01,
    "batch_size": 8,
    "opt_name": "adam",
    "img_size": 64
  }
}