{
  "accuracy": 0.5,
  "precision": 0.5,
  "recall": 0.578125,
  "f1_score": 0.5362318840579711,
  "auc": 0.513671875,
  "best_train_loss": 0.5553475730121136,
  "training_time_sec": 7120.429217815399,
  "epochs_completed": 5000,
  "config": {
    "num_layers": 11,
    "lr": 0.05,
    "batch_size": 32,
    "opt_name": "adam",
    "img_size": 128
  }
}