{
  "accuracy": 0.4296875,
  "precision": 0.43283582089552236,
  "recall": 0.453125,
  "f1_score": 0.44274809160305345,
  "auc": 0.413330078125,
  "best_train_loss": 0.655136801302433,
  "training_time_sec": 406.27745962142944,
  "epochs_completed": 1000,
  "config": {
    "num_layers": 5,
    "lr": 0.1,
    "batch_size": 64,
    "opt_name": "adam",
    "img_size": 128
  }
}