{
  "accuracy": 0.984375,
  "precision": 0.984375,
  "recall": 0.984375,
  "f1_score": 0.984375,
  "auc": 0.992431640625,
  "best_train_loss": 0.05214123509358615,
  "training_time_sec": 32752.341918468475,
  "epochs_completed": 10000,
  "config": {
    "num_layers": 18,
    "lr": 0.05,
    "batch_size": 32,
    "img_size": 128
  }
}