{
  "accuracy": 0.5,
  "precision": 0.5,
  "recall": 0.5789473684210527,
  "f1_score": 0.5365853658536586,
  "auc": 0.481994459833795,
  "training_time_sec": 15.480745315551758,
  "epochs_completed": 51,
  "config": {
    "num_layers": 1,
    "lr": 0.001,
    "batch_size": 64,
    "opt_name": "adam",
    "img_size": 32
  }
}