{
  "accuracy": 0.34210526315789475,
  "precision": 0.3125,
  "recall": 0.2631578947368421,
  "f1_score": 0.2857142857142857,
  "auc": 0.3601108033240997,
  "training_time_sec": 248.0885946750641,
  "epochs_completed": 237,
  "config": {
    "num_layers": 7,
    "lr": 0.05,
    "batch_size": 64,
    "opt_name": "adam",
    "img_size": 32
  }
}