{
  "accuracy": 0.7105263157894737,
  "precision": 0.7222222222222222,
  "recall": 0.6842105263157895,
  "f1_score": 0.7027027027027027,
  "auc": 0.7617728531855955,
  "training_time_sec": 540.5423967838287,
  "epochs_completed": 324,
  "config": {
    "num_layers": 15,
    "lr": 0.01,
    "batch_size": 32,
    "opt_name": "adam",
    "img_size": 16
  },
  "lr_schedule": "cosine_decay"
}