{
  "accuracy": 0.5263157894736842,
  "precision": 0.5263157894736842,
  "recall": 0.5263157894736842,
  "f1_score": 0.5263157894736842,
  "auc": 0.556786703601108,
  "training_time_sec": 44.52155160903931,
  "epochs_completed": 51,
  "config": {
    "num_layers": 3,
    "lr": 0.05,
    "batch_size": 8,
    "opt_name": "sgd",
    "img_size": 64
  }
}