{
  "accuracy": 0.4375,
  "precision": 0.4393939393939394,
  "recall": 0.453125,
  "f1_score": 0.4461538461538462,
  "auc": 0.462890625,
  "best_train_loss": 0.6750029176473618,
  "training_time_sec": 26.42304039001465,
  "epochs_completed": 1000,
  "config": {
    "num_layers": 3,
    "lr": 0.001,
    "batch_size": 64,
    "opt_name": "adam",
    "img_size": 8
  }
}