epoch,loss
1,0.6931638473814185
2,0.6931273991411383
3,0.6930189837108959
4,0.6928259892897173
5,0.6925657825036482
6,0.6923331753774122
7,0.6920559054071252
8,0.6917438886382363
9,0.6915254972197793
10,0.6912398609248075
11,0.69096824797717
12,0.6907958036119287
13,0.6904283220117743
14,0.6901836774565957
15,0.6899195557290857
16,0.689764841036363
17,0.6894739947535775
18,0.6891906938769601
19,0.6889356185089458
20,0.688749836249785
21,0.6884280389005487
22,0.6881560276855122
23,0.6879309822212566
24,0.6877193776043978
25,0.6873561170968142
26,0.6874400458552621
27,0.6870530599897559
28,0.6867392740466378
29,0.6865487830205397
30,0.6863692890514027
31,0.6861585270274769
32,0.6859269494360144
33,0.6856532313606956
34,0.6853472698818553
35,0.6852935742248188
36,0.6851081008260901
37,0.6850528039715507
38,0.684628429737958
39,0.6843137415972623
40,0.6838729598305442
41,0.6840533966367895
42,0.683646099133925
43,0.6834180517630144
44,0.6832780160687186
45,0.6826236518946561
46,0.6825762499462474
47,0.6828006966547533
48,0.6823292374610901
49,0.6821826073256406
50,0.6821455196900801
51,0.6821048368107189
