{
  "accuracy": 0.625,
  "precision": 0.625,
  "recall": 0.625,
  "f1_score": 0.625,
  "auc": 0.58837890625,
  "best_train_loss": 0.6721418723464012,
  "training_time_sec": 1740.0691783428192,
  "epochs_completed": 1000,
  "config": {
    "num_layers": 20,
    "lr": 0.05,
    "batch_size": 16,
    "opt_name": "adam",
    "img_size": 128
  }
}