{
  "accuracy": 0.953125,
  "precision": 0.9833333333333333,
  "recall": 0.921875,
  "f1_score": 0.9516129032258065,
  "auc": 0.97314453125,
  "best_train_loss": 0.12385753495618701,
  "training_time_sec": 88.34734869003296,
  "epochs_completed": 1000,
  "config": {
    "num_layers": 7,
    "lr": 0.1,
    "batch_size": 32,
    "opt_name": "adam",
    "img_size": 16
  }
}