{
  "accuracy": 0.4296875,
  "precision": 0.4307692307692308,
  "recall": 0.4375,
  "f1_score": 0.43410852713178294,
  "auc": 0.433837890625,
  "best_train_loss": 0.6920095607638359,
  "training_time_sec": 364.17186188697815,
  "epochs_completed": 1000,
  "config": {
    "num_layers": 5,
    "lr": 0.001,
    "batch_size": 64,
    "opt_name": "adam",
    "img_size": 128
  }
}