{
  "accuracy": 0.5909090909090909,
  "precision": 0.5945945945945946,
  "recall": 0.5714285714285714,
  "f1_score": 0.5827814569536424,
  "auc": 0.6289424860853432,
  "training_time_sec": 247.96741724014282,
  "epochs_completed": 125,
  "config": {
    "num_layers": 7,
    "lr": 0.05,
    "batch_size": 16,
    "opt_name": "adam",
    "img_size": 64
  }
}