{
  "accuracy": 0.4473684210526316,
  "precision": 0.4583333333333333,
  "recall": 0.5789473684210527,
  "f1_score": 0.5116279069767442,
  "auc": 0.49307479224376727,
  "training_time_sec": 217.58393716812134,
  "epochs_completed": 112,
  "config": {
    "num_layers": 12,
    "lr": 0.02,
    "batch_size": 8,
    "opt_name": "adam",
    "img_size": 32
  },
  "lr_schedule": "cosine_decay"
}