{
  "accuracy": 0.5,
  "precision": 0.5,
  "recall": 0.5789473684210527,
  "f1_score": 0.5365853658536586,
  "auc": 0.4238227146814404,
  "training_time_sec": 10.845277309417725,
  "epochs_completed": 51,
  "config": {
    "num_layers": 2,
    "lr": 0.02,
    "batch_size": 16,
    "opt_name": "adam",
    "img_size": 4
  }
}