{
  "accuracy": 0.39473684210526316,
  "precision": 0.4090909090909091,
  "recall": 0.47368421052631576,
  "f1_score": 0.43902439024390244,
  "auc": 0.3462603878116344,
  "training_time_sec": 10.176661729812622,
  "epochs_completed": 51,
  "config": {
    "num_layers": 2,
    "lr": 0.02,
    "batch_size": 64,
    "opt_name": "adam",
    "img_size": 4
  }
}