{
  "accuracy": 0.5,
  "precision": 0.5,
  "recall": 0.5789473684210527,
  "f1_score": 0.5365853658536586,
  "auc": 0.5235457063711911,
  "training_time_sec": 1009.624739408493,
  "epochs_completed": 534,
  "config": {
    "num_layers": 10,
    "lr": 0.01,
    "batch_size": 64,
    "opt_name": "adam",
    "img_size": 64
  }
}