{
  "accuracy": 0.868421052631579,
  "precision": 0.9375,
  "recall": 0.7894736842105263,
  "f1_score": 0.8571428571428571,
  "auc": 0.8448753462603878,
  "training_time_sec": 31.821842432022095,
  "epochs_completed": 292,
  "config": {
    "num_layers": 1,
    "lr": 0.01,
    "batch_size": 8,
    "opt_name": "adam",
    "img_size": 4
  }
}