{
  "accuracy": 0.42105263157894735,
  "precision": 0.4117647058823529,
  "recall": 0.3684210526315789,
  "f1_score": 0.3888888888888889,
  "auc": 0.34072022160664817,
  "training_time_sec": 70.35956072807312,
  "memory_usage_kb": 1588932,
  "data_loading_time_sec": 73.81393003463745,
  "num_qubits": 11,
  "num_samples_test": 38,
  "num_layers": 7
}