{
  "accuracy": 0.5234375,
  "precision": 0.5245901639344263,
  "recall": 0.5,
  "f1_score": 0.512,
  "auc": 0.535400390625,
  "best_train_loss": 0.5985720157623291,
  "training_time_sec": 37.1471164226532,
  "epochs_completed": 1000,
  "config": {
    "num_layers": 3,
    "lr": 0.05,
    "batch_size": 32,
    "opt_name": "adam",
    "img_size": 8
  }
}