{
  "accuracy": 0.5,
  "precision": 0.5,
  "recall": 0.47368421052631576,
  "f1_score": 0.4864864864864865,
  "auc": 0.5955678670360111,
  "training_time_sec": 31.01108407974243,
  "epochs_completed": 67,
  "config": {
    "num_layers": 2,
    "lr": 0.05,
    "batch_size": 8,
    "opt_name": "adam",
    "img_size": 32
  }
}