{
  "accuracy": 0.59375,
  "precision": 0.6111111111111112,
  "recall": 0.515625,
  "f1_score": 0.559322033898305,
  "auc": 0.582275390625,
  "best_train_loss": 0.5400755293667316,
  "training_time_sec": 3018.0724754333496,
  "epochs_completed": 5000,
  "config": {
    "num_layers": 12,
    "lr": 0.05,
    "batch_size": 32,
    "opt_name": "adam",
    "img_size": 64
  }
}