{
  "accuracy": 0.625,
  "precision": 0.6081081081081081,
  "recall": 0.703125,
  "f1_score": 0.6521739130434783,
  "auc": 0.719482421875,
  "best_train_loss": 0.4907926432788372,
  "training_time_sec": 30.466623544692993,
  "epochs_completed": 1000,
  "config": {
    "num_layers": 3,
    "lr": 0.05,
    "batch_size": 64,
    "opt_name": "adam",
    "img_size": 16
  }
}