{
  "accuracy": 0.4473684210526316,
  "precision": 0.42857142857142855,
  "recall": 0.3157894736842105,
  "f1_score": 0.36363636363636365,
  "auc": 0.5346260387811634,
  "training_time_sec": 567.3340003490448,
  "epochs_completed": 228,
  "config": {
    "num_layers": 12,
    "lr": 0.05,
    "batch_size": 8,
    "opt_name": "adam",
    "img_size": 64
  }
}