{
  "accuracy": 0.6052631578947368,
  "precision": 0.6666666666666666,
  "recall": 0.42105263157894735,
  "f1_score": 0.5161290322580645,
  "auc": 0.7257617728531857,
  "training_time_sec": 2370.9470584392548,
  "epochs_completed": 1488,
  "config": {
    "num_layers": 15,
    "lr": 0.001,
    "batch_size": 32,
    "opt_name": "adam",
    "img_size": 16
  },
  "lr_schedule": "cosine_decay"
}