{
  "accuracy": 0.5526315789473685,
  "precision": 0.5555555555555556,
  "recall": 0.5263157894736842,
  "f1_score": 0.5405405405405406,
  "auc": 0.592797783933518,
  "training_time_sec": 185.00476717948914,
  "epochs_completed": 51,
  "config": {
    "num_layers": 20,
    "lr": 0.001,
    "batch_size": 32,
    "opt_name": "adam",
    "img_size": 32
  }
}