epoch,loss
1,0.6930922468503317
2,0.693077544371287
3,0.6929917732874552
4,0.6929203271865845
5,0.692782461643219
6,0.6927731037139893
7,0.6926336089769999
8,0.6924548943837484
9,0.6923957467079163
10,0.692064642906189
11,0.6920539736747742
12,0.6917305588722229
13,0.6916087667147318
14,0.6913617054621378
15,0.6911793947219849
16,0.6909816463788351
17,0.6906481782595316
18,0.6905219554901123
19,0.6903817057609558
20,0.6899428367614746
21,0.6896795233090719
22,0.6894984841346741
23,0.689306378364563
24,0.6889302730560303
25,0.688767155011495
26,0.6886457602183024
27,0.6884099245071411
28,0.6881763339042664
29,0.6878571112950643
30,0.6877414584159851
31,0.687501867612203
32,0.6872606674830118
33,0.6866713166236877
34,0.6866647998491923
35,0.6856815417607626
36,0.6861276030540466
37,0.6860637664794922
38,0.6858280499776205
39,0.6851496696472168
40,0.6850235064824423
41,0.6848488648732504
42,0.6841531793276469
43,0.6843415300051371
44,0.6840492089589437
45,0.683032770951589
46,0.6834941109021505
47,0.6834347248077393
48,0.6831952929496765
49,0.682859480381012
50,0.6821634372075399
51,0.6816814541816711
52,0.681281586488088
53,0.6810073852539062
54,0.6818677186965942
55,0.6805271903673807
56,0.6801981727282206
57,0.680374026298523
58,0.679438591003418
59,0.679150919119517
60,0.6796956857045492
61,0.680168350537618
62,0.6801929076512655
63,0.6786594192186991
64,0.6786564588546753
65,0.6788991093635559
66,0.6789244612058004
67,0.6788142323493958
68,0.678090771039327
69,0.6762675642967224
70,0.6780659755071005
71,0.6777624289194742
72,0.677049438158671
73,0.6776541471481323
74,0.6763496597607931
75,0.6754783590634664
76,0.6758391062418619
77,0.6758883396784464
78,0.6750725507736206
79,0.6754504243532816
80,0.6750080188115438
81,0.6742067535718282
82,0.6744346419970194
83,0.674733301003774
84,0.6731768250465393
85,0.673421839872996
86,0.6731686393419901
87,0.6730754574139913
88,0.6721725463867188
89,0.67316601673762
90,0.6721762816111246
91,0.6713023781776428
92,0.6727899114290873
93,0.6722750266393026
94,0.670475701491038
95,0.6718582709630331
96,0.6718636353810629
97,0.6706655025482178
98,0.6702705423037211
99,0.6712688406308492
100,0.6697663068771362
101,0.6701317230860392
102,0.6703492800394694
103,0.6684538324673971
104,0.6694645086924235
105,0.6698406934738159
106,0.6692163149515787
107,0.6687131722768148
108,0.6675280133883158
109,0.6680298844973246
110,0.667987068494161
111,0.6684816082318624
112,0.6664700508117676
113,0.6665763457616171
