{
  "accuracy": 0.5526315789473685,
  "precision": 0.55,
  "recall": 0.5789473684210527,
  "f1_score": 0.5641025641025641,
  "auc": 0.6066481994459834,
  "training_time_sec": 288.47626066207886,
  "epochs_completed": 113,
  "config": {
    "num_layers": 12,
    "lr": 0.02,
    "batch_size": 64,
    "opt_name": "adam",
    "img_size": 64
  }
}