{
  "accuracy": 0.5526315789473685,
  "precision": 0.5454545454545454,
  "recall": 0.631578947368421,
  "f1_score": 0.5853658536585366,
  "auc": 0.6204986149584487,
  "training_time_sec": 173.5339322090149,
  "epochs_completed": 118,
  "config": {
    "num_layers": 12,
    "lr": 0.1,
    "batch_size": 32,
    "opt_name": "adam",
    "img_size": 16
  },
  "lr_schedule": "cosine_decay"
}