{
  "accuracy": 0.4935064935064935,
  "precision": 0.4931506849315068,
  "recall": 0.4675324675324675,
  "f1_score": 0.48,
  "auc": 0.5392140327205263,
  "training_time_sec": 140.195659160614,
  "epochs_completed": 51,
  "config": {
    "num_layers": 10,
    "lr": 0.02,
    "batch_size": 32,
    "opt_name": "sgd",
    "img_size": 64
  }
}