{
  "accuracy": 0.5526315789473685,
  "precision": 0.5833333333333334,
  "recall": 0.3684210526315789,
  "f1_score": 0.45161290322580644,
  "auc": 0.46814404432132956,
  "training_time_sec": 1735.909469127655,
  "epochs_completed": 416,
  "config": {
    "num_layers": 30,
    "lr": 0.001,
    "batch_size": 32,
    "opt_name": "adam",
    "img_size": 32
  },
  "lr_schedule": "cosine_decay"
}