{
  "accuracy": 0.734375,
  "precision": 0.8,
  "recall": 0.625,
  "f1_score": 0.7017543859649122,
  "auc": 0.744873046875,
  "best_train_loss": 0.5608518840745091,
  "training_time_sec": 182.88956880569458,
  "epochs_completed": 1000,
  "config": {
    "num_layers": 20,
    "lr": 0.01,
    "batch_size": 16,
    "opt_name": "adam",
    "img_size": 4
  }
}