{
  "accuracy": 0.7265625,
  "precision": 0.7735849056603774,
  "recall": 0.640625,
  "f1_score": 0.7008547008547008,
  "auc": 0.713134765625,
  "best_train_loss": 0.5707837417721748,
  "training_time_sec": 65.41271901130676,
  "epochs_completed": 1000,
  "config": {
    "num_layers": 20,
    "lr": 0.01,
    "batch_size": 64,
    "opt_name": "adam",
    "img_size": 4
  }
}