epoch,loss
1,0.6931746204694113
2,0.6931679050127665
3,0.6931658486525217
4,0.6931763887405396
5,0.6931592722733816
6,0.6931563715140024
7,0.6931617359320322
8,0.6931714117527008
9,0.6931502223014832
10,0.6931588252385458
11,0.6931515534718832
12,0.6931430002053579
13,0.6931420564651489
14,0.6931326786677042
15,0.6931270559628805
16,0.6931268771489462
17,0.6931122541427612
18,0.6931113302707672
19,0.6931072274843851
20,0.693093458811442
21,0.6930901308854421
22,0.6930855611960093
23,0.6930946310361227
24,0.6930670142173767
25,0.6930692493915558
26,0.6930618981520335
27,0.693051815032959
28,0.6930539906024933
29,0.69305419921875
30,0.6930127839247385
31,0.6930455168088278
32,0.6930371125539144
33,0.6930347084999084
34,0.6930157343546549
35,0.6930018266042074
36,0.6930060485998789
37,0.6930038928985596
38,0.6930053730805715
39,0.6929728786150614
40,0.6929864088694254
41,0.6929533978303274
42,0.6929488082726797
43,0.6929596463839213
44,0.6929644147555033
45,0.692915290594101
46,0.6928850213686625
47,0.6929406026999155
48,0.69292480746905
49,0.6929018298784891
50,0.6929022471110026
51,0.6928609609603882
