{
  "accuracy": 0.6842105263157895,
  "precision": 0.7058823529411765,
  "recall": 0.631578947368421,
  "f1_score": 0.6666666666666666,
  "auc": 0.7174515235457064,
  "training_time_sec": 20996.13442134857,
  "memory_usage_kb": 32032,
  "data_loading_time_sec": 20999.87278175354,
  "num_qubits": 9,
  "num_samples_test": 38,
  "num_layers": 3
}