{
  "accuracy": 0.8157894736842105,
  "precision": 0.9285714285714286,
  "recall": 0.6842105263157895,
  "f1_score": 0.7878787878787878,
  "auc": 0.8725761772853186,
  "training_time_sec": 3057.862025976181,
  "epochs_completed": 2011,
  "config": {
    "num_layers": 30,
    "lr": 0.001,
    "batch_size": 32,
    "opt_name": "adam",
    "img_size": 4
  }
}