{
  "accuracy": 0.6052631578947368,
  "precision": 0.6,
  "recall": 0.631578947368421,
  "f1_score": 0.6153846153846154,
  "auc": 0.6675900277008311,
  "training_time_sec": 133.32517290115356,
  "epochs_completed": 62,
  "config": {
    "num_layers": 12,
    "lr": 0.02,
    "batch_size": 64,
    "opt_name": "adam",
    "img_size": 32
  },
  "lr_schedule": "cosine_decay"
}