{
  "accuracy": 0.7105263157894737,
  "precision": 0.75,
  "recall": 0.631578947368421,
  "f1_score": 0.6857142857142857,
  "auc": 0.6925207756232687,
  "training_time_sec": 3862.331715106964,
  "epochs_completed": 10000,
  "config": {
    "num_layers": 7,
    "lr": 0.001,
    "batch_size": 32,
    "opt_name": "sgd",
    "img_size": 4
  }
}