{
  "accuracy": 0.6578947368421053,
  "precision": 0.75,
  "recall": 0.47368421052631576,
  "f1_score": 0.5806451612903226,
  "auc": 0.6925207756232687,
  "training_time_sec": 117.44794940948486,
  "epochs_completed": 51,
  "config": {
    "num_layers": 12,
    "lr": 0.001,
    "batch_size": 8,
    "opt_name": "adam",
    "img_size": 32
  },
  "lr_schedule": "cosine_decay"
}