{
  "accuracy": 0.6842105263157895,
  "precision": 0.7333333333333333,
  "recall": 0.5789473684210527,
  "f1_score": 0.6470588235294118,
  "auc": 0.6814404432132964,
  "training_time_sec": 1894.7075176239014,
  "epochs_completed": 10000,
  "config": {
    "num_layers": 3,
    "lr": 0.001,
    "batch_size": 32,
    "opt_name": "sgd",
    "img_size": 4
  }
}