{
  "accuracy": 0.7368421052631579,
  "precision": 0.9090909090909091,
  "recall": 0.5263157894736842,
  "f1_score": 0.6666666666666666,
  "auc": 0.7617728531855955,
  "training_time_sec": 1432.0198016166687,
  "epochs_completed": 3637,
  "config": {
    "num_layers": 7,
    "lr": 0.01,
    "batch_size": 16,
    "opt_name": "sgd",
    "img_size": 4
  }
}