{
  "accuracy": 0.7105263157894737,
  "precision": 0.75,
  "recall": 0.631578947368421,
  "f1_score": 0.6857142857142857,
  "auc": 0.6952908587257618,
  "training_time_sec": 3841.904078722,
  "epochs_completed": 9842,
  "config": {
    "num_layers": 7,
    "lr": 0.001,
    "batch_size": 16,
    "opt_name": "sgd",
    "img_size": 4
  }
}