{
  "accuracy": 0.5789473684210527,
  "precision": 0.5714285714285714,
  "recall": 0.631578947368421,
  "f1_score": 0.6,
  "auc": 0.6675900277008311,
  "training_time_sec": 37.544875144958496,
  "epochs_completed": 90,
  "config": {
    "num_layers": 2,
    "lr": 0.05,
    "batch_size": 16,
    "opt_name": "adam",
    "img_size": 32
  }
}