{
  "accuracy": 0.5,
  "precision": 0.5,
  "recall": 0.42105263157894735,
  "f1_score": 0.45714285714285713,
  "auc": 0.4653739612188365,
  "training_time_sec": 3606.3321063518524,
  "epochs_completed": 897,
  "config": {
    "num_layers": 30,
    "lr": 0.001,
    "batch_size": 32,
    "opt_name": "adam",
    "img_size": 32
  }
}