{
  "accuracy": 0.3046875,
  "precision": 1.0,
  "recall": 0.609375,
  "f1_score": 0.7572815533980582,
  "auc": 0.609375,
  "best_train_loss": 0.5431494452059269,
  "training_time_sec": 816.7411820888519,
  "epochs_completed": 3000,
  "config": {
    "num_layers": 6,
    "lr": 0.05,
    "batch_size": 32,
    "opt_name": "adam",
    "img_size": 32
  }
}