{
  "accuracy": 0.90625,
  "precision": 0.9642857142857143,
  "recall": 0.84375,
  "f1_score": 0.9,
  "auc": 0.931640625,
  "best_train_loss": 0.017458072485169396,
  "training_time_sec": 5531.120408296585,
  "epochs_completed": 10000,
  "config": {
    "num_layers": 17,
    "lr": 0.05,
    "batch_size": 32,
    "img_size": 32
  }
}