{
  "accuracy": 0.640625,
  "precision": 0.7045454545454546,
  "recall": 0.484375,
  "f1_score": 0.5740740740740741,
  "auc": 0.61865234375,
  "best_train_loss": 0.5975547265261412,
  "training_time_sec": 712.3559350967407,
  "epochs_completed": 5000,
  "config": {
    "num_layers": 16,
    "lr": 0.05,
    "batch_size": 32,
    "opt_name": "adam",
    "img_size": 4
  }
}