{
  "accuracy": 0.3359375,
  "precision": 1.0,
  "recall": 0.671875,
  "f1_score": 0.8037383177570093,
  "auc": 0.71875,
  "best_train_loss": 0.6247198171913624,
  "training_time_sec": 819.9077093601227,
  "epochs_completed": 3000,
  "config": {
    "num_layers": 2,
    "lr": 0.05,
    "batch_size": 32,
    "opt_name": "adam",
    "img_size": 4
  }
}