{
  "accuracy": 0.5546875,
  "precision": 0.5555555555555556,
  "recall": 0.546875,
  "f1_score": 0.5511811023622047,
  "auc": 0.55908203125,
  "best_train_loss": 0.6787207536399364,
  "training_time_sec": 677.6929106712341,
  "epochs_completed": 1000,
  "config": {
    "num_layers": 15,
    "lr": 0.001,
    "batch_size": 16,
    "opt_name": "adam",
    "img_size": 64
  }
}