{
  "accuracy": 0.2421875,
  "precision": 1.0,
  "recall": 0.484375,
  "f1_score": 0.6526315789473685,
  "auc": 0.484375,
  "best_train_loss": 0.6188595369458199,
  "training_time_sec": 3733.565995693207,
  "epochs_completed": 3000,
  "config": {
    "num_layers": 6,
    "lr": 0.05,
    "batch_size": 32,
    "opt_name": "adam",
    "img_size": 128
  }
}