{
  "accuracy": 0.71875,
  "precision": 0.7258064516129032,
  "recall": 0.703125,
  "f1_score": 0.7142857142857143,
  "auc": 0.785400390625,
  "best_train_loss": 0.565321683883667,
  "training_time_sec": 31.985939025878906,
  "epochs_completed": 1000,
  "config": {
    "num_layers": 7,
    "lr": 0.05,
    "batch_size": 64,
    "opt_name": "adam",
    "img_size": 4
  }
}