{
  "accuracy": 0.90625,
  "precision": 1.0,
  "recall": 0.8125,
  "f1_score": 0.896551724137931,
  "auc": 0.98095703125,
  "best_train_loss": 0.03517259890213609,
  "training_time_sec": 5631.987978219986,
  "epochs_completed": 10000,
  "config": {
    "num_layers": 16,
    "lr": 0.05,
    "batch_size": 32,
    "img_size": 64
  }
}