{
  "accuracy": 0.5789473684210527,
  "precision": 0.6,
  "recall": 0.47368421052631576,
  "f1_score": 0.5294117647058824,
  "auc": 0.49584487534626037,
  "training_time_sec": 49.54067850112915,
  "epochs_completed": 223,
  "config": {
    "num_layers": 1,
    "lr": 0.05,
    "batch_size": 64,
    "opt_name": "adam",
    "img_size": 32
  }
}