{
  "accuracy": 0.5390625,
  "precision": 0.5454545454545454,
  "recall": 0.46875,
  "f1_score": 0.5042016806722689,
  "auc": 0.510498046875,
  "best_train_loss": 0.6900264546275139,
  "training_time_sec": 705.8611497879028,
  "epochs_completed": 1000,
  "config": {
    "num_layers": 7,
    "lr": 0.001,
    "batch_size": 16,
    "opt_name": "adam",
    "img_size": 128
  }
}