{
  "accuracy": 0.7368421052631579,
  "precision": 0.8,
  "recall": 0.631578947368421,
  "f1_score": 0.7058823529411765,
  "auc": 0.7146814404432134,
  "training_time_sec": 306.2029402256012,
  "epochs_completed": 459,
  "config": {
    "num_layers": 12,
    "lr": 0.01,
    "batch_size": 16,
    "opt_name": "adam",
    "img_size": 4
  }
}