{
  "accuracy": 0.3684210526315789,
  "precision": 0.3684210526315789,
  "recall": 0.3684210526315789,
  "f1_score": 0.3684210526315789,
  "auc": 0.30193905817174516,
  "training_time_sec": 11.01662278175354,
  "epochs_completed": 51,
  "config": {
    "num_layers": 2,
    "lr": 0.001,
    "batch_size": 8,
    "opt_name": "adam",
    "img_size": 4
  }
}