{
  "accuracy": 0.3203125,
  "precision": 1.0,
  "recall": 0.640625,
  "f1_score": 0.780952380952381,
  "auc": 0.640625,
  "best_train_loss": 0.5973257683217525,
  "training_time_sec": 1568.2043871879578,
  "epochs_completed": 3000,
  "config": {
    "num_layers": 5,
    "lr": 0.05,
    "batch_size": 32,
    "opt_name": "adam",
    "img_size": 64
  }
}