{
  "accuracy": 0.8421052631578947,
  "precision": 0.8421052631578947,
  "recall": 0.8421052631578947,
  "f1_score": 0.8421052631578947,
  "auc": 0.8393351800554016,
  "training_time_sec": 161.6682538986206,
  "epochs_completed": 181,
  "config": {
    "num_layers": 7,
    "lr": 0.05,
    "batch_size": 16,
    "opt_name": "adam",
    "img_size": 16
  },
  "lr_schedule": "cosine_decay"
}