{
  "accuracy": 0.47368421052631576,
  "precision": 0.47619047619047616,
  "recall": 0.5263157894736842,
  "f1_score": 0.5,
  "auc": 0.4016620498614959,
  "training_time_sec": 52.18428325653076,
  "epochs_completed": 96,
  "config": {
    "num_layers": 2,
    "lr": 0.1,
    "batch_size": 64,
    "opt_name": "adam",
    "img_size": 64
  },
  "lr_schedule": "cosine_decay"
}