{
  "accuracy": 0.5263157894736842,
  "precision": 0.5238095238095238,
  "recall": 0.5789473684210527,
  "f1_score": 0.55,
  "auc": 0.5983379501385042,
  "training_time_sec": 283.71484637260437,
  "epochs_completed": 606,
  "config": {
    "num_layers": 3,
    "lr": 0.001,
    "batch_size": 64,
    "opt_name": "adam",
    "img_size": 32
  },
  "lr_schedule": "cosine_decay"
}