{
  "accuracy": 0.5,
  "precision": 0.5,
  "recall": 0.5,
  "f1_score": 0.5,
  "auc": 0.476318359375,
  "best_train_loss": 0.6748179644346237,
  "training_time_sec": 1343.1405477523804,
  "epochs_completed": 1000,
  "config": {
    "num_layers": 15,
    "lr": 0.1,
    "batch_size": 16,
    "opt_name": "adam",
    "img_size": 128
  }
}