{
  "accuracy": 0.671875,
  "precision": 0.75,
  "recall": 0.515625,
  "f1_score": 0.6111111111111112,
  "auc": 0.60546875,
  "best_train_loss": 0.5400713384151459,
  "training_time_sec": 34.29418921470642,
  "epochs_completed": 1000,
  "config": {
    "num_layers": 5,
    "lr": 0.01,
    "batch_size": 64,
    "opt_name": "adam",
    "img_size": 4
  }
}