{
  "accuracy": 0.5064935064935064,
  "precision": 0.5058823529411764,
  "recall": 0.5584415584415584,
  "f1_score": 0.5308641975308642,
  "auc": 0.47343565525383713,
  "training_time_sec": 300.5469388961792,
  "epochs_completed": 51,
  "config": {
    "num_layers": 20,
    "lr": 0.01,
    "batch_size": 8,
    "opt_name": "sgd",
    "img_size": 64
  }
}