{
  "accuracy": 0.9375,
  "precision": 1.0,
  "recall": 0.875,
  "f1_score": 0.9333333333333333,
  "auc": 0.998046875,
  "best_train_loss": 0.2260512188076973,
  "training_time_sec": 3216.4372050762177,
  "epochs_completed": 10000,
  "config": {
    "num_layers": 1,
    "lr": 0.05,
    "batch_size": 32,
    "img_size": 128
  }
}