{
  "accuracy": 0.5078125,
  "precision": 0.5070422535211268,
  "recall": 0.5625,
  "f1_score": 0.5333333333333333,
  "auc": 0.46826171875,
  "best_train_loss": 0.6556438729166985,
  "training_time_sec": 511.2480499744415,
  "epochs_completed": 1000,
  "config": {
    "num_layers": 5,
    "lr": 0.05,
    "batch_size": 16,
    "opt_name": "adam",
    "img_size": 128
  }
}