{
  "accuracy": 0.5,
  "precision": 0.5,
  "recall": 0.47368421052631576,
  "f1_score": 0.4864864864864865,
  "auc": 0.45429362880886426,
  "training_time_sec": 23.961668014526367,
  "epochs_completed": 68,
  "config": {
    "num_layers": 2,
    "lr": 0.1,
    "batch_size": 32,
    "opt_name": "adam",
    "img_size": 16
  },
  "lr_schedule": "cosine_decay"
}