{
  "accuracy": 0.5078125,
  "precision": 0.5098039215686274,
  "recall": 0.40625,
  "f1_score": 0.45217391304347826,
  "auc": 0.46044921875,
  "best_train_loss": 0.6011758558452129,
  "training_time_sec": 60.97523784637451,
  "epochs_completed": 1000,
  "config": {
    "num_layers": 3,
    "lr": 0.01,
    "batch_size": 16,
    "opt_name": "adam",
    "img_size": 8
  }
}