{
  "accuracy": 0.6052631578947368,
  "precision": 0.5909090909090909,
  "recall": 0.6842105263157895,
  "f1_score": 0.6341463414634146,
  "auc": 0.6426592797783934,
  "training_time_sec": 269.8889157772064,
  "epochs_completed": 148,
  "config": {
    "num_layers": 12,
    "lr": 0.001,
    "batch_size": 64,
    "opt_name": "adam",
    "img_size": 32
  }
}