{
  "accuracy": 0.4609375,
  "precision": 0.4666666666666667,
  "recall": 0.546875,
  "f1_score": 0.5035971223021583,
  "auc": 0.47021484375,
  "best_train_loss": 0.5941084213554859,
  "training_time_sec": 3380.4459896087646,
  "epochs_completed": 5000,
  "config": {
    "num_layers": 5,
    "lr": 0.05,
    "batch_size": 32,
    "opt_name": "adam",
    "img_size": 128
  }
}