{
  "accuracy": 0.5263157894736842,
  "precision": 0.52,
  "recall": 0.6842105263157895,
  "f1_score": 0.5909090909090909,
  "auc": 0.6897506925207756,
  "training_time_sec": 436.32278776168823,
  "epochs_completed": 811,
  "config": {
    "num_layers": 10,
    "lr": 0.01,
    "batch_size": 64,
    "opt_name": "adam",
    "img_size": 4
  }
}