{
  "accuracy": 0.5263157894736842,
  "precision": 0.5333333333333333,
  "recall": 0.42105263157894735,
  "f1_score": 0.47058823529411764,
  "auc": 0.5457063711911357,
  "training_time_sec": 37.20779299736023,
  "memory_usage_kb": 1489200,
  "data_loading_time_sec": 40.313188552856445,
  "num_qubits": 11,
  "num_samples_test": 38,
  "num_layers": 3
}