{
  "accuracy": 0.515625,
  "precision": 0.5147058823529411,
  "recall": 0.546875,
  "f1_score": 0.5303030303030303,
  "auc": 0.49951171875,
  "best_train_loss": 0.6913327425718307,
  "training_time_sec": 310.04363989830017,
  "epochs_completed": 1000,
  "config": {
    "num_layers": 3,
    "lr": 0.001,
    "batch_size": 16,
    "opt_name": "adam",
    "img_size": 128
  }
}