{
  "accuracy": 0.7109375,
  "precision": 0.7647058823529411,
  "recall": 0.609375,
  "f1_score": 0.6782608695652174,
  "auc": 0.709228515625,
  "best_train_loss": 0.5610968805849552,
  "training_time_sec": 126.96157956123352,
  "epochs_completed": 1000,
  "config": {
    "num_layers": 20,
    "lr": 0.01,
    "batch_size": 32,
    "opt_name": "adam",
    "img_size": 4
  }
}