{
  "accuracy": 0.421875,
  "precision": 0.4166666666666667,
  "recall": 0.390625,
  "f1_score": 0.4032258064516129,
  "auc": 0.41357421875,
  "best_train_loss": 0.6913136951625347,
  "training_time_sec": 402.2845902442932,
  "epochs_completed": 1000,
  "config": {
    "num_layers": 5,
    "lr": 0.001,
    "batch_size": 32,
    "opt_name": "adam",
    "img_size": 128
  }
}