{
  "accuracy": 0.53125,
  "precision": 0.5294117647058824,
  "recall": 0.5625,
  "f1_score": 0.5454545454545454,
  "auc": 0.55859375,
  "best_train_loss": 0.5877079293131828,
  "training_time_sec": 402.60642290115356,
  "epochs_completed": 1000,
  "config": {
    "num_layers": 20,
    "lr": 0.05,
    "batch_size": 64,
    "opt_name": "adam",
    "img_size": 64
  }
}