{
  "accuracy": 0.39473684210526316,
  "precision": 0.4166666666666667,
  "recall": 0.5263157894736842,
  "f1_score": 0.46511627906976744,
  "auc": 0.34072022160664817,
  "training_time_sec": 1428.3951239585876,
  "epochs_completed": 247,
  "config": {
    "num_layers": 30,
    "lr": 0.05,
    "batch_size": 8,
    "opt_name": "adam",
    "img_size": 64
  },
  "lr_schedule": "cosine_decay"
}