{
  "accuracy": 0.3684210526315789,
  "precision": 0.3684210526315789,
  "recall": 0.3684210526315789,
  "f1_score": 0.3684210526315789,
  "auc": 0.368421052631579,
  "training_time_sec": 269.9946708679199,
  "epochs_completed": 192,
  "config": {
    "num_layers": 7,
    "lr": 0.05,
    "batch_size": 64,
    "opt_name": "adam",
    "img_size": 64
  },
  "lr_schedule": "cosine_decay"
}