{
  "accuracy": 0.5,
  "precision": 0.5,
  "recall": 0.4375,
  "f1_score": 0.4666666666666667,
  "auc": 0.467529296875,
  "best_train_loss": 0.683267492800951,
  "training_time_sec": 120.83679914474487,
  "epochs_completed": 1000,
  "config": {
    "num_layers": 7,
    "lr": 0.001,
    "batch_size": 32,
    "opt_name": "adam",
    "img_size": 32
  }
}