epoch,loss
1,0.6931470415808938
2,0.6930635679851879
3,0.6928963363170624
4,0.6927722909233787
5,0.6925358799370852
6,0.6923460770737041
7,0.6920931881124323
8,0.6919484707442197
9,0.6914478134025227
10,0.6909342110157013
11,0.6906737576831471
12,0.6902165087786588
13,0.6897809640927748
14,0.6894372999668121
15,0.6892522492192008
16,0.6885794238610701
17,0.6882987347516146
18,0.6881148435852744
19,0.6878457828001543
20,0.6869502203031019
21,0.6863810582594438
22,0.6864580512046814
23,0.6881840472871606
24,0.6863132959062402
25,0.6856948760422793
26,0.6850062825463035
27,0.685884332115
28,0.6844356303865259
29,0.6835854676636782
30,0.6832953799854625
31,0.682926974513314
32,0.6828051724217155
33,0.6825075528838418
34,0.6816019415855408
35,0.6814605431123213
36,0.6815928979353472
37,0.6808868104761298
38,0.6805570829998363
39,0.6814904077486559
40,0.6798545934937217
41,0.6796708459203894
42,0.6788164864886891
43,0.6783808415586298
44,0.677676341750405
45,0.6801105439662933
46,0.67819913408973
47,0.6774630898779089
48,0.6767186034809459
49,0.6767766638235613
50,0.6766454821283167
51,0.6752286011522467
52,0.6760741580616344
53,0.6756849993358959
54,0.675491685217077
55,0.6746998971158807
56,0.6769718365235762
57,0.6755299974571575
58,0.676543886011297
59,0.6735388040542603
60,0.6732276217503981
61,0.6717116372151808
62,0.6717917160554365
63,0.6722108857198195
64,0.672921592539007
65,0.6725584756244313
66,0.6713319041512229
67,0.671183171597394
68,0.6717494211413644
69,0.6717894917184656
70,0.6694208762862466
71,0.6696173413233324
72,0.6699832244352861
