{
  "accuracy": 0.42105263157894735,
  "precision": 0.42857142857142855,
  "recall": 0.47368421052631576,
  "f1_score": 0.45,
  "auc": 0.4016620498614959,
  "training_time_sec": 41.991342306137085,
  "epochs_completed": 72,
  "config": {
    "num_layers": 2,
    "lr": 0.02,
    "batch_size": 8,
    "opt_name": "adam",
    "img_size": 64
  }
}