{
  "accuracy": 0.4296875,
  "precision": 0.4307692307692308,
  "recall": 0.4375,
  "f1_score": 0.43410852713178294,
  "auc": 0.42822265625,
  "best_train_loss": 0.588078498840332,
  "training_time_sec": 94.49559950828552,
  "epochs_completed": 1000,
  "config": {
    "num_layers": 5,
    "lr": 0.05,
    "batch_size": 64,
    "opt_name": "adam",
    "img_size": 32
  }
}