{
  "accuracy": 0.4609375,
  "precision": 0.463768115942029,
  "recall": 0.5,
  "f1_score": 0.48120300751879697,
  "auc": 0.45654296875,
  "best_train_loss": 0.6285473294556141,
  "training_time_sec": 1999.5550525188446,
  "epochs_completed": 5000,
  "config": {
    "num_layers": 3,
    "lr": 0.05,
    "batch_size": 32,
    "opt_name": "adam",
    "img_size": 128
  }
}