{
  "accuracy": 0.5789473684210527,
  "precision": 0.5882352941176471,
  "recall": 0.5263157894736842,
  "f1_score": 0.5555555555555556,
  "auc": 0.5844875346260388,
  "training_time_sec": 2168.0440907478333,
  "epochs_completed": 659,
  "config": {
    "num_layers": 30,
    "lr": 0.1,
    "batch_size": 8,
    "opt_name": "sgd",
    "img_size": 16
  },
  "lr_schedule": "cosine_decay"
}