{
  "accuracy": 0.8157894736842105,
  "precision": 0.875,
  "recall": 0.7368421052631579,
  "f1_score": 0.8,
  "auc": 0.894736842105263,
  "training_time_sec": 5086.720244884491,
  "epochs_completed": 3316,
  "config": {
    "num_layers": 30,
    "lr": 0.02,
    "batch_size": 16,
    "opt_name": "sgd",
    "img_size": 4
  }
}