{
  "accuracy": 0.6578947368421053,
  "precision": 0.7142857142857143,
  "recall": 0.5263157894736842,
  "f1_score": 0.6060606060606061,
  "auc": 0.700831024930748,
  "training_time_sec": 6257.1345472335815,
  "epochs_completed": 5853,
  "config": {
    "num_layers": 20,
    "lr": 0.001,
    "batch_size": 8,
    "opt_name": "sgd",
    "img_size": 4
  }
}