{
  "accuracy": 0.921875,
  "precision": 0.9821428571428571,
  "recall": 0.859375,
  "f1_score": 0.9166666666666666,
  "auc": 0.9521484375,
  "best_train_loss": 0.12407453893683851,
  "training_time_sec": 448.540647983551,
  "epochs_completed": 5000,
  "config": {
    "num_layers": 3,
    "lr": 0.05,
    "batch_size": 32,
    "img_size": 32
  }
}