{
  "accuracy": 0.6052631578947368,
  "precision": 0.5833333333333334,
  "recall": 0.7368421052631579,
  "f1_score": 0.6511627906976745,
  "auc": 0.4930747922437673,
  "training_time_sec": 866.2396786212921,
  "epochs_completed": 143,
  "config": {
    "num_layers": 30,
    "lr": 0.05,
    "batch_size": 32,
    "opt_name": "adam",
    "img_size": 64
  }
}