{
  "accuracy": 0.703125,
  "precision": 0.76,
  "recall": 0.59375,
  "f1_score": 0.6666666666666666,
  "auc": 0.715087890625,
  "best_train_loss": 0.6065890565514565,
  "training_time_sec": 28.445672035217285,
  "epochs_completed": 1000,
  "config": {
    "num_layers": 7,
    "lr": 0.001,
    "batch_size": 64,
    "opt_name": "adam",
    "img_size": 4
  }
}