{
  "accuracy": 0.5859375,
  "precision": 0.627906976744186,
  "recall": 0.421875,
  "f1_score": 0.5046728971962616,
  "auc": 0.516357421875,
  "best_train_loss": 0.5993592515587807,
  "training_time_sec": 212.61611318588257,
  "epochs_completed": 1000,
  "config": {
    "num_layers": 5,
    "lr": 0.05,
    "batch_size": 16,
    "opt_name": "adam",
    "img_size": 64
  }
}