{
  "accuracy": 0.631578947368421,
  "precision": 0.6190476190476191,
  "recall": 0.6842105263157895,
  "f1_score": 0.65,
  "auc": 0.631578947368421,
  "training_time_sec": 207.80945658683777,
  "memory_usage_kb": 1943172,
  "data_loading_time_sec": 213.252366065979,
  "num_qubits": 13,
  "num_samples_test": 38,
  "num_layers": 15
}