{
  "accuracy": 0.34210526315789475,
  "precision": 0.36363636363636365,
  "recall": 0.42105263157894735,
  "f1_score": 0.3902439024390244,
  "auc": 0.27977839335180055,
  "training_time_sec": 140.31589937210083,
  "epochs_completed": 124,
  "config": {
    "num_layers": 7,
    "lr": 0.05,
    "batch_size": 16,
    "opt_name": "adam",
    "img_size": 32
  },
  "lr_schedule": "cosine_decay"
}