{
  "accuracy": 0.6842105263157895,
  "precision": 0.7058823529411765,
  "recall": 0.631578947368421,
  "f1_score": 0.6666666666666666,
  "auc": 0.706371191135734,
  "training_time_sec": 12642.555799484253,
  "epochs_completed": 8364,
  "config": {
    "num_layers": 30,
    "lr": 0.001,
    "batch_size": 64,
    "opt_name": "sgd",
    "img_size": 4
  }
}