{
  "accuracy": 0.7109375,
  "precision": 0.7755102040816326,
  "recall": 0.59375,
  "f1_score": 0.672566371681416,
  "auc": 0.712158203125,
  "best_train_loss": 0.5830664345994592,
  "training_time_sec": 60.86937212944031,
  "epochs_completed": 1000,
  "config": {
    "num_layers": 3,
    "lr": 0.01,
    "batch_size": 16,
    "opt_name": "adam",
    "img_size": 4
  }
}