{
  "accuracy": 0.5,
  "precision": 0.5,
  "recall": 0.5,
  "f1_score": 0.5,
  "auc": 0.527099609375,
  "best_train_loss": 0.6275624297559261,
  "training_time_sec": 1273.8826179504395,
  "epochs_completed": 5000,
  "config": {
    "num_layers": 2,
    "lr": 0.05,
    "batch_size": 32,
    "opt_name": "adam",
    "img_size": 128
  }
}