{
  "accuracy": 0.5703125,
  "precision": 0.5714285714285714,
  "recall": 0.5625,
  "f1_score": 0.5669291338582677,
  "auc": 0.562255859375,
  "best_train_loss": 0.5703634787350893,
  "training_time_sec": 712.7922115325928,
  "epochs_completed": 5000,
  "config": {
    "num_layers": 4,
    "lr": 0.05,
    "batch_size": 32,
    "opt_name": "adam",
    "img_size": 32
  }
}