{
  "accuracy": 0.6796875,
  "precision": 0.6949152542372882,
  "recall": 0.640625,
  "f1_score": 0.6666666666666666,
  "auc": 0.697021484375,
  "best_train_loss": 0.53541468270123,
  "training_time_sec": 58.776336908340454,
  "epochs_completed": 1000,
  "config": {
    "num_layers": 5,
    "lr": 0.01,
    "batch_size": 32,
    "opt_name": "adam",
    "img_size": 16
  }
}