{
  "accuracy": 0.5,
  "precision": 0.5,
  "recall": 0.4805194805194805,
  "f1_score": 0.4900662251655629,
  "auc": 0.48945859335469727,
  "training_time_sec": 417.34157943725586,
  "epochs_completed": 51,
  "config": {
    "num_layers": 30,
    "lr": 0.05,
    "batch_size": 64,
    "opt_name": "sgd",
    "img_size": 64
  }
}