{
  "accuracy": 0.3684210526315789,
  "precision": 0.3684210526315789,
  "recall": 0.3684210526315789,
  "f1_score": 0.3684210526315789,
  "auc": 0.41274238227146814,
  "training_time_sec": 704.4910542964935,
  "epochs_completed": 183,
  "config": {
    "num_layers": 20,
    "lr": 0.05,
    "batch_size": 64,
    "opt_name": "adam",
    "img_size": 64
  },
  "lr_schedule": "cosine_decay"
}