epoch,loss
1,0.6931307117144266
2,0.6930837432543436
3,0.693037619193395
4,0.69295734167099
5,0.692924976348877
6,0.6926339467366537
7,0.6925680538018545
8,0.6922524372736613
9,0.6922882795333862
10,0.6920764942963918
11,0.6917325754960378
12,0.6914749145507812
13,0.6912177503108978
14,0.6907590826352438
15,0.6904319822788239
16,0.6898986101150513
17,0.6897035042444865
18,0.689493199189504
19,0.6887652377287546
20,0.6888208389282227
21,0.6884031792481741
22,0.6878675222396851
23,0.687717060248057
24,0.6866139570871989
25,0.6867603162924448
26,0.6871194640795389
27,0.6872375905513763
28,0.6866450309753418
29,0.6879256069660187
30,0.6870033442974091
31,0.6872494916121165
32,0.685449610153834
33,0.6852125724156698
34,0.6850381195545197
35,0.6841288805007935
36,0.6845850845177969
37,0.6839370926221212
38,0.6831363538901011
39,0.6835117141405741
40,0.6837449073791504
41,0.6832044819990793
42,0.6836582819620768
43,0.6837039788564047
44,0.6831493973731995
45,0.6801567872365316
46,0.6814543008804321
47,0.6813192665576935
48,0.6792400976022085
49,0.6795927087465922
50,0.6797814269860586
51,0.6777305801709493
52,0.6787426273028055
