{
  "accuracy": 0.734375,
  "precision": 0.8,
  "recall": 0.625,
  "f1_score": 0.7017543859649122,
  "auc": 0.70947265625,
  "best_train_loss": 0.5786394383758307,
  "training_time_sec": 214.57929182052612,
  "epochs_completed": 1000,
  "config": {
    "num_layers": 20,
    "lr": 0.001,
    "batch_size": 16,
    "opt_name": "adam",
    "img_size": 4
  }
}