{
  "accuracy": 0.6842105263157895,
  "precision": 0.8181818181818182,
  "recall": 0.47368421052631576,
  "f1_score": 0.6,
  "auc": 0.7700831024930748,
  "training_time_sec": 129.13622879981995,
  "epochs_completed": 105,
  "config": {
    "num_layers": 20,
    "lr": 0.05,
    "batch_size": 64,
    "opt_name": "adam",
    "img_size": 4
  }
}