{
  "accuracy": 0.5859375,
  "precision": 0.582089552238806,
  "recall": 0.609375,
  "f1_score": 0.5954198473282443,
  "auc": 0.624755859375,
  "best_train_loss": 0.5676987022161484,
  "training_time_sec": 44.331584453582764,
  "epochs_completed": 1000,
  "config": {
    "num_layers": 5,
    "lr": 0.01,
    "batch_size": 64,
    "opt_name": "adam",
    "img_size": 16
  }
}