{
  "accuracy": 0.6484375,
  "precision": 0.6610169491525424,
  "recall": 0.609375,
  "f1_score": 0.6341463414634146,
  "auc": 0.648681640625,
  "best_train_loss": 0.4843575246632099,
  "training_time_sec": 43.27083921432495,
  "epochs_completed": 1000,
  "config": {
    "num_layers": 5,
    "lr": 0.05,
    "batch_size": 64,
    "opt_name": "adam",
    "img_size": 16
  }
}