{
  "accuracy": 0.564935064935065,
  "precision": 0.5735294117647058,
  "recall": 0.5064935064935064,
  "f1_score": 0.5379310344827586,
  "auc": 0.5908247596559285,
  "training_time_sec": 1287.4620790481567,
  "epochs_completed": 190,
  "config": {
    "num_layers": 20,
    "lr": 0.02,
    "batch_size": 8,
    "opt_name": "adam",
    "img_size": 64
  }
}