{
  "accuracy": 0.631578947368421,
  "precision": 0.6190476190476191,
  "recall": 0.6842105263157895,
  "f1_score": 0.65,
  "auc": 0.6426592797783933,
  "training_time_sec": 461.2756381034851,
  "epochs_completed": 170,
  "config": {
    "num_layers": 20,
    "lr": 0.02,
    "batch_size": 8,
    "opt_name": "adam",
    "img_size": 16
  },
  "lr_schedule": "cosine_decay"
}