{
  "accuracy": 0.6842105263157895,
  "precision": 0.8181818181818182,
  "recall": 0.47368421052631576,
  "f1_score": 0.6,
  "auc": 0.775623268698061,
  "training_time_sec": 976.2328703403473,
  "epochs_completed": 887,
  "config": {
    "num_layers": 20,
    "lr": 0.02,
    "batch_size": 8,
    "opt_name": "sgd",
    "img_size": 4
  }
}