{
  "accuracy": 0.5263157894736842,
  "precision": 0.5454545454545454,
  "recall": 0.3157894736842105,
  "f1_score": 0.4,
  "auc": 0.6149584487534626,
  "training_time_sec": 18.93287682533264,
  "epochs_completed": 51,
  "config": {
    "num_layers": 2,
    "lr": 0.001,
    "batch_size": 64,
    "opt_name": "adam",
    "img_size": 16
  },
  "lr_schedule": "cosine_decay"
}