{
  "accuracy": 0.5234375,
  "precision": 0.5217391304347826,
  "recall": 0.5625,
  "f1_score": 0.5413533834586466,
  "auc": 0.476806640625,
  "best_train_loss": 0.6746836230158806,
  "training_time_sec": 404.7705280780792,
  "epochs_completed": 1000,
  "config": {
    "num_layers": 5,
    "lr": 0.01,
    "batch_size": 32,
    "opt_name": "adam",
    "img_size": 128
  }
}