{
  "accuracy": 0.8671875,
  "precision": 0.9607843137254902,
  "recall": 0.765625,
  "f1_score": 0.8521739130434782,
  "auc": 0.908935546875,
  "best_train_loss": 0.011040597717510536,
  "training_time_sec": 3536.2054579257965,
  "epochs_completed": 10000,
  "config": {
    "num_layers": 18,
    "lr": 0.05,
    "batch_size": 32,
    "img_size": 32
  }
}