{
  "accuracy": 0.461038961038961,
  "precision": 0.4605263157894737,
  "recall": 0.45454545454545453,
  "f1_score": 0.45751633986928103,
  "auc": 0.46264125484904706,
  "training_time_sec": 226.899756193161,
  "epochs_completed": 51,
  "config": {
    "num_layers": 15,
    "lr": 0.02,
    "batch_size": 8,
    "opt_name": "sgd",
    "img_size": 64
  }
}