{
  "accuracy": 0.890625,
  "precision": 0.9629629629629629,
  "recall": 0.8125,
  "f1_score": 0.8813559322033898,
  "auc": 0.935546875,
  "best_train_loss": 0.25713126827031374,
  "training_time_sec": 193.61385011672974,
  "epochs_completed": 5000,
  "config": {
    "num_layers": 1,
    "lr": 0.05,
    "batch_size": 32,
    "img_size": 32
  }
}