{
  "accuracy": 0.47368421052631576,
  "precision": 0.47058823529411764,
  "recall": 0.42105263157894735,
  "f1_score": 0.4444444444444444,
  "auc": 0.481994459833795,
  "training_time_sec": 277.5813179016113,
  "epochs_completed": 51,
  "config": {
    "num_layers": 20,
    "lr": 0.01,
    "batch_size": 8,
    "opt_name": "sgd",
    "img_size": 64
  }
}