{
  "accuracy": 0.43506493506493504,
  "precision": 0.4305555555555556,
  "recall": 0.4025974025974026,
  "f1_score": 0.4161073825503356,
  "auc": 0.45167819193793224,
  "training_time_sec": 22.247165203094482,
  "epochs_completed": 51,
  "config": {
    "num_layers": 1,
    "lr": 0.05,
    "batch_size": 16,
    "opt_name": "sgd",
    "img_size": 64
  }
}