{
  "accuracy": 0.8421052631578947,
  "precision": 0.9333333333333333,
  "recall": 0.7368421052631579,
  "f1_score": 0.8235294117647058,
  "auc": 0.8975069252077563,
  "training_time_sec": 1694.6288430690765,
  "epochs_completed": 1113,
  "config": {
    "num_layers": 30,
    "lr": 0.01,
    "batch_size": 64,
    "opt_name": "adam",
    "img_size": 4
  }
}