{
  "accuracy": 0.5703125,
  "precision": 0.5714285714285714,
  "recall": 0.5625,
  "f1_score": 0.5669291338582677,
  "auc": 0.54931640625,
  "best_train_loss": 0.6249408684670925,
  "training_time_sec": 106.87301659584045,
  "epochs_completed": 1000,
  "config": {
    "num_layers": 7,
    "lr": 0.01,
    "batch_size": 32,
    "opt_name": "adam",
    "img_size": 32
  }
}