{
  "accuracy": 0.5789473684210527,
  "precision": 0.5652173913043478,
  "recall": 0.6842105263157895,
  "f1_score": 0.6190476190476191,
  "auc": 0.6426592797783933,
  "training_time_sec": 375.0543427467346,
  "epochs_completed": 332,
  "config": {
    "num_layers": 10,
    "lr": 0.01,
    "batch_size": 64,
    "opt_name": "adam",
    "img_size": 16
  },
  "lr_schedule": "cosine_decay"
}