epoch,loss
1,0.6931075851122538
2,0.693084716796875
3,0.6931047240893046
4,0.6930636664231619
5,0.69307808081309
6,0.6930694381395975
7,0.693089892466863
8,0.6930733025074005
9,0.6930738588174185
10,0.6930413643519083
11,0.6930496692657471
12,0.6930174926916758
13,0.6929855346679688
14,0.6930233736832937
15,0.6929820477962494
16,0.6929391622543335
17,0.6929666300614675
18,0.6929446458816528
19,0.6929502685864767
20,0.6929371257623037
21,0.6928491691748301
22,0.6928592224915823
23,0.6928528249263763
24,0.692779928445816
25,0.6927899916966757
26,0.6928468843301138
27,0.6927665869394938
28,0.6927472849686941
29,0.6927749216556549
30,0.6926655073960623
31,0.6926714479923248
32,0.6926230192184448
33,0.6926410694917043
34,0.6926144162813822
35,0.6924964586893717
36,0.6926200091838837
37,0.6925664246082306
38,0.6925608813762665
39,0.6925366620222727
40,0.6924888888994852
41,0.6924523611863455
42,0.6924392779668173
43,0.6924927433331808
44,0.692433089017868
45,0.6924070715904236
46,0.6923084159692129
47,0.692353775103887
48,0.6924626727898916
49,0.6923008064428965
50,0.6922871867815653
51,0.6922219892342886
