{
  "accuracy": 0.6578947368421053,
  "precision": 0.65,
  "recall": 0.6842105263157895,
  "f1_score": 0.6666666666666666,
  "auc": 0.6925207756232689,
  "training_time_sec": 464.1438453197479,
  "epochs_completed": 156,
  "config": {
    "num_layers": 20,
    "lr": 0.05,
    "batch_size": 64,
    "opt_name": "adam",
    "img_size": 32
  },
  "lr_schedule": "cosine_decay"
}