{
  "accuracy": 0.5,
  "precision": 0.5,
  "recall": 0.46875,
  "f1_score": 0.4838709677419355,
  "auc": 0.494140625,
  "best_train_loss": 0.6691338587552309,
  "training_time_sec": 549.0088737010956,
  "epochs_completed": 1000,
  "config": {
    "num_layers": 15,
    "lr": 0.001,
    "batch_size": 16,
    "opt_name": "adam",
    "img_size": 32
  }
}