{
  "accuracy": 0.4765625,
  "precision": 0.47619047619047616,
  "recall": 0.46875,
  "f1_score": 0.47244094488188976,
  "auc": 0.452880859375,
  "best_train_loss": 0.6259429082274437,
  "training_time_sec": 25.502158403396606,
  "epochs_completed": 1000,
  "config": {
    "num_layers": 3,
    "lr": 0.01,
    "batch_size": 64,
    "opt_name": "adam",
    "img_size": 8
  }
}