{
  "accuracy": 0.5263157894736842,
  "precision": 0.5454545454545454,
  "recall": 0.3157894736842105,
  "f1_score": 0.4,
  "auc": 0.4293628808864266,
  "training_time_sec": 90.08145260810852,
  "epochs_completed": 73,
  "config": {
    "num_layers": 7,
    "lr": 0.001,
    "batch_size": 64,
    "opt_name": "adam",
    "img_size": 32
  }
}