{
  "accuracy": 0.551948051948052,
  "precision": 0.5434782608695652,
  "recall": 0.6493506493506493,
  "f1_score": 0.591715976331361,
  "auc": 0.5511890706695902,
  "training_time_sec": 176.55247139930725,
  "epochs_completed": 479,
  "config": {
    "num_layers": 1,
    "lr": 0.01,
    "batch_size": 8,
    "opt_name": "adam",
    "img_size": 64
  }
}