{
  "accuracy": 0.5789473684210527,
  "precision": 0.6153846153846154,
  "recall": 0.42105263157894735,
  "f1_score": 0.5,
  "auc": 0.6177285318559557,
  "training_time_sec": 3009.251852273941,
  "epochs_completed": 824,
  "config": {
    "num_layers": 20,
    "lr": 0.001,
    "batch_size": 32,
    "opt_name": "adam",
    "img_size": 64
  }
}