{
  "accuracy": 0.631578947368421,
  "precision": 0.6190476190476191,
  "recall": 0.6842105263157895,
  "f1_score": 0.65,
  "auc": 0.556786703601108,
  "training_time_sec": 381.0718147754669,
  "epochs_completed": 51,
  "config": {
    "num_layers": 30,
    "lr": 0.01,
    "batch_size": 64,
    "opt_name": "adam",
    "img_size": 64
  },
  "lr_schedule": "cosine_decay"
}