{
  "accuracy": 0.525974025974026,
  "precision": 0.5256410256410257,
  "recall": 0.5324675324675324,
  "f1_score": 0.5290322580645161,
  "auc": 0.5174565694046214,
  "training_time_sec": 181.9157326221466,
  "epochs_completed": 51,
  "config": {
    "num_layers": 12,
    "lr": 0.05,
    "batch_size": 8,
    "opt_name": "sgd",
    "img_size": 64
  }
}