epoch,loss
1,0.6931557872078635
2,0.6931497183713046
3,0.6931454105810686
4,0.6931403143839403
5,0.693133912303231
6,0.693129076199098
7,0.6931239366531372
8,0.693119225176898
9,0.693114925514568
10,0.6931084069338712
11,0.693102625283328
12,0.6930973123420369
13,0.6930907531218096
14,0.6930862042036924
15,0.6930754618211226
16,0.693068498914892
17,0.6930650039152666
18,0.693064109845595
19,0.6930537792769346
20,0.6930430856618014
21,0.6930355050347068
22,0.6930306201631372
23,0.6930227415128187
24,0.6930090080608021
25,0.6929996311664581
26,0.6929953829808668
27,0.6929821724241431
28,0.6929719231345437
29,0.6929613189263777
30,0.6929439279166135
31,0.6929382438009436
32,0.6929249817674811
33,0.6929085742343556
34,0.6928904977711764
35,0.6928750005635348
36,0.6928699206222187
37,0.6928464770317078
38,0.6928387826139276
39,0.6928156045350161
40,0.6928025023503737
41,0.6927832039919767
42,0.692764783447439
43,0.6927529248324308
44,0.6927292319861326
45,0.6927089338952844
46,0.692692060362209
47,0.692681534723802
48,0.6926465820182454
49,0.6926483051343397
50,0.692627410997044
51,0.6925965005701239
