{
  "accuracy": 0.7368421052631579,
  "precision": 0.7647058823529411,
  "recall": 0.6842105263157895,
  "f1_score": 0.7222222222222222,
  "auc": 0.7562326869806094,
  "training_time_sec": 681.9803516864777,
  "epochs_completed": 817,
  "config": {
    "num_layers": 15,
    "lr": 0.001,
    "batch_size": 8,
    "opt_name": "adam",
    "img_size": 4
  }
}