{
  "accuracy": 0.23684210526315788,
  "precision": 0.32142857142857145,
  "recall": 0.47368421052631576,
  "f1_score": 0.3829787234042553,
  "auc": 0.23545706371191136,
  "training_time_sec": 137.13181447982788,
  "epochs_completed": 160,
  "config": {
    "num_layers": 7,
    "lr": 0.1,
    "batch_size": 64,
    "opt_name": "sgd",
    "img_size": 16
  },
  "lr_schedule": "cosine_decay"
}