{
  "accuracy": 0.5,
  "precision": 0.5,
  "recall": 0.5789473684210527,
  "f1_score": 0.5365853658536586,
  "auc": 0.5844875346260388,
  "training_time_sec": 59.63591241836548,
  "epochs_completed": 63,
  "config": {
    "num_layers": 5,
    "lr": 0.02,
    "batch_size": 64,
    "opt_name": "adam",
    "img_size": 32
  }
}