{
  "accuracy": 0.9375,
  "precision": 0.9827586206896551,
  "recall": 0.890625,
  "f1_score": 0.9344262295081968,
  "auc": 0.965087890625,
  "best_train_loss": 0.09388432675041258,
  "training_time_sec": 1504.0402755737305,
  "epochs_completed": 10000,
  "config": {
    "num_layers": 3,
    "lr": 0.05,
    "batch_size": 32,
    "img_size": 32
  }
}