{
  "accuracy": 0.484375,
  "precision": 0.4861111111111111,
  "recall": 0.546875,
  "f1_score": 0.5147058823529411,
  "auc": 0.5009765625,
  "best_train_loss": 0.632994033396244,
  "training_time_sec": 402.3279423713684,
  "epochs_completed": 1000,
  "config": {
    "num_layers": 20,
    "lr": 0.01,
    "batch_size": 64,
    "opt_name": "adam",
    "img_size": 64
  }
}