{
  "accuracy": 0.6484375,
  "precision": 0.6610169491525424,
  "recall": 0.609375,
  "f1_score": 0.6341463414634146,
  "auc": 0.675537109375,
  "best_train_loss": 0.6056541316211224,
  "training_time_sec": 125.17441916465759,
  "epochs_completed": 1000,
  "config": {
    "num_layers": 15,
    "lr": 0.01,
    "batch_size": 16,
    "opt_name": "adam",
    "img_size": 4
  }
}