{
  "accuracy": 0.515625,
  "precision": 0.515625,
  "recall": 0.515625,
  "f1_score": 0.515625,
  "auc": 0.534912109375,
  "best_train_loss": 0.6070881839841604,
  "training_time_sec": 410.6548156738281,
  "epochs_completed": 1000,
  "config": {
    "num_layers": 10,
    "lr": 0.01,
    "batch_size": 16,
    "opt_name": "adam",
    "img_size": 64
  }
}