{
  "accuracy": 0.8421052631578947,
  "precision": 0.8823529411764706,
  "recall": 0.7894736842105263,
  "f1_score": 0.8333333333333334,
  "auc": 0.8670360110803323,
  "training_time_sec": 246.74334144592285,
  "epochs_completed": 853,
  "config": {
    "num_layers": 5,
    "lr": 0.02,
    "batch_size": 64,
    "opt_name": "adam",
    "img_size": 4
  }
}