{
  "accuracy": 0.5263157894736842,
  "precision": 0.5357142857142857,
  "recall": 0.7894736842105263,
  "f1_score": 0.6382978723404256,
  "auc": 0.6398891966759003,
  "training_time_sec": 74.0993480682373,
  "epochs_completed": 236,
  "config": {
    "num_layers": 2,
    "lr": 0.01,
    "batch_size": 8,
    "opt_name": "adam",
    "img_size": 16
  },
  "lr_schedule": "cosine_decay"
}