{
  "accuracy": 0.5064935064935064,
  "precision": 0.5052631578947369,
  "recall": 0.6233766233766234,
  "f1_score": 0.5581395348837209,
  "auc": 0.526564344746163,
  "training_time_sec": 798.5696606636047,
  "epochs_completed": 2211,
  "config": {
    "num_layers": 1,
    "lr": 0.001,
    "batch_size": 8,
    "opt_name": "adam",
    "img_size": 64
  }
}