{
  "accuracy": 0.421875,
  "precision": 1.0,
  "recall": 0.84375,
  "f1_score": 0.9152542372881356,
  "auc": 0.84375,
  "best_train_loss": 0.3981356918811798,
  "training_time_sec": 734.1582098007202,
  "epochs_completed": 3000,
  "config": {
    "num_layers": 5,
    "lr": 0.05,
    "batch_size": 32,
    "opt_name": "adam",
    "img_size": 16
  }
}