{
  "accuracy": 0.9296875,
  "precision": 0.9661016949152542,
  "recall": 0.890625,
  "f1_score": 0.926829268292683,
  "auc": 0.979736328125,
  "best_train_loss": 0.10955820581875741,
  "training_time_sec": 1090.3289020061493,
  "epochs_completed": 5000,
  "config": {
    "num_layers": 15,
    "lr": 0.05,
    "batch_size": 32,
    "opt_name": "adam",
    "img_size": 16
  }
}