{
  "accuracy": 0.5263157894736842,
  "precision": 0.5217391304347826,
  "recall": 0.631578947368421,
  "f1_score": 0.5714285714285714,
  "auc": 0.5595567867036011,
  "training_time_sec": 201.2718152999878,
  "epochs_completed": 107,
  "config": {
    "num_layers": 12,
    "lr": 0.02,
    "batch_size": 32,
    "opt_name": "adam",
    "img_size": 32
  }
}