{
  "accuracy": 0.6640625,
  "precision": 0.6363636363636364,
  "recall": 0.765625,
  "f1_score": 0.6950354609929078,
  "auc": 0.7685546875,
  "best_train_loss": 0.4694468043744564,
  "training_time_sec": 32.15012788772583,
  "epochs_completed": 1000,
  "config": {
    "num_layers": 3,
    "lr": 0.1,
    "batch_size": 64,
    "opt_name": "adam",
    "img_size": 16
  }
}