{
  "accuracy": 0.8984375,
  "precision": 0.9636363636363636,
  "recall": 0.828125,
  "f1_score": 0.8907563025210085,
  "auc": 0.9326171875,
  "best_train_loss": 0.05838215339463204,
  "training_time_sec": 1672.8849141597748,
  "epochs_completed": 5000,
  "config": {
    "num_layers": 18,
    "lr": 0.05,
    "batch_size": 32,
    "img_size": 32
  }
}