{
  "accuracy": 0.71875,
  "precision": 0.6842105263157895,
  "recall": 0.8125,
  "f1_score": 0.7428571428571429,
  "auc": 0.842529296875,
  "best_train_loss": 0.4678359068930149,
  "training_time_sec": 95.75742840766907,
  "epochs_completed": 3000,
  "config": {
    "num_layers": 3,
    "lr": 0.05,
    "batch_size": 32,
    "opt_name": "adam",
    "img_size": 16
  }
}