{
  "accuracy": 0.4473684210526316,
  "precision": 0.45,
  "recall": 0.47368421052631576,
  "f1_score": 0.46153846153846156,
  "auc": 0.40997229916897504,
  "training_time_sec": 96.69555497169495,
  "epochs_completed": 51,
  "config": {
    "num_layers": 10,
    "lr": 0.02,
    "batch_size": 64,
    "opt_name": "adam",
    "img_size": 32
  },
  "lr_schedule": "cosine_decay"
}