{
  "accuracy": 0.6578947368421053,
  "precision": 0.6666666666666666,
  "recall": 0.631578947368421,
  "f1_score": 0.6486486486486487,
  "auc": 0.6648199445983379,
  "training_time_sec": 149.8918218612671,
  "epochs_completed": 140,
  "config": {
    "num_layers": 5,
    "lr": 0.01,
    "batch_size": 32,
    "opt_name": "adam",
    "img_size": 64
  },
  "lr_schedule": "cosine_decay"
}