{
  "accuracy": 0.921875,
  "precision": 0.9655172413793104,
  "recall": 0.875,
  "f1_score": 0.9180327868852459,
  "auc": 0.960693359375,
  "best_train_loss": 0.07540537719614804,
  "training_time_sec": 911.7142357826233,
  "epochs_completed": 5000,
  "config": {
    "num_layers": 7,
    "lr": 0.05,
    "batch_size": 32,
    "img_size": 32
  }
}