{
  "accuracy": 0.6578947368421053,
  "precision": 0.7142857142857143,
  "recall": 0.5263157894736842,
  "f1_score": 0.6060606060606061,
  "auc": 0.6842105263157895,
  "training_time_sec": 164.6090099811554,
  "epochs_completed": 238,
  "config": {
    "num_layers": 12,
    "lr": 0.01,
    "batch_size": 64,
    "opt_name": "adam",
    "img_size": 4
  }
}