{
  "accuracy": 0.5526315789473685,
  "precision": 0.5555555555555556,
  "recall": 0.5263157894736842,
  "f1_score": 0.5405405405405406,
  "auc": 0.5429362880886426,
  "training_time_sec": 161.41901206970215,
  "epochs_completed": 336,
  "config": {
    "num_layers": 3,
    "lr": 0.02,
    "batch_size": 32,
    "opt_name": "adam",
    "img_size": 32
  }
}