{
  "accuracy": 0.734375,
  "precision": 0.8,
  "recall": 0.625,
  "f1_score": 0.7017543859649122,
  "auc": 0.740966796875,
  "best_train_loss": 0.571699833497405,
  "training_time_sec": 127.3529920578003,
  "epochs_completed": 1000,
  "config": {
    "num_layers": 20,
    "lr": 0.05,
    "batch_size": 32,
    "opt_name": "adam",
    "img_size": 4
  }
}