{
  "accuracy": 0.6578947368421053,
  "precision": 0.8,
  "recall": 0.42105263157894735,
  "f1_score": 0.5517241379310345,
  "auc": 0.6980609418282548,
  "training_time_sec": 171.65267086029053,
  "epochs_completed": 140,
  "config": {
    "num_layers": 20,
    "lr": 0.05,
    "batch_size": 8,
    "opt_name": "adam",
    "img_size": 4
  }
}