{
  "accuracy": 0.3684210526315789,
  "precision": 0.38095238095238093,
  "recall": 0.42105263157894735,
  "f1_score": 0.4,
  "auc": 0.38227146814404434,
  "training_time_sec": 95.10840797424316,
  "epochs_completed": 998,
  "config": {
    "num_layers": 1,
    "lr": 0.001,
    "batch_size": 64,
    "opt_name": "sgd",
    "img_size": 4
  }
}