{
  "accuracy": 0.484375,
  "precision": 0.484375,
  "recall": 0.484375,
  "f1_score": 0.484375,
  "auc": 0.500732421875,
  "best_train_loss": 0.45825937017798424,
  "training_time_sec": 808.0464961528778,
  "epochs_completed": 5000,
  "config": {
    "num_layers": 11,
    "lr": 0.05,
    "batch_size": 32,
    "opt_name": "adam",
    "img_size": 32
  }
}