{
  "accuracy": 0.6052631578947368,
  "precision": 0.6111111111111112,
  "recall": 0.5789473684210527,
  "f1_score": 0.5945945945945946,
  "auc": 0.5650969529085873,
  "training_time_sec": 146.67253971099854,
  "epochs_completed": 51,
  "config": {
    "num_layers": 15,
    "lr": 0.01,
    "batch_size": 8,
    "opt_name": "sgd",
    "img_size": 32
  },
  "lr_schedule": "cosine_decay"
}