{
  "accuracy": 0.4765625,
  "precision": 0.47540983606557374,
  "recall": 0.453125,
  "f1_score": 0.464,
  "auc": 0.46923828125,
  "best_train_loss": 0.6918541342020035,
  "training_time_sec": 529.3860590457916,
  "epochs_completed": 1000,
  "config": {
    "num_layers": 7,
    "lr": 0.001,
    "batch_size": 64,
    "opt_name": "adam",
    "img_size": 128
  }
}