{
  "accuracy": 0.461038961038961,
  "precision": 0.4634146341463415,
  "recall": 0.4935064935064935,
  "f1_score": 0.4779874213836478,
  "auc": 0.4707370551526395,
  "training_time_sec": 88.95113754272461,
  "epochs_completed": 140,
  "config": {
    "num_layers": 2,
    "lr": 0.02,
    "batch_size": 8,
    "opt_name": "adam",
    "img_size": 64
  }
}