{
  "accuracy": 0.5703125,
  "precision": 0.5633802816901409,
  "recall": 0.625,
  "f1_score": 0.5925925925925926,
  "auc": 0.621337890625,
  "best_train_loss": 0.6633540093898773,
  "training_time_sec": 1387.5577840805054,
  "epochs_completed": 1000,
  "config": {
    "num_layers": 20,
    "lr": 0.05,
    "batch_size": 64,
    "opt_name": "adam",
    "img_size": 128
  }
}