{
  "accuracy": 0.5078125,
  "precision": 0.5084745762711864,
  "recall": 0.46875,
  "f1_score": 0.4878048780487805,
  "auc": 0.481689453125,
  "best_train_loss": 0.5561550240963697,
  "training_time_sec": 5869.673313856125,
  "epochs_completed": 5000,
  "config": {
    "num_layers": 9,
    "lr": 0.05,
    "batch_size": 32,
    "opt_name": "adam",
    "img_size": 128
  }
}