{
  "accuracy": 0.515625,
  "precision": 0.515625,
  "recall": 0.515625,
  "f1_score": 0.515625,
  "auc": 0.552001953125,
  "best_train_loss": 0.6174769252538681,
  "training_time_sec": 680.4089002609253,
  "epochs_completed": 1000,
  "config": {
    "num_layers": 15,
    "lr": 0.05,
    "batch_size": 16,
    "opt_name": "adam",
    "img_size": 64
  }
}