{
  "accuracy": 0.5263157894736842,
  "precision": 0.5238095238095238,
  "recall": 0.5789473684210527,
  "f1_score": 0.55,
  "auc": 0.46814404432132967,
  "training_time_sec": 55.01318860054016,
  "epochs_completed": 51,
  "config": {
    "num_layers": 5,
    "lr": 0.05,
    "batch_size": 8,
    "opt_name": "sgd",
    "img_size": 32
  }
}