{
  "accuracy": 0.47368421052631576,
  "precision": 0.47058823529411764,
  "recall": 0.42105263157894735,
  "f1_score": 0.4444444444444444,
  "auc": 0.45152354570637115,
  "training_time_sec": 57.6362988948822,
  "epochs_completed": 244,
  "config": {
    "num_layers": 1,
    "lr": 0.02,
    "batch_size": 8,
    "opt_name": "adam",
    "img_size": 32
  }
}