{
  "accuracy": 0.868421052631579,
  "precision": 0.9375,
  "recall": 0.7894736842105263,
  "f1_score": 0.8571428571428571,
  "auc": 0.8614958448753463,
  "training_time_sec": 614.7012877464294,
  "epochs_completed": 1992,
  "config": {
    "num_layers": 5,
    "lr": 0.001,
    "batch_size": 8,
    "opt_name": "adam",
    "img_size": 4
  }
}