{
  "accuracy": 0.953125,
  "precision": 0.953125,
  "recall": 0.953125,
  "f1_score": 0.953125,
  "auc": 0.982421875,
  "best_train_loss": 0.06560837756842375,
  "training_time_sec": 406.6986744403839,
  "epochs_completed": 5000,
  "config": {
    "num_layers": 7,
    "lr": 0.05,
    "batch_size": 32,
    "opt_name": "adam",
    "img_size": 16
  }
}