{
  "accuracy": 0.47368421052631576,
  "precision": 0.47368421052631576,
  "recall": 0.47368421052631576,
  "f1_score": 0.47368421052631576,
  "auc": 0.5180055401662049,
  "training_time_sec": 739.5393850803375,
  "epochs_completed": 151,
  "config": {
    "num_layers": 30,
    "lr": 0.02,
    "batch_size": 8,
    "opt_name": "adam",
    "img_size": 32
  }
}