{
  "accuracy": 0.5064935064935064,
  "precision": 0.5147058823529411,
  "recall": 0.45454545454545453,
  "f1_score": 0.4827586206896552,
  "auc": 0.5425872828470231,
  "training_time_sec": 1148.6429772377014,
  "epochs_completed": 150,
  "config": {
    "num_layers": 30,
    "lr": 0.01,
    "batch_size": 8,
    "opt_name": "adam",
    "img_size": 64
  }
}