{
  "accuracy": 0.5263157894736842,
  "precision": 0.5454545454545454,
  "recall": 0.631578947368421,
  "f1_score": 0.5853658536585366,
  "auc": 0.5955678670360111,
  "training_time_sec": 267.1516809463501,
  "epochs_completed": 220,
  "config": {
    "num_layers": 10,
    "lr": 0.01,
    "batch_size": 8,
    "opt_name": "adam",
    "img_size": 16
  },
  "lr_schedule": "cosine_decay"
}