{
  "accuracy": 0.5,
  "precision": 0.5,
  "recall": 0.631578947368421,
  "f1_score": 0.5581395348837209,
  "auc": 0.551246537396122,
  "training_time_sec": 356.6329643726349,
  "epochs_completed": 155,
  "config": {
    "num_layers": 20,
    "lr": 0.02,
    "batch_size": 64,
    "opt_name": "adam",
    "img_size": 16
  },
  "lr_schedule": "cosine_decay"
}