{
  "accuracy": 0.921875,
  "precision": 1.0,
  "recall": 0.84375,
  "f1_score": 0.9152542372881356,
  "auc": 0.985595703125,
  "best_train_loss": 0.011711582512361929,
  "training_time_sec": 16622.423330783844,
  "epochs_completed": 10000,
  "config": {
    "num_layers": 17,
    "lr": 0.05,
    "batch_size": 32,
    "img_size": 128
  }
}