{
  "accuracy": 0.6052631578947368,
  "precision": 0.5909090909090909,
  "recall": 0.6842105263157895,
  "f1_score": 0.6341463414634146,
  "auc": 0.5373961218836565,
  "training_time_sec": 355.62158465385437,
  "epochs_completed": 114,
  "config": {
    "num_layers": 15,
    "lr": 0.05,
    "batch_size": 16,
    "opt_name": "adam",
    "img_size": 64
  },
  "lr_schedule": "cosine_decay"
}