{
  "accuracy": 0.90625,
  "precision": 0.9642857142857143,
  "recall": 0.84375,
  "f1_score": 0.9,
  "auc": 0.949951171875,
  "best_train_loss": 0.05911579425446689,
  "training_time_sec": 1570.8111522197723,
  "epochs_completed": 5000,
  "config": {
    "num_layers": 15,
    "lr": 0.05,
    "batch_size": 32,
    "img_size": 32
  }
}