{
  "accuracy": 0.5974025974025974,
  "precision": 0.6271186440677966,
  "recall": 0.4805194805194805,
  "f1_score": 0.5441176470588235,
  "auc": 0.6754933378310002,
  "training_time_sec": 441.2862410545349,
  "epochs_completed": 186,
  "config": {
    "num_layers": 10,
    "lr": 0.02,
    "batch_size": 16,
    "opt_name": "adam",
    "img_size": 64
  }
}