epoch,loss
1,0.6931327283382416
2,0.6930503646532694
3,0.6929885149002075
4,0.6929373343785604
5,0.6928198834260305
6,0.6928040683269501
7,0.6927511890729269
8,0.6925816039244334
9,0.6924909551938375
10,0.6924017469088236
11,0.6922886669635773
12,0.6921687324841818
13,0.6919751365979513
14,0.6917470395565033
15,0.6915497283140818
16,0.6914853056271871
17,0.6913982331752777
18,0.6912550826867422
19,0.6909255385398865
20,0.69068776567777
21,0.6904175082842509
22,0.6904143194357554
23,0.6899940371513367
24,0.6893041630585989
25,0.6896331409613291
26,0.6897160708904266
27,0.689433773358663
28,0.6891157229741415
29,0.6889635523160299
30,0.6881957650184631
31,0.6887520551681519
32,0.6882432003815969
33,0.6882075667381287
34,0.6881084740161896
35,0.6875177721182505
36,0.6877540747324625
37,0.6876383721828461
38,0.6876958111921946
39,0.6874168316523234
40,0.6869615316390991
41,0.6867812474568685
42,0.6860452393690745
43,0.6863222618897756
44,0.6862858235836029
45,0.6841657857100168
46,0.6855130791664124
47,0.6854910453160604
48,0.6848127643267313
49,0.6848200360933939
50,0.6843641698360443
51,0.6834025581677755
52,0.6842434505621592
53,0.6833751598993937
54,0.6844336092472076
55,0.6827959219614664
56,0.6822469532489777
57,0.6835816303888956
58,0.6830642322699229
59,0.6824210186799368
60,0.6817543804645538
61,0.6824750900268555
62,0.6809069116910299
63,0.6792140603065491
64,0.681428462266922
65,0.6821228663126627
66,0.681168665488561
67,0.6815252800782522
68,0.6815789540608724
69,0.6798180540402731
70,0.6808704733848572
71,0.6804569562276205
72,0.6810862819353739
73,0.6806035538514456
74,0.6791575054327647
75,0.6800156434377035
76,0.6796786387761434
77,0.6803600986798605
78,0.6789633929729462
79,0.6790496706962585
80,0.678660919268926
81,0.6780225733915964
82,0.6789408028125763
83,0.6791771252950033
84,0.679011066754659
85,0.6782255272070566
86,0.6788087685902914
87,0.6773820221424103
88,0.6771646042664846
89,0.6780524949232737
90,0.6769503454367319
91,0.6754381457964579
92,0.6774641772111257
93,0.6774218181769053
94,0.6770292520523071
95,0.6776128013928732
96,0.6777600248654684
97,0.6762824455897013
98,0.675913542509079
99,0.67391965786616
100,0.6764217515786489
101,0.674913247426351
102,0.6750503679116567
103,0.6734937230745951
104,0.6751743654410044
105,0.6748558382193247
