{
  "accuracy": 0.5,
  "precision": 0.5,
  "recall": 0.6842105263157895,
  "f1_score": 0.5777777777777777,
  "auc": 0.6177285318559556,
  "training_time_sec": 193.16509175300598,
  "epochs_completed": 128,
  "config": {
    "num_layers": 12,
    "lr": 0.05,
    "batch_size": 8,
    "opt_name": "adam",
    "img_size": 16
  },
  "lr_schedule": "cosine_decay"
}