{
  "accuracy": 0.538961038961039,
  "precision": 0.5573770491803278,
  "recall": 0.44155844155844154,
  "f1_score": 0.4927536231884058,
  "auc": 0.5926800472255017,
  "training_time_sec": 1761.0835824012756,
  "epochs_completed": 270,
  "config": {
    "num_layers": 30,
    "lr": 0.02,
    "batch_size": 32,
    "opt_name": "adam",
    "img_size": 64
  }
}