{
  "accuracy": 0.8947368421052632,
  "precision": 0.9411764705882353,
  "recall": 0.8421052631578947,
  "f1_score": 0.8888888888888888,
  "auc": 0.9085872576177285,
  "training_time_sec": 858.0402023792267,
  "epochs_completed": 549,
  "config": {
    "num_layers": 30,
    "lr": 0.02,
    "batch_size": 64,
    "opt_name": "adam",
    "img_size": 4
  }
}