{
  "accuracy": 0.868421052631579,
  "precision": 0.9375,
  "recall": 0.7894736842105263,
  "f1_score": 0.8571428571428571,
  "auc": 0.8670360110803325,
  "training_time_sec": 106.43769025802612,
  "epochs_completed": 350,
  "config": {
    "num_layers": 5,
    "lr": 0.02,
    "batch_size": 32,
    "opt_name": "adam",
    "img_size": 4
  }
}