{
  "accuracy": 0.7578125,
  "precision": 0.8235294117647058,
  "recall": 0.65625,
  "f1_score": 0.7304347826086957,
  "auc": 0.738525390625,
  "best_train_loss": 0.5666506625711918,
  "training_time_sec": 32.136828660964966,
  "epochs_completed": 1000,
  "config": {
    "num_layers": 3,
    "lr": 0.1,
    "batch_size": 32,
    "opt_name": "adam",
    "img_size": 4
  }
}