{
  "accuracy": 0.8828125,
  "precision": 0.9622641509433962,
  "recall": 0.796875,
  "f1_score": 0.8717948717948718,
  "auc": 0.90576171875,
  "best_train_loss": 0.014431070070713758,
  "training_time_sec": 698.8029434680939,
  "epochs_completed": 5000,
  "config": {
    "num_layers": 15,
    "lr": 0.05,
    "batch_size": 32,
    "img_size": 16
  }
}