{
  "accuracy": 0.5,
  "precision": 0.5,
  "recall": 0.47368421052631576,
  "f1_score": 0.4864864864864865,
  "auc": 0.556786703601108,
  "training_time_sec": 599.8523111343384,
  "epochs_completed": 153,
  "config": {
    "num_layers": 20,
    "lr": 0.02,
    "batch_size": 32,
    "opt_name": "adam",
    "img_size": 64
  }
}