{
  "accuracy": 0.5263157894736842,
  "precision": 0.5263157894736842,
  "recall": 0.5263157894736842,
  "f1_score": 0.5263157894736842,
  "auc": 0.5290858725761773,
  "training_time_sec": 557.2882332801819,
  "epochs_completed": 153,
  "config": {
    "num_layers": 30,
    "lr": 0.1,
    "batch_size": 64,
    "opt_name": "adam",
    "img_size": 16
  },
  "lr_schedule": "cosine_decay"
}