{
  "accuracy": 0.5234375,
  "precision": 0.5223880597014925,
  "recall": 0.546875,
  "f1_score": 0.5343511450381679,
  "auc": 0.54150390625,
  "best_train_loss": 0.6184215396642685,
  "training_time_sec": 101.75970077514648,
  "epochs_completed": 1000,
  "config": {
    "num_layers": 3,
    "lr": 0.1,
    "batch_size": 64,
    "opt_name": "adam",
    "img_size": 64
  }
}