{
  "accuracy": 0.6052631578947368,
  "precision": 0.6111111111111112,
  "recall": 0.5789473684210527,
  "f1_score": 0.5945945945945946,
  "auc": 0.6232686980609419,
  "training_time_sec": 346.89593958854675,
  "epochs_completed": 186,
  "config": {
    "num_layers": 12,
    "lr": 0.02,
    "batch_size": 16,
    "opt_name": "adam",
    "img_size": 32
  },
  "lr_schedule": "cosine_decay"
}