epoch,loss
1,0.6930820345878601
2,0.693003902832667
3,0.6929186284542084
4,0.692807654539744
5,0.6925997535387675
6,0.6924177606900533
7,0.6920917133490244
8,0.6917137602965037
9,0.6912570397059122
10,0.690956324338913
11,0.6906301180521647
12,0.6901027957598368
13,0.6899103025595347
14,0.6892462074756622
15,0.6887565652529398
16,0.6895355979601542
17,0.6898520092169443
18,0.689067671696345
19,0.6870668431123098
20,0.687294989824295
21,0.6865037182966868
22,0.6866519153118134
23,0.6861741244792938
24,0.6844555735588074
25,0.6853127976258596
26,0.6863491336504618
27,0.6853878994782766
28,0.6870973209540049
29,0.6866854727268219
30,0.684305340051651
31,0.6854524811108907
32,0.6828470329443613
33,0.6839427451292673
34,0.6846379935741425
35,0.6822364727656046
36,0.6836434404055277
37,0.682896206776301
38,0.6790929834047953
39,0.680137942234675
40,0.6783671279748281
41,0.67808664838473
42,0.6799613138039907
43,0.6793187459309896
44,0.6806188722451528
45,0.6772798995176951
46,0.6783544520537058
47,0.677370011806488
48,0.6765078902244568
49,0.6793777743975321
50,0.6764873762925466
51,0.6730997165044149
52,0.6746569573879242
53,0.6724470059076945
54,0.6749365925788879
55,0.6730621854464213
56,0.675584634145101
57,0.6761719187100729
58,0.672597070535024
59,0.6723523537317911
60,0.672512541214625
61,0.6714209417502085
62,0.6695370177427927
63,0.6694702208042145
64,0.6773980061213175
65,0.682280421257019
66,0.6830767889817556
67,0.678106556336085
68,0.6734955211480459
69,0.6720184485117594
70,0.6685438553492228
71,0.6743079721927643
72,0.6723694801330566
73,0.6729802191257477
74,0.6695162852605184
75,0.6701273719469706
76,0.6666095753510793
77,0.6643180946509043
78,0.66192493836085
79,0.6642126540342966
80,0.6638385852177938
81,0.6610552271207174
82,0.6651288866996765
83,0.6600963771343231
84,0.6596009929974874
85,0.6653785506884257
86,0.659936527411143
87,0.6562577287356058
88,0.6612813969453176
89,0.6640332043170929
90,0.6610492269198099
91,0.6611120601495107
92,0.6684670547644297
93,0.6667934854825338
94,0.6654353638490041
95,0.6591431101163229
96,0.6587955256303152
97,0.6626154184341431
98,0.6684548954168955
