{
  "accuracy": 0.5789473684210527,
  "precision": 0.6,
  "recall": 0.47368421052631576,
  "f1_score": 0.5294117647058824,
  "auc": 0.5955678670360111,
  "training_time_sec": 2878.9904265403748,
  "epochs_completed": 817,
  "config": {
    "num_layers": 20,
    "lr": 0.001,
    "batch_size": 64,
    "opt_name": "adam",
    "img_size": 64
  },
  "lr_schedule": "cosine_decay"
}