{
  "accuracy": 0.5263157894736842,
  "precision": 0.5555555555555556,
  "recall": 0.2631578947368421,
  "f1_score": 0.35714285714285715,
  "auc": 0.631578947368421,
  "training_time_sec": 342.61508655548096,
  "epochs_completed": 191,
  "config": {
    "num_layers": 15,
    "lr": 0.05,
    "batch_size": 8,
    "opt_name": "adam",
    "img_size": 16
  },
  "lr_schedule": "cosine_decay"
}