{
  "accuracy": 0.47368421052631576,
  "precision": 0.4666666666666667,
  "recall": 0.3684210526315789,
  "f1_score": 0.4117647058823529,
  "auc": 0.4210526315789474,
  "training_time_sec": 777.9865064620972,
  "epochs_completed": 2995,
  "config": {
    "num_layers": 1,
    "lr": 0.001,
    "batch_size": 16,
    "opt_name": "adam",
    "img_size": 64
  },
  "lr_schedule": "cosine_decay"
}