epoch,loss
1,0.6931748715313998
2,0.6931714198806069
3,0.693163896148855
4,0.6931560202078386
5,0.6931508075107228
6,0.693140525709499
7,0.6931323354894464
8,0.6931220130486921
9,0.6931127580729398
10,0.6931003250859
11,0.6930888105522502
12,0.6930750987746499
13,0.6930667622522875
14,0.6930552341721274
15,0.6930455267429352
16,0.6930302977561951
17,0.6930206201293252
18,0.6930110833861611
19,0.6930001703175631
20,0.6929748979481783
21,0.6929600482637231
22,0.6929520070552826
23,0.6929390891031786
24,0.6929051957347176
25,0.6928928955034777
26,0.6928827572952617
27,0.6928611993789673
28,0.6928482434966348
29,0.6928300722078844
30,0.6927984465252269
31,0.6927818168293346
32,0.6927568804134022
33,0.6927422257986936
34,0.6927010660821741
35,0.6926749186082319
36,0.6926574896682393
37,0.6926207515326414
38,0.6926082562316548
39,0.6925653273409064
40,0.6925516941330649
41,0.6925189278342507
42,0.6924839913845062
43,0.6924636228518053
44,0.6924362589012493
45,0.6923955976963043
46,0.6923757141286676
47,0.6923425143415277
48,0.6923138065771623
49,0.6922773393717679
50,0.6922580735249952
51,0.6922021697868
52,0.6921947219155051
53,0.6921744482083754
54,0.6921417306769978
55,0.6921207362955267
56,0.6920604976740751
57,0.6920427788387645
58,0.6920025565407493
59,0.691966793753884
60,0.6919487335465171
61,0.69193189794367
62,0.6918708438223059
63,0.6918416890231046
64,0.6917753544720736
65,0.6918173649094321
66,0.6917729269374501
67,0.6917479092424567
68,0.6917103908278726
69,0.6916995752941478
70,0.6916707185181704
71,0.691644319079139
72,0.6915442428805612
73,0.6915565783327277
74,0.6915358684279702
75,0.6915045543150469
76,0.6914989243854176
77,0.6914493902163072
78,0.6914621645754034
79,0.6914009722796354
80,0.691362738609314
81,0.6913728334686973
82,0.6913154233585704
83,0.6912963227792219
84,0.6912672817707062
85,0.6912419606338848
86,0.691203542731025
87,0.6911165416240692
88,0.6911273490298878
89,0.6910962652076375
90,0.6909873566844247
91,0.6909699196165259
92,0.6909807216037404
93,0.6909302445975217
94,0.6909373944455927
95,0.6909170150756836
96,0.6909223605285991
97,0.6908424036069349
98,0.6908254217017781
99,0.6907323138280348
100,0.6907524900002913
101,0.690711338411678
102,0.690705502575094
103,0.6906950338320299
