{
  "accuracy": 0.5,
  "precision": 0.5,
  "recall": 0.42105263157894735,
  "f1_score": 0.45714285714285713,
  "auc": 0.4598337950138504,
  "training_time_sec": 61.23266530036926,
  "epochs_completed": 214,
  "config": {
    "num_layers": 1,
    "lr": 0.1,
    "batch_size": 64,
    "opt_name": "adam",
    "img_size": 64
  },
  "lr_schedule": "cosine_decay"
}