{
  "accuracy": 0.5,
  "precision": 0.5,
  "recall": 0.47368421052631576,
  "f1_score": 0.4864864864864865,
  "auc": 0.5180055401662049,
  "training_time_sec": 426.1370577812195,
  "epochs_completed": 188,
  "config": {
    "num_layers": 15,
    "lr": 0.02,
    "batch_size": 8,
    "opt_name": "adam",
    "img_size": 32
  },
  "lr_schedule": "cosine_decay"
}