{
  "accuracy": 0.42105263157894735,
  "precision": 0.38461538461538464,
  "recall": 0.2631578947368421,
  "f1_score": 0.3125,
  "auc": 0.39889196675900274,
  "training_time_sec": 26.871251583099365,
  "epochs_completed": 51,
  "config": {
    "num_layers": 3,
    "lr": 0.01,
    "batch_size": 8,
    "opt_name": "sgd",
    "img_size": 16
  },
  "lr_schedule": "cosine_decay"
}