{
  "accuracy": 0.631578947368421,
  "precision": 0.6,
  "recall": 0.7894736842105263,
  "f1_score": 0.6818181818181818,
  "auc": 0.7811634349030471,
  "training_time_sec": 487.6227581501007,
  "epochs_completed": 1326,
  "config": {
    "num_layers": 3,
    "lr": 0.01,
    "batch_size": 64,
    "opt_name": "adam",
    "img_size": 16
  },
  "lr_schedule": "cosine_decay"
}