{
  "accuracy": 0.5526315789473685,
  "precision": 0.5714285714285714,
  "recall": 0.42105263157894735,
  "f1_score": 0.48484848484848486,
  "auc": 0.5844875346260388,
  "training_time_sec": 32.66939401626587,
  "memory_usage_kb": 1449768,
  "data_loading_time_sec": 35.333669900894165,
  "num_qubits": 7,
  "num_samples_test": 38,
  "num_layers": 5
}