{
  "accuracy": 0.631578947368421,
  "precision": 0.7272727272727273,
  "recall": 0.42105263157894735,
  "f1_score": 0.5333333333333333,
  "auc": 0.7340720221606649,
  "training_time_sec": 1854.7735521793365,
  "epochs_completed": 1800,
  "config": {
    "num_layers": 20,
    "lr": 0.02,
    "batch_size": 32,
    "opt_name": "sgd",
    "img_size": 4
  }
}