{
  "accuracy": 0.42857142857142855,
  "precision": 0.4225352112676056,
  "recall": 0.38961038961038963,
  "f1_score": 0.40540540540540543,
  "auc": 0.46955641760836564,
  "training_time_sec": 105.01664900779724,
  "epochs_completed": 118,
  "config": {
    "num_layers": 3,
    "lr": 0.01,
    "batch_size": 8,
    "opt_name": "adam",
    "img_size": 64
  }
}