{
  "accuracy": 0.7894736842105263,
  "precision": 0.8666666666666667,
  "recall": 0.6842105263157895,
  "f1_score": 0.7647058823529411,
  "auc": 0.7645429362880887,
  "training_time_sec": 279.71033120155334,
  "epochs_completed": 343,
  "config": {
    "num_layers": 15,
    "lr": 0.02,
    "batch_size": 64,
    "opt_name": "adam",
    "img_size": 4
  }
}