{
  "accuracy": 0.8421052631578947,
  "precision": 0.9333333333333333,
  "recall": 0.7368421052631579,
  "f1_score": 0.8235294117647058,
  "auc": 0.8421052631578948,
  "training_time_sec": 1175.8770787715912,
  "epochs_completed": 4079,
  "config": {
    "num_layers": 5,
    "lr": 0.02,
    "batch_size": 32,
    "opt_name": "sgd",
    "img_size": 4
  }
}