{
  "accuracy": 0.4765625,
  "precision": 0.47761194029850745,
  "recall": 0.5,
  "f1_score": 0.48854961832061067,
  "auc": 0.484375,
  "best_train_loss": 0.6749119982123375,
  "training_time_sec": 489.3015716075897,
  "epochs_completed": 1000,
  "config": {
    "num_layers": 20,
    "lr": 0.001,
    "batch_size": 16,
    "opt_name": "adam",
    "img_size": 64
  }
}