{
  "accuracy": 0.5,
  "precision": 0.5,
  "recall": 0.515625,
  "f1_score": 0.5076923076923077,
  "auc": 0.578857421875,
  "best_train_loss": 0.4965724814683199,
  "training_time_sec": 155.13517451286316,
  "epochs_completed": 1000,
  "config": {
    "num_layers": 10,
    "lr": 0.1,
    "batch_size": 16,
    "opt_name": "adam",
    "img_size": 8
  }
}