{
  "accuracy": 0.671875,
  "precision": 0.7391304347826086,
  "recall": 0.53125,
  "f1_score": 0.6181818181818182,
  "auc": 0.632568359375,
  "best_train_loss": 0.5317647000774741,
  "training_time_sec": 90.39387488365173,
  "epochs_completed": 1000,
  "config": {
    "num_layers": 5,
    "lr": 0.1,
    "batch_size": 16,
    "opt_name": "adam",
    "img_size": 4
  }
}