{
  "accuracy": 0.9140625,
  "precision": 0.9649122807017544,
  "recall": 0.859375,
  "f1_score": 0.9090909090909091,
  "auc": 0.952880859375,
  "best_train_loss": 0.07980657834559679,
  "training_time_sec": 1021.3339524269104,
  "epochs_completed": 5000,
  "config": {
    "num_layers": 6,
    "lr": 0.05,
    "batch_size": 32,
    "img_size": 32
  }
}