{
  "accuracy": 0.90625,
  "precision": 0.9814814814814815,
  "recall": 0.828125,
  "f1_score": 0.8983050847457628,
  "auc": 0.957763671875,
  "best_train_loss": 0.31037333980202675,
  "training_time_sec": 117.39577341079712,
  "epochs_completed": 1000,
  "config": {
    "num_layers": 15,
    "lr": 0.01,
    "batch_size": 64,
    "opt_name": "adam",
    "img_size": 16
  }
}