{
  "accuracy": 0.5263157894736842,
  "precision": 0.5294117647058824,
  "recall": 0.47368421052631576,
  "f1_score": 0.5,
  "auc": 0.5207756232686981,
  "training_time_sec": 862.430677652359,
  "epochs_completed": 2272,
  "config": {
    "num_layers": 3,
    "lr": 0.1,
    "batch_size": 16,
    "opt_name": "sgd",
    "img_size": 16
  },
  "lr_schedule": "cosine_decay"
}