{
  "accuracy": 0.5526315789473685,
  "precision": 0.5625,
  "recall": 0.47368421052631576,
  "f1_score": 0.5142857142857142,
  "auc": 0.47645429362880887,
  "training_time_sec": 332.1893825531006,
  "epochs_completed": 174,
  "config": {
    "num_layers": 12,
    "lr": 0.02,
    "batch_size": 8,
    "opt_name": "adam",
    "img_size": 32
  }
}