{
  "accuracy": 0.5789473684210527,
  "precision": 0.56,
  "recall": 0.7368421052631579,
  "f1_score": 0.6363636363636364,
  "auc": 0.7202216066481995,
  "training_time_sec": 115.72962737083435,
  "epochs_completed": 193,
  "config": {
    "num_layers": 10,
    "lr": 0.05,
    "batch_size": 16,
    "opt_name": "adam",
    "img_size": 4
  }
}