{
  "accuracy": 0.5454545454545454,
  "precision": 0.5573770491803278,
  "recall": 0.44155844155844154,
  "f1_score": 0.4927536231884058,
  "auc": 0.6545791870467195,
  "training_time_sec": 633.4940948486328,
  "epochs_completed": 275,
  "config": {
    "num_layers": 10,
    "lr": 0.01,
    "batch_size": 16,
    "opt_name": "adam",
    "img_size": 64
  }
}