{
  "accuracy": 0.8947368421052632,
  "precision": 0.9411764705882353,
  "recall": 0.8421052631578947,
  "f1_score": 0.8888888888888888,
  "auc": 0.8808864265927977,
  "training_time_sec": 945.9962718486786,
  "epochs_completed": 600,
  "config": {
    "num_layers": 30,
    "lr": 0.01,
    "batch_size": 16,
    "opt_name": "adam",
    "img_size": 4
  }
}