{
  "accuracy": 0.6052631578947368,
  "precision": 0.5833333333333334,
  "recall": 0.7368421052631579,
  "f1_score": 0.6511627906976745,
  "auc": 0.5927977839335179,
  "training_time_sec": 557.9563009738922,
  "epochs_completed": 1931,
  "config": {
    "num_layers": 2,
    "lr": 0.001,
    "batch_size": 8,
    "opt_name": "adam",
    "img_size": 16
  },
  "lr_schedule": "cosine_decay"
}