{
  "accuracy": 0.631578947368421,
  "precision": 0.6190476190476191,
  "recall": 0.6842105263157895,
  "f1_score": 0.65,
  "auc": 0.592797783933518,
  "training_time_sec": 158.34227800369263,
  "epochs_completed": 195,
  "config": {
    "num_layers": 5,
    "lr": 0.02,
    "batch_size": 8,
    "opt_name": "adam",
    "img_size": 32
  }
}