{
  "accuracy": 0.631578947368421,
  "precision": 0.6923076923076923,
  "recall": 0.47368421052631576,
  "f1_score": 0.5625,
  "auc": 0.6288088642659281,
  "training_time_sec": 67208.68293237686,
  "memory_usage_kb": 965424,
  "data_loading_time_sec": 67210.53635311127,
  "num_qubits": 7,
  "num_samples_test": 38,
  "num_layers": 15
}