{
  "accuracy": 0.5263157894736842,
  "precision": 0.5333333333333333,
  "recall": 0.42105263157894735,
  "f1_score": 0.47058823529411764,
  "auc": 0.47091412742382266,
  "training_time_sec": 464.7677083015442,
  "epochs_completed": 151,
  "config": {
    "num_layers": 20,
    "lr": 0.1,
    "batch_size": 8,
    "opt_name": "adam",
    "img_size": 32
  },
  "lr_schedule": "cosine_decay"
}