{
  "accuracy": 0.461038961038961,
  "precision": 0.4594594594594595,
  "recall": 0.44155844155844154,
  "f1_score": 0.4503311258278146,
  "auc": 0.46652049249451844,
  "training_time_sec": 47.172465562820435,
  "epochs_completed": 51,
  "config": {
    "num_layers": 3,
    "lr": 0.001,
    "batch_size": 64,
    "opt_name": "adam",
    "img_size": 64
  }
}