{
  "accuracy": 0.6052631578947368,
  "precision": 0.6428571428571429,
  "recall": 0.47368421052631576,
  "f1_score": 0.5454545454545454,
  "auc": 0.6260387811634349,
  "training_time_sec": 191.2279486656189,
  "epochs_completed": 293,
  "config": {
    "num_layers": 3,
    "lr": 0.01,
    "batch_size": 16,
    "opt_name": "adam",
    "img_size": 64
  },
  "lr_schedule": "cosine_decay"
}