{
  "accuracy": 0.953125,
  "precision": 1.0,
  "recall": 0.90625,
  "f1_score": 0.9508196721311475,
  "auc": 0.96142578125,
  "best_train_loss": 0.07068116962909698,
  "training_time_sec": 3834.889679670334,
  "epochs_completed": 10000,
  "config": {
    "num_layers": 5,
    "lr": 0.05,
    "batch_size": 32,
    "img_size": 16
  }
}