{
  "accuracy": 0.4805194805194805,
  "precision": 0.48148148148148145,
  "recall": 0.5064935064935064,
  "f1_score": 0.4936708860759494,
  "auc": 0.47276100522853765,
  "training_time_sec": 74.27437424659729,
  "epochs_completed": 51,
  "config": {
    "num_layers": 5,
    "lr": 0.01,
    "batch_size": 32,
    "opt_name": "sgd",
    "img_size": 64
  }
}