{
  "accuracy": 0.631578947368421,
  "precision": 0.631578947368421,
  "recall": 0.631578947368421,
  "f1_score": 0.631578947368421,
  "auc": 0.6703601108033241,
  "training_time_sec": 39.22784996032715,
  "memory_usage_kb": 1423544,
  "data_loading_time_sec": 41.79950976371765,
  "num_qubits": 7,
  "num_samples_test": 38,
  "num_layers": 3
}