{
  "accuracy": 0.5,
  "precision": 0.5,
  "recall": 0.5789473684210527,
  "f1_score": 0.5365853658536586,
  "auc": 0.47645429362880887,
  "training_time_sec": 15.102232933044434,
  "epochs_completed": 51,
  "config": {
    "num_layers": 1,
    "lr": 0.01,
    "batch_size": 64,
    "opt_name": "sgd",
    "img_size": 32
  },
  "lr_schedule": "cosine_decay"
}