{
  "accuracy": 0.4473684210526316,
  "precision": 0.4583333333333333,
  "recall": 0.5789473684210527,
  "f1_score": 0.5116279069767442,
  "auc": 0.40997229916897504,
  "training_time_sec": 779.9024865627289,
  "epochs_completed": 125,
  "config": {
    "num_layers": 30,
    "lr": 0.05,
    "batch_size": 8,
    "opt_name": "adam",
    "img_size": 64
  }
}