{
  "accuracy": 0.45454545454545453,
  "precision": 0.4605263157894737,
  "recall": 0.45454545454545453,
  "f1_score": 0.45751633986928103,
  "auc": 0.46230392983639734,
  "training_time_sec": 224.36950731277466,
  "epochs_completed": 51,
  "config": {
    "num_layers": 15,
    "lr": 0.01,
    "batch_size": 64,
    "opt_name": "sgd",
    "img_size": 64
  }
}