{
  "accuracy": 0.9296875,
  "precision": 1.0,
  "recall": 0.859375,
  "f1_score": 0.9243697478991597,
  "auc": 0.9853515625,
  "best_train_loss": 0.12715242872945964,
  "training_time_sec": 2267.6750617027283,
  "epochs_completed": 5000,
  "config": {
    "num_layers": 8,
    "lr": 0.05,
    "batch_size": 32,
    "img_size": 64
  }
}