{
  "accuracy": 0.5,
  "precision": 0.5,
  "recall": 0.47368421052631576,
  "f1_score": 0.4864864864864865,
  "auc": 0.48753462603878117,
  "training_time_sec": 10.609944581985474,
  "epochs_completed": 51,
  "config": {
    "num_layers": 2,
    "lr": 0.05,
    "batch_size": 64,
    "opt_name": "adam",
    "img_size": 4
  }
}