{
  "accuracy": 0.296875,
  "precision": 1.0,
  "recall": 0.59375,
  "f1_score": 0.7450980392156863,
  "auc": 0.59375,
  "best_train_loss": 0.5704867094755173,
  "training_time_sec": 1353.5426623821259,
  "epochs_completed": 3000,
  "config": {
    "num_layers": 4,
    "lr": 0.05,
    "batch_size": 32,
    "opt_name": "adam",
    "img_size": 64
  }
}