{
  "accuracy": 0.47368421052631576,
  "precision": 0.47619047619047616,
  "recall": 0.5263157894736842,
  "f1_score": 0.5,
  "auc": 0.4238227146814404,
  "training_time_sec": 235.04964447021484,
  "epochs_completed": 111,
  "config": {
    "num_layers": 10,
    "lr": 0.1,
    "batch_size": 16,
    "opt_name": "adam",
    "img_size": 64
  },
  "lr_schedule": "cosine_decay"
}