{
  "accuracy": 0.46875,
  "precision": 0.46153846153846156,
  "recall": 0.375,
  "f1_score": 0.41379310344827586,
  "auc": 0.4326171875,
  "best_train_loss": 0.5180541183799505,
  "training_time_sec": 131.04902458190918,
  "epochs_completed": 1000,
  "config": {
    "num_layers": 15,
    "lr": 0.1,
    "batch_size": 32,
    "opt_name": "adam",
    "img_size": 8
  }
}