{
  "accuracy": 0.5,
  "precision": 0.5,
  "recall": 0.6842105263157895,
  "f1_score": 0.5777777777777777,
  "auc": 0.631578947368421,
  "training_time_sec": 61.77737283706665,
  "epochs_completed": 276,
  "config": {
    "num_layers": 1,
    "lr": 0.001,
    "batch_size": 16,
    "opt_name": "adam",
    "img_size": 32
  }
}