{
  "accuracy": 0.7631578947368421,
  "precision": 0.7777777777777778,
  "recall": 0.7368421052631579,
  "f1_score": 0.7567567567567568,
  "auc": 0.8254847645429364,
  "training_time_sec": 168.54750037193298,
  "epochs_completed": 193,
  "config": {
    "num_layers": 7,
    "lr": 0.1,
    "batch_size": 64,
    "opt_name": "adam",
    "img_size": 16
  },
  "lr_schedule": "cosine_decay"
}