{
  "accuracy": 0.46875,
  "precision": 0.46774193548387094,
  "recall": 0.453125,
  "f1_score": 0.4603174603174603,
  "auc": 0.447998046875,
  "best_train_loss": 0.6736343950033188,
  "training_time_sec": 571.8906531333923,
  "epochs_completed": 1000,
  "config": {
    "num_layers": 7,
    "lr": 0.01,
    "batch_size": 32,
    "opt_name": "adam",
    "img_size": 128
  }
}