{
  "accuracy": 0.953125,
  "precision": 1.0,
  "recall": 0.90625,
  "f1_score": 0.9508196721311475,
  "auc": 0.997802734375,
  "best_train_loss": 0.14544350979849696,
  "training_time_sec": 5878.757719516754,
  "epochs_completed": 10000,
  "config": {
    "num_layers": 2,
    "lr": 0.05,
    "batch_size": 32,
    "img_size": 128
  }
}