{
  "accuracy": 0.7368421052631579,
  "precision": 0.8461538461538461,
  "recall": 0.5789473684210527,
  "f1_score": 0.6875,
  "auc": 0.7479224376731302,
  "training_time_sec": 747.4728844165802,
  "epochs_completed": 3923,
  "config": {
    "num_layers": 3,
    "lr": 0.02,
    "batch_size": 32,
    "opt_name": "sgd",
    "img_size": 4
  }
}