{
  "accuracy": 0.4296875,
  "precision": 0.42857142857142855,
  "recall": 0.421875,
  "f1_score": 0.4251968503937008,
  "auc": 0.432861328125,
  "best_train_loss": 0.6817229464650154,
  "training_time_sec": 394.7166156768799,
  "epochs_completed": 1000,
  "config": {
    "num_layers": 5,
    "lr": 0.01,
    "batch_size": 64,
    "opt_name": "adam",
    "img_size": 128
  }
}