{
  "accuracy": 0.47368421052631576,
  "precision": 0.47058823529411764,
  "recall": 0.42105263157894735,
  "f1_score": 0.4444444444444444,
  "auc": 0.4349030470914127,
  "training_time_sec": 95.61057090759277,
  "epochs_completed": 143,
  "config": {
    "num_layers": 5,
    "lr": 0.01,
    "batch_size": 16,
    "opt_name": "adam",
    "img_size": 16
  },
  "lr_schedule": "cosine_decay"
}