{
  "accuracy": 0.7894736842105263,
  "precision": 0.7894736842105263,
  "recall": 0.7894736842105263,
  "f1_score": 0.7894736842105263,
  "auc": 0.8448753462603877,
  "training_time_sec": 111.50740909576416,
  "epochs_completed": 118,
  "config": {
    "num_layers": 7,
    "lr": 0.1,
    "batch_size": 8,
    "opt_name": "adam",
    "img_size": 16
  },
  "lr_schedule": "cosine_decay"
}