{
  "accuracy": 0.6842105263157895,
  "precision": 0.7692307692307693,
  "recall": 0.5263157894736842,
  "f1_score": 0.625,
  "auc": 0.6842105263157895,
  "training_time_sec": 182.51098799705505,
  "epochs_completed": 173,
  "config": {
    "num_layers": 5,
    "lr": 0.05,
    "batch_size": 16,
    "opt_name": "adam",
    "img_size": 64
  },
  "lr_schedule": "cosine_decay"
}