epoch,loss
1,0.693089095028964
2,0.6930821917273782
3,0.6930814764716409
4,0.6930709643797441
5,0.693061660636555
6,0.693045740777796
7,0.6930297884074125
8,0.6930097287351434
9,0.6929857134819031
10,0.6929522969506003
11,0.6929331746968356
12,0.692904071374373
13,0.6928710070523348
14,0.6928524049845609
15,0.692813596942208
16,0.6927768913182345
17,0.6927541819485751
18,0.6927264874631708
19,0.6927054253491488
20,0.6926755092360757
21,0.6926268393343146
22,0.6926011876626448
23,0.6925737261772156
24,0.6925339482047341
25,0.6925085241144354
26,0.6924923875115134
27,0.6924463456327264
28,0.692415860566226
29,0.6923975511030718
30,0.6923438148065046
31,0.6923208941112865
32,0.6922819072549994
33,0.6922508965839039
34,0.6922210129824552
35,0.6921688643368807
36,0.6921653693372553
37,0.6921195767142556
38,0.6920892379500649
39,0.6920497580008074
40,0.6920135508884083
41,0.6919767260551453
42,0.6919464414769952
43,0.6919234503399242
44,0.6918899416923523
45,0.6918370994654569
46,0.6917851025407965
47,0.6917577656832609
48,0.6917425502430309
49,0.6916736960411072
50,0.6916470419276844
51,0.691608342257413
