{
  "accuracy": 0.42105263157894735,
  "precision": 0.42857142857142855,
  "recall": 0.47368421052631576,
  "f1_score": 0.45,
  "auc": 0.44598337950138506,
  "training_time_sec": 130.3869285583496,
  "epochs_completed": 51,
  "config": {
    "num_layers": 10,
    "lr": 0.001,
    "batch_size": 16,
    "opt_name": "adam",
    "img_size": 64
  }
}