{
  "accuracy": 0.47368421052631576,
  "precision": 0.47619047619047616,
  "recall": 0.5263157894736842,
  "f1_score": 0.5,
  "auc": 0.5484764542936288,
  "training_time_sec": 103.71793103218079,
  "epochs_completed": 125,
  "config": {
    "num_layers": 5,
    "lr": 0.001,
    "batch_size": 16,
    "opt_name": "adam",
    "img_size": 32
  }
}