{
  "accuracy": 0.4140625,
  "precision": 0.4153846153846154,
  "recall": 0.421875,
  "f1_score": 0.4186046511627907,
  "auc": 0.4033203125,
  "best_train_loss": 0.6063751485198736,
  "training_time_sec": 303.2799847126007,
  "epochs_completed": 5000,
  "config": {
    "num_layers": 5,
    "lr": 0.05,
    "batch_size": 32,
    "opt_name": "adam",
    "img_size": 8
  }
}