{
  "accuracy": 0.5234375,
  "precision": 0.5238095238095238,
  "recall": 0.515625,
  "f1_score": 0.5196850393700787,
  "auc": 0.5556640625,
  "best_train_loss": 0.6723859943449497,
  "training_time_sec": 1459.340453863144,
  "epochs_completed": 1000,
  "config": {
    "num_layers": 20,
    "lr": 0.1,
    "batch_size": 32,
    "opt_name": "adam",
    "img_size": 128
  }
}