{
  "accuracy": 0.47368421052631576,
  "precision": 0.47368421052631576,
  "recall": 0.47368421052631576,
  "f1_score": 0.47368421052631576,
  "auc": 0.5041551246537397,
  "training_time_sec": 375.2507290840149,
  "epochs_completed": 215,
  "config": {
    "num_layers": 12,
    "lr": 0.05,
    "batch_size": 32,
    "opt_name": "adam",
    "img_size": 32
  },
  "lr_schedule": "cosine_decay"
}