{
  "accuracy": 0.5,
  "precision": 0.5,
  "recall": 0.703125,
  "f1_score": 0.5844155844155844,
  "auc": 0.678955078125,
  "best_train_loss": 0.6697888374328613,
  "training_time_sec": 26.94858479499817,
  "epochs_completed": 1000,
  "config": {
    "num_layers": 3,
    "lr": 0.001,
    "batch_size": 64,
    "opt_name": "adam",
    "img_size": 16
  }
}