{
  "accuracy": 0.4765625,
  "precision": 0.4788732394366197,
  "recall": 0.53125,
  "f1_score": 0.5037037037037037,
  "auc": 0.4814453125,
  "best_train_loss": 0.6868687123060226,
  "training_time_sec": 81.38521003723145,
  "epochs_completed": 1000,
  "config": {
    "num_layers": 5,
    "lr": 0.001,
    "batch_size": 64,
    "opt_name": "adam",
    "img_size": 32
  }
}