{
  "accuracy": 0.538961038961039,
  "precision": 0.53125,
  "recall": 0.6623376623376623,
  "f1_score": 0.5895953757225434,
  "auc": 0.5430932703659976,
  "training_time_sec": 131.62734127044678,
  "epochs_completed": 428,
  "config": {
    "num_layers": 1,
    "lr": 0.02,
    "batch_size": 64,
    "opt_name": "adam",
    "img_size": 64
  }
}