{
  "accuracy": 0.453125,
  "precision": 0.47540983606557374,
  "recall": 0.90625,
  "f1_score": 0.6236559139784946,
  "auc": 0.90625,
  "best_train_loss": 0.4039896707981825,
  "training_time_sec": 1124.6866416931152,
  "epochs_completed": 3000,
  "config": {
    "num_layers": 18,
    "lr": 0.05,
    "batch_size": 32,
    "opt_name": "adam",
    "img_size": 16
  }
}