{
  "accuracy": 0.8203125,
  "precision": 0.8867924528301887,
  "recall": 0.734375,
  "f1_score": 0.8034188034188035,
  "auc": 0.906494140625,
  "best_train_loss": 0.2245843019336462,
  "training_time_sec": 146.66973114013672,
  "epochs_completed": 3000,
  "config": {
    "num_layers": 6,
    "lr": 0.05,
    "batch_size": 32,
    "opt_name": "adam",
    "img_size": 16
  }
}