{
  "accuracy": 0.2894736842105263,
  "precision": 0.35714285714285715,
  "recall": 0.5263157894736842,
  "f1_score": 0.425531914893617,
  "auc": 0.2770083102493075,
  "training_time_sec": 77.57614302635193,
  "epochs_completed": 71,
  "config": {
    "num_layers": 7,
    "lr": 0.1,
    "batch_size": 8,
    "opt_name": "sgd",
    "img_size": 16
  },
  "lr_schedule": "cosine_decay"
}