{
  "accuracy": 0.42105263157894735,
  "precision": 0.42857142857142855,
  "recall": 0.47368421052631576,
  "f1_score": 0.45,
  "auc": 0.4515235457063712,
  "training_time_sec": 127.85186719894409,
  "epochs_completed": 51,
  "config": {
    "num_layers": 10,
    "lr": 0.01,
    "batch_size": 16,
    "opt_name": "sgd",
    "img_size": 64
  },
  "lr_schedule": "cosine_decay"
}