{
  "accuracy": 0.828125,
  "precision": 0.875,
  "recall": 0.765625,
  "f1_score": 0.8166666666666667,
  "auc": 0.89697265625,
  "best_train_loss": 0.5661713480949402,
  "training_time_sec": 130.9154167175293,
  "epochs_completed": 1000,
  "config": {
    "num_layers": 15,
    "lr": 0.001,
    "batch_size": 64,
    "opt_name": "adam",
    "img_size": 16
  }
}