{
  "accuracy": 0.6578947368421053,
  "precision": 0.6666666666666666,
  "recall": 0.631578947368421,
  "f1_score": 0.6486486486486487,
  "auc": 0.6177285318559557,
  "training_time_sec": 405.0027711391449,
  "epochs_completed": 291,
  "config": {
    "num_layers": 7,
    "lr": 0.02,
    "batch_size": 8,
    "opt_name": "adam",
    "img_size": 64
  },
  "lr_schedule": "cosine_decay"
}