{
  "accuracy": 0.8947368421052632,
  "precision": 0.9411764705882353,
  "recall": 0.8421052631578947,
  "f1_score": 0.8888888888888888,
  "auc": 0.8753462603878116,
  "training_time_sec": 66.43847894668579,
  "epochs_completed": 216,
  "config": {
    "num_layers": 5,
    "lr": 0.05,
    "batch_size": 32,
    "opt_name": "adam",
    "img_size": 4
  }
}