{
  "accuracy": 0.6052631578947368,
  "precision": 0.6,
  "recall": 0.631578947368421,
  "f1_score": 0.6153846153846154,
  "auc": 0.5595567867036011,
  "training_time_sec": 149.33592796325684,
  "epochs_completed": 315,
  "config": {
    "num_layers": 2,
    "lr": 0.01,
    "batch_size": 16,
    "opt_name": "adam",
    "img_size": 64
  }
}