{
  "accuracy": 0.461038961038961,
  "precision": 0.4605263157894737,
  "recall": 0.45454545454545453,
  "f1_score": 0.45751633986928103,
  "auc": 0.4624725923427222,
  "training_time_sec": 225.9876570701599,
  "epochs_completed": 51,
  "config": {
    "num_layers": 15,
    "lr": 0.05,
    "batch_size": 8,
    "opt_name": "sgd",
    "img_size": 64
  }
}