{
  "accuracy": 0.4473684210526316,
  "precision": 0.45,
  "recall": 0.47368421052631576,
  "f1_score": 0.46153846153846156,
  "auc": 0.5290858725761772,
  "training_time_sec": 86.45413208007812,
  "epochs_completed": 98,
  "config": {
    "num_layers": 5,
    "lr": 0.001,
    "batch_size": 8,
    "opt_name": "adam",
    "img_size": 32
  }
}