{
  "accuracy": 0.5625,
  "precision": 0.5714285714285714,
  "recall": 0.5,
  "f1_score": 0.5333333333333333,
  "auc": 0.537109375,
  "best_train_loss": 0.5046914592385292,
  "training_time_sec": 4001.12557554245,
  "epochs_completed": 5000,
  "config": {
    "num_layers": 16,
    "lr": 0.05,
    "batch_size": 32,
    "opt_name": "adam",
    "img_size": 64
  }
}