{
  "accuracy": 0.43506493506493504,
  "precision": 0.4305555555555556,
  "recall": 0.4025974025974026,
  "f1_score": 0.4161073825503356,
  "auc": 0.44813627930511046,
  "training_time_sec": 173.57743620872498,
  "epochs_completed": 235,
  "config": {
    "num_layers": 3,
    "lr": 0.01,
    "batch_size": 64,
    "opt_name": "adam",
    "img_size": 64
  }
}