{
  "accuracy": 0.9375,
  "precision": 0.9827586206896551,
  "recall": 0.890625,
  "f1_score": 0.9344262295081968,
  "auc": 0.957275390625,
  "best_train_loss": 0.006452861198340543,
  "training_time_sec": 28542.662313699722,
  "epochs_completed": 10000,
  "config": {
    "num_layers": 20,
    "lr": 0.05,
    "batch_size": 32,
    "img_size": 128
  }
}