{
  "accuracy": 0.577922077922078,
  "precision": 0.6,
  "recall": 0.4675324675324675,
  "f1_score": 0.5255474452554745,
  "auc": 0.5871141845167819,
  "training_time_sec": 672.8654463291168,
  "epochs_completed": 194,
  "config": {
    "num_layers": 15,
    "lr": 0.05,
    "batch_size": 64,
    "opt_name": "adam",
    "img_size": 64
  }
}