{
  "accuracy": 0.6052631578947368,
  "precision": 0.6,
  "recall": 0.631578947368421,
  "f1_score": 0.6153846153846154,
  "auc": 0.6620498614958448,
  "training_time_sec": 906.6764478683472,
  "epochs_completed": 203,
  "config": {
    "num_layers": 30,
    "lr": 0.01,
    "batch_size": 8,
    "opt_name": "adam",
    "img_size": 32
  }
}