{
  "accuracy": 0.5,
  "precision": 0.5,
  "recall": 0.42105263157894735,
  "f1_score": 0.45714285714285713,
  "auc": 0.4210526315789473,
  "training_time_sec": 134.44432878494263,
  "memory_usage_kb": 1587140,
  "data_loading_time_sec": 138.79395866394043,
  "num_qubits": 13,
  "num_samples_test": 38,
  "num_layers": 5
}