{
  "accuracy": 0.9453125,
  "precision": 0.9830508474576272,
  "recall": 0.90625,
  "f1_score": 0.943089430894309,
  "auc": 0.9931640625,
  "best_train_loss": 0.17675618827342987,
  "training_time_sec": 59.247156381607056,
  "epochs_completed": 1000,
  "config": {
    "num_layers": 7,
    "lr": 0.05,
    "batch_size": 64,
    "opt_name": "adam",
    "img_size": 16
  }
}