{
  "accuracy": 0.5546875,
  "precision": 0.5492957746478874,
  "recall": 0.609375,
  "f1_score": 0.5777777777777777,
  "auc": 0.6025390625,
  "best_train_loss": 0.49857662431895733,
  "training_time_sec": 893.5514893531799,
  "epochs_completed": 5000,
  "config": {
    "num_layers": 20,
    "lr": 0.05,
    "batch_size": 32,
    "opt_name": "adam",
    "img_size": 16
  }
}