{
  "accuracy": 0.9609375,
  "precision": 1.0,
  "recall": 0.921875,
  "f1_score": 0.959349593495935,
  "auc": 0.987548828125,
  "best_train_loss": 0.10491392575204372,
  "training_time_sec": 2643.977438211441,
  "epochs_completed": 10000,
  "config": {
    "num_layers": 5,
    "lr": 0.05,
    "batch_size": 32,
    "img_size": 64
  }
}