{
  "accuracy": 0.515625,
  "precision": 0.5151515151515151,
  "recall": 0.53125,
  "f1_score": 0.5230769230769231,
  "auc": 0.535888671875,
  "best_train_loss": 0.6674168780446053,
  "training_time_sec": 1068.1565024852753,
  "epochs_completed": 1000,
  "config": {
    "num_layers": 15,
    "lr": 0.1,
    "batch_size": 64,
    "opt_name": "adam",
    "img_size": 128
  }
}