epoch,loss
1,0.693176502531225
2,0.6931721405549482
3,0.693169734694741
4,0.693167811090296
5,0.6931627121838656
6,0.6931573965332725
7,0.6931531916965138
8,0.6931484341621399
9,0.693142213604667
10,0.693136144768108
11,0.6931302330710671
12,0.6931230913509022
13,0.6931171904910695
14,0.6931116851893339
15,0.693105014887723
16,0.6930991898883473
17,0.6930918314240195
18,0.6930855133316733
19,0.6930788050998341
20,0.6930696368217468
21,0.6930609507994219
22,0.6930545568466187
23,0.693048276684501
24,0.6930325518954884
25,0.6930260983380404
26,0.6930147246880964
27,0.6930004737593911
28,0.6929925680160522
29,0.6929819854823026
30,0.6929600455544211
31,0.692954117601568
32,0.692932746627114
33,0.6929221640933644
34,0.6929033886302601
35,0.6928826028650458
36,0.6928682814944874
37,0.6928448514504866
38,0.692830887707797
39,0.6928034587339922
40,0.6927845748988065
41,0.6927549134601246
42,0.6927388418804515
43,0.6927103725346652
44,0.6926943172108043
45,0.6926580938425931
46,0.692633493380113
47,0.6926072998480364
48,0.6925851973620328
49,0.6925542137839578
50,0.6925251158800992
51,0.692498039115559
52,0.6924777410247109
53,0.6924459067257968
54,0.6924207481470975
55,0.6923961639404297
56,0.6923649961298163
57,0.6923455162481829
58,0.6923139637166803
59,0.6922881982543252
60,0.6922532590952787
61,0.6922251365401528
62,0.6921940716830167
63,0.6921614137562838
64,0.6921439929441973
65,0.6921329715035178
66,0.6921137408776716
67,0.6920833912762728
68,0.6920543692328713
69,0.6920369646765969
70,0.6920113021677191
71,0.6919946778904308
72,0.6919443553144281
73,0.6919297684322704
74,0.6919148401780562
75,0.6918787631121549
76,0.691861483183774
77,0.6918281262571161
78,0.6918268583037637
79,0.6917923309586265
80,0.6917521574280479
81,0.6917449994520708
82,0.6917201334779913
83,0.6917003826661543
84,0.6916711763902144
85,0.691659688949585
86,0.691630401394584
87,0.6915887485850941
88,0.6915645165876909
89,0.6915649554946206
90,0.6915082660588351
91,0.6914982849901373
92,0.6914944540370594
93,0.6914657029238614
94,0.6914355429736051
95,0.6914372606710955
96,0.6914089484648271
97,0.6913828253746033
98,0.6913597421212629
99,0.6913211833346974
100,0.691306244243275
101,0.6912832368503917
102,0.6912577531554482
103,0.6912112669511274
104,0.6912204677408392
105,0.6911943879994479
106,0.6911813887682828
107,0.6911545504223217
108,0.6911103779619391
109,0.6911228895187378
110,0.6910572756420482
111,0.6910673921758478
112,0.6910365440628745
113,0.6910267201336947
