{
  "accuracy": 0.5,
  "precision": 0.5,
  "recall": 0.5263157894736842,
  "f1_score": 0.5128205128205128,
  "auc": 0.4903047091412742,
  "training_time_sec": 175.6164345741272,
  "epochs_completed": 113,
  "config": {
    "num_layers": 7,
    "lr": 0.001,
    "batch_size": 16,
    "opt_name": "adam",
    "img_size": 64
  }
}