{
  "accuracy": 0.5789473684210527,
  "precision": 0.5652173913043478,
  "recall": 0.6842105263157895,
  "f1_score": 0.6190476190476191,
  "auc": 0.6094182825484764,
  "training_time_sec": 486.2642652988434,
  "epochs_completed": 279,
  "config": {
    "num_layers": 12,
    "lr": 0.01,
    "batch_size": 32,
    "opt_name": "adam",
    "img_size": 32
  }
}