epoch,loss
1,0.6931727727254232
2,0.6931002736091614
3,0.6930619974931082
4,0.6929505169391632
5,0.692777176698049
6,0.692605584859848
7,0.6924455761909485
8,0.6922141512235006
9,0.6920670966307322
10,0.6918516059716543
11,0.6915961603323618
12,0.6913886765638987
13,0.691252589225769
14,0.6908520460128784
15,0.6904867688814799
16,0.6902483205000559
17,0.6898229022820791
18,0.6900727947552999
19,0.6887513200441996
20,0.6896278957525889
21,0.6891268392403921
22,0.6881818572680155
23,0.6881935397783915
24,0.687723845243454
25,0.6878589391708374
26,0.688099612792333
27,0.6873144706090292
28,0.6876665353775024
29,0.6872533758481344
30,0.6871381998062134
31,0.6873910129070282
32,0.6854987343152364
33,0.6862729291121165
34,0.6867568592230479
35,0.6856350104014078
36,0.6864648262659708
37,0.6860475738843282
38,0.6852134168148041
39,0.6851820250352224
40,0.6848419010639191
41,0.6855005820592245
42,0.6838787496089935
43,0.6849991579850515
44,0.6846974988778433
45,0.6819606125354767
46,0.6835567255814871
47,0.6833212673664093
48,0.6824967165788015
49,0.6825786133607229
50,0.6823722322781881
51,0.6823156575361887
