{
  "accuracy": 0.631578947368421,
  "precision": 0.6,
  "recall": 0.7894736842105263,
  "f1_score": 0.6818181818181818,
  "auc": 0.778393351800554,
  "training_time_sec": 171.03687024116516,
  "epochs_completed": 447,
  "config": {
    "num_layers": 3,
    "lr": 0.02,
    "batch_size": 32,
    "opt_name": "adam",
    "img_size": 16
  },
  "lr_schedule": "cosine_decay"
}