{
  "accuracy": 0.6328125,
  "precision": 0.5977011494252874,
  "recall": 0.8125,
  "f1_score": 0.6887417218543046,
  "auc": 0.760498046875,
  "best_train_loss": 0.5913213714957237,
  "training_time_sec": 86.84767460823059,
  "epochs_completed": 1000,
  "config": {
    "num_layers": 3,
    "lr": 0.1,
    "batch_size": 64,
    "opt_name": "adam",
    "img_size": 32
  }
}