{
  "accuracy": 0.53125,
  "precision": 0.53125,
  "recall": 0.53125,
  "f1_score": 0.53125,
  "auc": 0.51611328125,
  "best_train_loss": 0.6201185211539268,
  "training_time_sec": 157.60822701454163,
  "epochs_completed": 1000,
  "config": {
    "num_layers": 15,
    "lr": 0.01,
    "batch_size": 64,
    "opt_name": "adam",
    "img_size": 32
  }
}