{
  "accuracy": 0.453125,
  "precision": 0.4594594594594595,
  "recall": 0.53125,
  "f1_score": 0.4927536231884058,
  "auc": 0.47021484375,
  "best_train_loss": 0.5605105943977833,
  "training_time_sec": 3870.6641817092896,
  "epochs_completed": 5000,
  "config": {
    "num_layers": 6,
    "lr": 0.05,
    "batch_size": 32,
    "opt_name": "adam",
    "img_size": 128
  }
}