{
  "accuracy": 0.8984375,
  "precision": 1.0,
  "recall": 0.796875,
  "f1_score": 0.8869565217391304,
  "auc": 0.796875,
  "best_train_loss": 0.48382787592709064,
  "training_time_sec": 814.8819169998169,
  "epochs_completed": 3000,
  "config": {
    "num_layers": 2,
    "lr": 0.05,
    "batch_size": 32,
    "opt_name": "adam",
    "img_size": 8
  }
}