{
  "accuracy": 0.5625,
  "precision": 0.5588235294117647,
  "recall": 0.59375,
  "f1_score": 0.5757575757575758,
  "auc": 0.561279296875,
  "best_train_loss": 0.510775201022625,
  "training_time_sec": 2592.959951877594,
  "epochs_completed": 5000,
  "config": {
    "num_layers": 10,
    "lr": 0.05,
    "batch_size": 32,
    "opt_name": "adam",
    "img_size": 64
  }
}