{
  "accuracy": 0.5859375,
  "precision": 0.5846153846153846,
  "recall": 0.59375,
  "f1_score": 0.5891472868217055,
  "auc": 0.5869140625,
  "best_train_loss": 0.5495682172477245,
  "training_time_sec": 133.16006183624268,
  "epochs_completed": 1000,
  "config": {
    "num_layers": 20,
    "lr": 0.05,
    "batch_size": 32,
    "opt_name": "adam",
    "img_size": 16
  }
}