{
  "accuracy": 0.7631578947368421,
  "precision": 0.7777777777777778,
  "recall": 0.7368421052631579,
  "f1_score": 0.7567567567567568,
  "auc": 0.8088642659279778,
  "training_time_sec": 15134.148775815964,
  "epochs_completed": 10000,
  "config": {
    "num_layers": 30,
    "lr": 0.001,
    "batch_size": 32,
    "opt_name": "sgd",
    "img_size": 4
  }
}