{
  "accuracy": 0.96875,
  "precision": 0.9838709677419355,
  "recall": 0.953125,
  "f1_score": 0.9682539682539683,
  "auc": 0.99072265625,
  "best_train_loss": 0.11685377999674529,
  "training_time_sec": 8689.018817901611,
  "epochs_completed": 10000,
  "config": {
    "num_layers": 8,
    "lr": 0.05,
    "batch_size": 32,
    "img_size": 64
  }
}