{
  "accuracy": 0.39473684210526316,
  "precision": 0.35714285714285715,
  "recall": 0.2631578947368421,
  "f1_score": 0.30303030303030304,
  "auc": 0.47645429362880887,
  "training_time_sec": 73.89193058013916,
  "epochs_completed": 146,
  "config": {
    "num_layers": 2,
    "lr": 0.05,
    "batch_size": 8,
    "opt_name": "adam",
    "img_size": 64
  },
  "lr_schedule": "cosine_decay"
}