{
  "accuracy": 0.6052631578947368,
  "precision": 0.5769230769230769,
  "recall": 0.7894736842105263,
  "f1_score": 0.6666666666666666,
  "auc": 0.6426592797783933,
  "training_time_sec": 549.098447561264,
  "epochs_completed": 243,
  "config": {
    "num_layers": 20,
    "lr": 0.02,
    "batch_size": 32,
    "opt_name": "adam",
    "img_size": 16
  },
  "lr_schedule": "cosine_decay"
}