{
  "accuracy": 0.47368421052631576,
  "precision": 0.48,
  "recall": 0.631578947368421,
  "f1_score": 0.5454545454545454,
  "auc": 0.47645429362880887,
  "training_time_sec": 500.99140429496765,
  "epochs_completed": 160,
  "config": {
    "num_layers": 15,
    "lr": 0.1,
    "batch_size": 64,
    "opt_name": "adam",
    "img_size": 64
  },
  "lr_schedule": "cosine_decay"
}