{
  "accuracy": 0.8828125,
  "precision": 0.9454545454545454,
  "recall": 0.8125,
  "f1_score": 0.8739495798319328,
  "auc": 0.902587890625,
  "best_train_loss": 0.008737144875340164,
  "training_time_sec": 3650.7745990753174,
  "epochs_completed": 10000,
  "config": {
    "num_layers": 17,
    "lr": 0.05,
    "batch_size": 32,
    "img_size": 16
  }
}