{
  "accuracy": 0.39473684210526316,
  "precision": 0.3888888888888889,
  "recall": 0.3684210526315789,
  "f1_score": 0.3783783783783784,
  "auc": 0.4182825484764543,
  "training_time_sec": 106.72868180274963,
  "epochs_completed": 166,
  "config": {
    "num_layers": 5,
    "lr": 0.01,
    "batch_size": 64,
    "opt_name": "adam",
    "img_size": 16
  },
  "lr_schedule": "cosine_decay"
}