{
  "accuracy": 0.47368421052631576,
  "precision": 0.4782608695652174,
  "recall": 0.5789473684210527,
  "f1_score": 0.5238095238095238,
  "auc": 0.38504155124653744,
  "training_time_sec": 534.4828517436981,
  "epochs_completed": 78,
  "config": {
    "num_layers": 30,
    "lr": 0.01,
    "batch_size": 16,
    "opt_name": "adam",
    "img_size": 64
  }
}