{
  "accuracy": 0.6578947368421053,
  "precision": 0.65,
  "recall": 0.6842105263157895,
  "f1_score": 0.6666666666666666,
  "auc": 0.5955678670360112,
  "training_time_sec": 9.89907193183899,
  "epochs_completed": 51,
  "config": {
    "num_layers": 2,
    "lr": 0.05,
    "batch_size": 32,
    "opt_name": "adam",
    "img_size": 4
  }
}