{
  "accuracy": 0.487012987012987,
  "precision": 0.4875,
  "recall": 0.5064935064935064,
  "f1_score": 0.4968152866242038,
  "auc": 0.4734356552538371,
  "training_time_sec": 90.37015724182129,
  "epochs_completed": 51,
  "config": {
    "num_layers": 5,
    "lr": 0.05,
    "batch_size": 8,
    "opt_name": "sgd",
    "img_size": 64
  }
}