{
  "accuracy": 0.474025974025974,
  "precision": 0.47368421052631576,
  "recall": 0.4675324675324675,
  "f1_score": 0.47058823529411764,
  "auc": 0.44358239163433966,
  "training_time_sec": 1208.6219007968903,
  "epochs_completed": 164,
  "config": {
    "num_layers": 30,
    "lr": 0.02,
    "batch_size": 8,
    "opt_name": "adam",
    "img_size": 64
  }
}