{
  "accuracy": 0.39473684210526316,
  "precision": 0.4090909090909091,
  "recall": 0.47368421052631576,
  "f1_score": 0.43902439024390244,
  "auc": 0.3573407202216066,
  "training_time_sec": 11.159982442855835,
  "epochs_completed": 51,
  "config": {
    "num_layers": 2,
    "lr": 0.01,
    "batch_size": 8,
    "opt_name": "adam",
    "img_size": 4
  }
}