{
  "accuracy": 0.515625,
  "precision": 0.5147058823529411,
  "recall": 0.546875,
  "f1_score": 0.5303030303030303,
  "auc": 0.497802734375,
  "best_train_loss": 0.6180863194167614,
  "training_time_sec": 135.36202192306519,
  "epochs_completed": 1000,
  "config": {
    "num_layers": 3,
    "lr": 0.1,
    "batch_size": 32,
    "opt_name": "adam",
    "img_size": 64
  }
}