{
  "accuracy": 0.6578947368421053,
  "precision": 0.6666666666666666,
  "recall": 0.631578947368421,
  "f1_score": 0.6486486486486487,
  "auc": 0.7119113573407202,
  "training_time_sec": 430.1280107498169,
  "epochs_completed": 1099,
  "config": {
    "num_layers": 3,
    "lr": 0.01,
    "batch_size": 8,
    "opt_name": "adam",
    "img_size": 16
  },
  "lr_schedule": "cosine_decay"
}