{
  "accuracy": 0.39473684210526316,
  "precision": 0.4,
  "recall": 0.42105263157894735,
  "f1_score": 0.41025641025641024,
  "auc": 0.4238227146814404,
  "training_time_sec": 136.99451851844788,
  "epochs_completed": 64,
  "config": {
    "num_layers": 12,
    "lr": 0.01,
    "batch_size": 16,
    "opt_name": "adam",
    "img_size": 32
  },
  "lr_schedule": "cosine_decay"
}