{
  "accuracy": 0.5789473684210527,
  "precision": 0.6153846153846154,
  "recall": 0.42105263157894735,
  "f1_score": 0.5,
  "auc": 0.6011080332409973,
  "training_time_sec": 277.9012966156006,
  "epochs_completed": 115,
  "config": {
    "num_layers": 15,
    "lr": 0.05,
    "batch_size": 8,
    "opt_name": "adam",
    "img_size": 32
  }
}