{
  "accuracy": 0.703125,
  "precision": 0.8611111111111112,
  "recall": 0.484375,
  "f1_score": 0.62,
  "auc": 0.611572265625,
  "best_train_loss": 0.4525817707180977,
  "training_time_sec": 1030.9405179023743,
  "epochs_completed": 5000,
  "config": {
    "num_layers": 17,
    "lr": 0.05,
    "batch_size": 32,
    "opt_name": "adam",
    "img_size": 16
  }
}