{
  "accuracy": 0.47368421052631576,
  "precision": 0.4666666666666667,
  "recall": 0.3684210526315789,
  "f1_score": 0.4117647058823529,
  "auc": 0.4182825484764543,
  "training_time_sec": 153.71923804283142,
  "epochs_completed": 555,
  "config": {
    "num_layers": 1,
    "lr": 0.01,
    "batch_size": 32,
    "opt_name": "adam",
    "img_size": 64
  }
}