{
  "accuracy": 0.6328125,
  "precision": 0.6307692307692307,
  "recall": 0.640625,
  "f1_score": 0.6356589147286822,
  "auc": 0.676513671875,
  "best_train_loss": 0.4853020366281271,
  "training_time_sec": 61.07813119888306,
  "epochs_completed": 1000,
  "config": {
    "num_layers": 5,
    "lr": 0.05,
    "batch_size": 32,
    "opt_name": "adam",
    "img_size": 16
  }
}