{
  "accuracy": 0.5526315789473685,
  "precision": 0.5625,
  "recall": 0.47368421052631576,
  "f1_score": 0.5142857142857142,
  "auc": 0.6011080332409973,
  "training_time_sec": 12.58256983757019,
  "epochs_completed": 63,
  "config": {
    "num_layers": 2,
    "lr": 0.05,
    "batch_size": 8,
    "opt_name": "adam",
    "img_size": 4
  }
}