{
  "accuracy": 0.8671875,
  "precision": 0.9433962264150944,
  "recall": 0.78125,
  "f1_score": 0.8547008547008547,
  "auc": 0.909912109375,
  "best_train_loss": 0.00259372436630656,
  "training_time_sec": 2258.9771478176117,
  "epochs_completed": 5000,
  "config": {
    "num_layers": 20,
    "lr": 0.05,
    "batch_size": 32,
    "img_size": 16
  }
}