{
  "accuracy": 0.46875,
  "precision": 0.4666666666666667,
  "recall": 0.4375,
  "f1_score": 0.45161290322580644,
  "auc": 0.4853515625,
  "best_train_loss": 0.6697194799780846,
  "training_time_sec": 241.8324055671692,
  "epochs_completed": 1000,
  "config": {
    "num_layers": 3,
    "lr": 0.1,
    "batch_size": 64,
    "opt_name": "adam",
    "img_size": 128
  }
}