{
  "accuracy": 0.5,
  "precision": 0.5,
  "recall": 0.47368421052631576,
  "f1_score": 0.4864864864864865,
  "auc": 0.5678670360110804,
  "training_time_sec": 358.263108253479,
  "memory_usage_kb": 1947044,
  "data_loading_time_sec": 363.4350950717926,
  "num_qubits": 13,
  "num_samples_test": 38,
  "num_layers": 15
}