{
  "accuracy": 0.5,
  "precision": 0.5,
  "recall": 0.5,
  "f1_score": 0.5,
  "auc": 0.475341796875,
  "best_train_loss": 0.5859892442822456,
  "training_time_sec": 114.45639872550964,
  "epochs_completed": 1000,
  "config": {
    "num_layers": 7,
    "lr": 0.05,
    "batch_size": 64,
    "opt_name": "adam",
    "img_size": 32
  }
}