{
  "accuracy": 0.5078125,
  "precision": 0.5084745762711864,
  "recall": 0.46875,
  "f1_score": 0.4878048780487805,
  "auc": 0.48291015625,
  "best_train_loss": 0.5951791480183601,
  "training_time_sec": 80.70515966415405,
  "epochs_completed": 1000,
  "config": {
    "num_layers": 10,
    "lr": 0.01,
    "batch_size": 64,
    "opt_name": "adam",
    "img_size": 16
  }
}