{
  "accuracy": 0.46875,
  "precision": 0.4714285714285714,
  "recall": 0.515625,
  "f1_score": 0.4925373134328358,
  "auc": 0.509765625,
  "best_train_loss": 0.6779391542077065,
  "training_time_sec": 224.4388599395752,
  "epochs_completed": 1000,
  "config": {
    "num_layers": 20,
    "lr": 0.001,
    "batch_size": 64,
    "opt_name": "adam",
    "img_size": 32
  }
}