{
  "accuracy": 0.474025974025974,
  "precision": 0.475,
  "recall": 0.4935064935064935,
  "f1_score": 0.4840764331210191,
  "auc": 0.44341372912801486,
  "training_time_sec": 83.94041013717651,
  "epochs_completed": 149,
  "config": {
    "num_layers": 2,
    "lr": 0.05,
    "batch_size": 32,
    "opt_name": "adam",
    "img_size": 64
  }
}