{
  "accuracy": 0.5064935064935064,
  "precision": 0.5142857142857142,
  "recall": 0.4675324675324675,
  "f1_score": 0.4897959183673469,
  "auc": 0.560971496036431,
  "training_time_sec": 454.6588079929352,
  "epochs_completed": 96,
  "config": {
    "num_layers": 20,
    "lr": 0.05,
    "batch_size": 64,
    "opt_name": "adam",
    "img_size": 64
  }
}