{
  "accuracy": 0.6328125,
  "precision": 0.6491228070175439,
  "recall": 0.578125,
  "f1_score": 0.6115702479338843,
  "auc": 0.644287109375,
  "best_train_loss": 0.49345736019313335,
  "training_time_sec": 70.83527684211731,
  "epochs_completed": 1000,
  "config": {
    "num_layers": 5,
    "lr": 0.1,
    "batch_size": 32,
    "opt_name": "adam",
    "img_size": 16
  }
}