{
  "accuracy": 0.5,
  "precision": 0.5,
  "recall": 0.42105263157894735,
  "f1_score": 0.45714285714285713,
  "auc": 0.5650969529085873,
  "training_time_sec": 78.88188171386719,
  "epochs_completed": 157,
  "config": {
    "num_layers": 2,
    "lr": 0.1,
    "batch_size": 32,
    "opt_name": "adam",
    "img_size": 64
  },
  "lr_schedule": "cosine_decay"
}