{
  "accuracy": 0.39473684210526316,
  "precision": 0.3888888888888889,
  "recall": 0.3684210526315789,
  "f1_score": 0.3783783783783784,
  "auc": 0.3850415512465374,
  "training_time_sec": 260.2837133407593,
  "epochs_completed": 181,
  "config": {
    "num_layers": 7,
    "lr": 0.05,
    "batch_size": 8,
    "opt_name": "adam",
    "img_size": 64
  },
  "lr_schedule": "cosine_decay"
}