{
  "accuracy": 0.4473684210526316,
  "precision": 0.4444444444444444,
  "recall": 0.42105263157894735,
  "f1_score": 0.43243243243243246,
  "auc": 0.45429362880886426,
  "training_time_sec": 364.74682784080505,
  "epochs_completed": 205,
  "config": {
    "num_layers": 12,
    "lr": 0.1,
    "batch_size": 16,
    "opt_name": "adam",
    "img_size": 32
  },
  "lr_schedule": "cosine_decay"
}