{
  "accuracy": 0.42105263157894735,
  "precision": 0.4,
  "recall": 0.3157894736842105,
  "f1_score": 0.35294117647058826,
  "auc": 0.43213296398891965,
  "training_time_sec": 390.42579531669617,
  "epochs_completed": 153,
  "config": {
    "num_layers": 20,
    "lr": 0.1,
    "batch_size": 8,
    "opt_name": "sgd",
    "img_size": 16
  },
  "lr_schedule": "cosine_decay"
}