{
  "accuracy": 0.5546875,
  "precision": 0.5492957746478874,
  "recall": 0.609375,
  "f1_score": 0.5777777777777777,
  "auc": 0.612060546875,
  "best_train_loss": 0.5500298356637359,
  "training_time_sec": 188.02690935134888,
  "epochs_completed": 1000,
  "config": {
    "num_layers": 20,
    "lr": 0.05,
    "batch_size": 16,
    "opt_name": "adam",
    "img_size": 16
  }
}