{
  "accuracy": 0.47368421052631576,
  "precision": 0.47619047619047616,
  "recall": 0.5263157894736842,
  "f1_score": 0.5,
  "auc": 0.4182825484764543,
  "training_time_sec": 199.43592047691345,
  "epochs_completed": 130,
  "config": {
    "num_layers": 7,
    "lr": 0.02,
    "batch_size": 8,
    "opt_name": "adam",
    "img_size": 64
  }
}