{
  "accuracy": 0.578125,
  "precision": 0.5609756097560976,
  "recall": 0.71875,
  "f1_score": 0.6301369863013698,
  "auc": 0.693603515625,
  "best_train_loss": 0.5930910045281053,
  "training_time_sec": 159.75144338607788,
  "epochs_completed": 1000,
  "config": {
    "num_layers": 3,
    "lr": 0.05,
    "batch_size": 16,
    "opt_name": "adam",
    "img_size": 32
  }
}