{
  "accuracy": 0.578125,
  "precision": 0.5735294117647058,
  "recall": 0.609375,
  "f1_score": 0.5909090909090909,
  "auc": 0.619384765625,
  "best_train_loss": 0.5763915292918682,
  "training_time_sec": 161.81997537612915,
  "epochs_completed": 1000,
  "config": {
    "num_layers": 10,
    "lr": 0.05,
    "batch_size": 32,
    "opt_name": "adam",
    "img_size": 32
  }
}