{
  "accuracy": 0.5078125,
  "precision": 0.5087719298245614,
  "recall": 0.453125,
  "f1_score": 0.4793388429752066,
  "auc": 0.46630859375,
  "best_train_loss": 0.6576039604842663,
  "training_time_sec": 549.6065073013306,
  "epochs_completed": 1000,
  "config": {
    "num_layers": 7,
    "lr": 0.05,
    "batch_size": 32,
    "opt_name": "adam",
    "img_size": 128
  }
}