{
  "accuracy": 0.631578947368421,
  "precision": 0.5925925925925926,
  "recall": 0.8421052631578947,
  "f1_score": 0.6956521739130435,
  "auc": 0.7534626038781164,
  "training_time_sec": 1400.700065612793,
  "epochs_completed": 3835,
  "config": {
    "num_layers": 3,
    "lr": 0.001,
    "batch_size": 64,
    "opt_name": "adam",
    "img_size": 16
  },
  "lr_schedule": "cosine_decay"
}