{
  "accuracy": 0.7421875,
  "precision": 0.7818181818181819,
  "recall": 0.671875,
  "f1_score": 0.7226890756302521,
  "auc": 0.75146484375,
  "best_train_loss": 0.5709379585459828,
  "training_time_sec": 55.446024894714355,
  "epochs_completed": 1000,
  "config": {
    "num_layers": 3,
    "lr": 0.1,
    "batch_size": 16,
    "opt_name": "adam",
    "img_size": 4
  }
}