{
  "accuracy": 0.4473684210526316,
  "precision": 0.4375,
  "recall": 0.3684210526315789,
  "f1_score": 0.4,
  "auc": 0.38227146814404434,
  "training_time_sec": 646.9897017478943,
  "epochs_completed": 2417,
  "config": {
    "num_layers": 1,
    "lr": 0.001,
    "batch_size": 32,
    "opt_name": "adam",
    "img_size": 64
  }
}