{
  "accuracy": 0.564935064935065,
  "precision": 0.5531914893617021,
  "recall": 0.6753246753246753,
  "f1_score": 0.6081871345029239,
  "auc": 0.5547309833024119,
  "training_time_sec": 136.47098541259766,
  "epochs_completed": 427,
  "config": {
    "num_layers": 1,
    "lr": 0.02,
    "batch_size": 32,
    "opt_name": "adam",
    "img_size": 64
  }
}