{
  "accuracy": 0.8828125,
  "precision": 0.9298245614035088,
  "recall": 0.828125,
  "f1_score": 0.8760330578512396,
  "auc": 0.923095703125,
  "best_train_loss": 0.002628681788337417,
  "training_time_sec": 4276.978885412216,
  "epochs_completed": 10000,
  "config": {
    "num_layers": 18,
    "lr": 0.05,
    "batch_size": 32,
    "img_size": 16
  }
}