{
  "accuracy": 0.7631578947368421,
  "precision": 0.8571428571428571,
  "recall": 0.631578947368421,
  "f1_score": 0.7272727272727273,
  "auc": 0.7396121883656509,
  "training_time_sec": 243.12519121170044,
  "epochs_completed": 133,
  "config": {
    "num_layers": 15,
    "lr": 0.02,
    "batch_size": 16,
    "opt_name": "adam",
    "img_size": 16
  },
  "lr_schedule": "cosine_decay"
}