{
  "accuracy": 0.5,
  "precision": 0.5,
  "recall": 0.53125,
  "f1_score": 0.5151515151515151,
  "auc": 0.550048828125,
  "best_train_loss": 0.6866391226649284,
  "training_time_sec": 72.195148229599,
  "epochs_completed": 1000,
  "config": {
    "num_layers": 3,
    "lr": 0.001,
    "batch_size": 64,
    "opt_name": "adam",
    "img_size": 32
  }
}