{
  "accuracy": 0.8157894736842105,
  "precision": 0.9285714285714286,
  "recall": 0.6842105263157895,
  "f1_score": 0.7878787878787878,
  "auc": 0.8614958448753463,
  "training_time_sec": 413.72379326820374,
  "epochs_completed": 2096,
  "config": {
    "num_layers": 3,
    "lr": 0.001,
    "batch_size": 16,
    "opt_name": "adam",
    "img_size": 4
  }
}