{
  "accuracy": 0.8671875,
  "precision": 0.9433962264150944,
  "recall": 0.78125,
  "f1_score": 0.8547008547008547,
  "auc": 0.923583984375,
  "best_train_loss": 0.008206104350392707,
  "training_time_sec": 1949.5971050262451,
  "epochs_completed": 5000,
  "config": {
    "num_layers": 17,
    "lr": 0.05,
    "batch_size": 32,
    "img_size": 16
  }
}