{
  "accuracy": 0.2894736842105263,
  "precision": 0.2777777777777778,
  "recall": 0.2631578947368421,
  "f1_score": 0.2702702702702703,
  "auc": 0.31301939058171746,
  "training_time_sec": 363.3200852870941,
  "epochs_completed": 145,
  "config": {
    "num_layers": 12,
    "lr": 0.05,
    "batch_size": 16,
    "opt_name": "adam",
    "img_size": 64
  }
}