{
  "accuracy": 0.6052631578947368,
  "precision": 0.6,
  "recall": 0.631578947368421,
  "f1_score": 0.6153846153846154,
  "auc": 0.6509695290858726,
  "training_time_sec": 658.7356247901917,
  "epochs_completed": 134,
  "config": {
    "num_layers": 30,
    "lr": 0.1,
    "batch_size": 64,
    "opt_name": "adam",
    "img_size": 32
  },
  "lr_schedule": "cosine_decay"
}