epoch,loss
1,0.6932073967023329
2,0.6929910508069125
3,0.6925630054690621
4,0.6922620101408525
5,0.6917446797544305
6,0.6920681270686063
7,0.6913863203742288
8,0.6910597411069003
9,0.6899860203266144
10,0.6899556192484769
11,0.6893576221032576
12,0.6903817843307148
13,0.6887660324573517
14,0.6879049404100939
15,0.6880199150605635
16,0.6854040216315876
17,0.6848183491013267
18,0.6838430789383975
19,0.6855167827822946
20,0.6842740719968622
21,0.6841665208339691
22,0.6807381619106639
23,0.6786199862306769
24,0.6797988739880648
25,0.6788670691576871
26,0.6749148124998267
27,0.6761492436582391
28,0.6830926862629977
29,0.6794464723630385
30,0.6776675365187905
31,0.6760717251084067
32,0.673329458995299
33,0.6692152375524695
34,0.6674146300012415
35,0.6718113097277555
36,0.6826872635971416
37,0.6763050989671187
38,0.6677226640961387
39,0.6666684015230699
40,0.6643238446929238
41,0.661065323786302
42,0.659242486411875
43,0.6584875123067335
44,0.6602614007212899
45,0.6587115282362158
46,0.6592643613165076
47,0.6619110811840404
48,0.6575945317745209
49,0.6619074994867499
50,0.6582131710919467
51,0.6521586965430867
52,0.6544390510429036
53,0.6513289619575847
54,0.6504120880907233
55,0.6491379358551719
56,0.6463201371106234
57,0.6459224142811515
58,0.6631318195299669
59,0.6956390738487244
60,0.681003597649661
61,0.6691747876730832
62,0.6606114940209822
63,0.6581431573087518
64,0.6619913171638142
65,0.6576281244104559
66,0.6531613252379678
67,0.649373553015969
68,0.6454573409123854
69,0.6452085917646234
70,0.640093898231333
71,0.6399757862091064
72,0.6369758736003529
73,0.6385507691990245
74,0.6357069882479581
75,0.636287743395025
76,0.6375077095898715
77,0.6360736137086694
78,0.6410608237439935
79,0.6458371362902902
80,0.639176300980828
81,0.6375346779823303
82,0.6366115266626532
83,0.6331899111921137
84,0.6328572089021857
85,0.6477334120056846
86,0.639086281711405
87,0.6271542500365864
88,0.6247533613985236
89,0.6340459097515453
90,0.6266186833381653
91,0.62123303250833
92,0.6204017807136882
93,0.6203414526852694
94,0.6243093582716855
95,0.6351730254563418
96,0.6501181396571073
97,0.6310030330311168
98,0.623551382259889
99,0.6173267215490341
100,0.622648527676409
101,0.6215357265689156
