{
  "accuracy": 0.39473684210526316,
  "precision": 0.3888888888888889,
  "recall": 0.3684210526315789,
  "f1_score": 0.3783783783783784,
  "auc": 0.4155124653739612,
  "training_time_sec": 233.8954358100891,
  "epochs_completed": 101,
  "config": {
    "num_layers": 10,
    "lr": 0.02,
    "batch_size": 8,
    "opt_name": "adam",
    "img_size": 64
  }
}