{
  "accuracy": 0.4140625,
  "precision": 0.4098360655737705,
  "recall": 0.390625,
  "f1_score": 0.4,
  "auc": 0.36328125,
  "best_train_loss": 0.6018765298649669,
  "training_time_sec": 90.47452902793884,
  "epochs_completed": 1000,
  "config": {
    "num_layers": 5,
    "lr": 0.01,
    "batch_size": 16,
    "opt_name": "adam",
    "img_size": 8
  }
}