{
  "accuracy": 0.5526315789473685,
  "precision": 0.5555555555555556,
  "recall": 0.5263157894736842,
  "f1_score": 0.5405405405405406,
  "auc": 0.6149584487534626,
  "training_time_sec": 807.504088640213,
  "epochs_completed": 227,
  "config": {
    "num_layers": 30,
    "lr": 0.02,
    "batch_size": 8,
    "opt_name": "adam",
    "img_size": 16
  },
  "lr_schedule": "cosine_decay"
}