{
  "accuracy": 0.5,
  "precision": 0.5,
  "recall": 0.6842105263157895,
  "f1_score": 0.5777777777777777,
  "auc": 0.4903047091412743,
  "training_time_sec": 104.80696630477905,
  "memory_usage_kb": 1654896,
  "data_loading_time_sec": 109.21704936027527,
  "num_qubits": 13,
  "num_samples_test": 38,
  "num_layers": 7
}