{
  "accuracy": 0.5,
  "precision": 0.5,
  "recall": 0.45454545454545453,
  "f1_score": 0.47619047619047616,
  "auc": 0.5083487940630798,
  "training_time_sec": 1080.0085625648499,
  "epochs_completed": 176,
  "config": {
    "num_layers": 20,
    "lr": 0.01,
    "batch_size": 64,
    "opt_name": "adam",
    "img_size": 64
  }
}