{
  "accuracy": 0.4765625,
  "precision": 0.47619047619047616,
  "recall": 0.46875,
  "f1_score": 0.47244094488188976,
  "auc": 0.45703125,
  "best_train_loss": 0.5932149477303028,
  "training_time_sec": 132.27238583564758,
  "epochs_completed": 1000,
  "config": {
    "num_layers": 7,
    "lr": 0.05,
    "batch_size": 32,
    "opt_name": "adam",
    "img_size": 32
  }
}