{
  "accuracy": 0.7631578947368421,
  "precision": 0.7777777777777778,
  "recall": 0.7368421052631579,
  "f1_score": 0.7567567567567568,
  "auc": 0.8088642659279778,
  "training_time_sec": 892.2655878067017,
  "epochs_completed": 10000,
  "config": {
    "num_layers": 1,
    "lr": 0.02,
    "batch_size": 64,
    "opt_name": "sgd",
    "img_size": 4
  }
}