{
  "accuracy": 0.5263157894736842,
  "precision": 0.5263157894736842,
  "recall": 0.5263157894736842,
  "f1_score": 0.5263157894736842,
  "auc": 0.46537396121883656,
  "training_time_sec": 10.882055521011353,
  "epochs_completed": 51,
  "config": {
    "num_layers": 2,
    "lr": 0.02,
    "batch_size": 8,
    "opt_name": "adam",
    "img_size": 4
  }
}