{
  "accuracy": 0.7368421052631579,
  "precision": 0.7647058823529411,
  "recall": 0.6842105263157895,
  "f1_score": 0.7222222222222222,
  "auc": 0.8421052631578947,
  "training_time_sec": 275.3672375679016,
  "epochs_completed": 153,
  "config": {
    "num_layers": 15,
    "lr": 0.05,
    "batch_size": 16,
    "opt_name": "adam",
    "img_size": 16
  },
  "lr_schedule": "cosine_decay"
}