{
  "accuracy": 0.868421052631579,
  "precision": 0.9375,
  "recall": 0.7894736842105263,
  "f1_score": 0.8571428571428571,
  "auc": 0.8393351800554016,
  "training_time_sec": 44.86872959136963,
  "epochs_completed": 476,
  "config": {
    "num_layers": 1,
    "lr": 0.02,
    "batch_size": 64,
    "opt_name": "adam",
    "img_size": 4
  }
}