{
  "accuracy": 0.7105263157894737,
  "precision": 0.8333333333333334,
  "recall": 0.5263157894736842,
  "f1_score": 0.6451612903225806,
  "auc": 0.781163434903047,
  "training_time_sec": 105.34529256820679,
  "epochs_completed": 546,
  "config": {
    "num_layers": 3,
    "lr": 0.02,
    "batch_size": 64,
    "opt_name": "adam",
    "img_size": 4
  }
}