{
  "accuracy": 0.671875,
  "precision": 0.6833333333333333,
  "recall": 0.640625,
  "f1_score": 0.6612903225806451,
  "auc": 0.6826171875,
  "best_train_loss": 0.6312748715281487,
  "training_time_sec": 50.89214301109314,
  "epochs_completed": 1000,
  "config": {
    "num_layers": 15,
    "lr": 0.001,
    "batch_size": 64,
    "opt_name": "adam",
    "img_size": 4
  }
}