{
  "accuracy": 0.7105263157894737,
  "precision": 0.7,
  "recall": 0.7368421052631579,
  "f1_score": 0.717948717948718,
  "auc": 0.7008310249307479,
  "training_time_sec": 39.69194173812866,
  "epochs_completed": 214,
  "config": {
    "num_layers": 1,
    "lr": 0.05,
    "batch_size": 32,
    "opt_name": "adam",
    "img_size": 16
  },
  "lr_schedule": "cosine_decay"
}