{
  "accuracy": 0.5263157894736842,
  "precision": 0.5294117647058824,
  "recall": 0.47368421052631576,
  "f1_score": 0.5,
  "auc": 0.5401662049861495,
  "training_time_sec": 416.19749307632446,
  "epochs_completed": 190,
  "config": {
    "num_layers": 15,
    "lr": 0.001,
    "batch_size": 64,
    "opt_name": "adam",
    "img_size": 32
  },
  "lr_schedule": "cosine_decay"
}