{
  "accuracy": 0.96875,
  "precision": 1.0,
  "recall": 0.9375,
  "f1_score": 0.967741935483871,
  "auc": 0.984619140625,
  "best_train_loss": 0.06302104098722339,
  "training_time_sec": 10147.849956989288,
  "epochs_completed": 10000,
  "config": {
    "num_layers": 14,
    "lr": 0.05,
    "batch_size": 32,
    "img_size": 64
  }
}