{
  "accuracy": 0.9296875,
  "precision": 0.9824561403508771,
  "recall": 0.875,
  "f1_score": 0.9256198347107438,
  "auc": 0.961181640625,
  "best_train_loss": 0.04735811857972294,
  "training_time_sec": 4448.431933641434,
  "epochs_completed": 10000,
  "config": {
    "num_layers": 12,
    "lr": 0.05,
    "batch_size": 32,
    "img_size": 32
  }
}