{
  "accuracy": 0.47368421052631576,
  "precision": 0.4782608695652174,
  "recall": 0.5789473684210527,
  "f1_score": 0.5238095238095238,
  "auc": 0.4709141274238227,
  "training_time_sec": 97.21113276481628,
  "epochs_completed": 51,
  "config": {
    "num_layers": 10,
    "lr": 0.001,
    "batch_size": 16,
    "opt_name": "adam",
    "img_size": 32
  },
  "lr_schedule": "cosine_decay"
}