epoch,loss
1,0.6931610595096241
2,0.693146288394928
3,0.6931199052117087
4,0.6930872147733514
5,0.6930711377750743
6,0.693039829080755
7,0.6930235678499396
8,0.6929960955273021
9,0.6929774609479037
10,0.6929605494845997
11,0.6929378563707526
12,0.6929207119074735
13,0.6929052472114563
14,0.6928823373534463
15,0.6928621097044512
16,0.6928407387299971
17,0.6928224671970714
18,0.6927951953627847
19,0.6927695057608865
20,0.6927448131821372
21,0.6927213181148876
22,0.6926882321184332
23,0.6926654197952964
24,0.6926221793348138
25,0.6925928917798129
26,0.6925706971775402
27,0.6925204016945579
28,0.6924898028373718
29,0.6924488219347867
30,0.6923963048241355
31,0.69237051226876
32,0.6923074397173795
33,0.6922569545832548
34,0.6922211050987244
35,0.6921625733375549
36,0.6921149925752119
37,0.692057880488309
38,0.6919968778436835
39,0.691958026452498
40,0.6918964819474653
41,0.6918439865112305
42,0.6917754790999673
43,0.6917255033146251
44,0.6916734196922996
45,0.6915823763067072
46,0.6915523355657404
47,0.6915023435245861
48,0.6914258382537148
49,0.6913580135865645
50,0.6913002729415894
51,0.6912260001355951
