{
  "accuracy": 0.47368421052631576,
  "precision": 0.4666666666666667,
  "recall": 0.3684210526315789,
  "f1_score": 0.4117647058823529,
  "auc": 0.5263157894736842,
  "training_time_sec": 502.34787464141846,
  "epochs_completed": 142,
  "config": {
    "num_layers": 30,
    "lr": 0.02,
    "batch_size": 16,
    "opt_name": "adam",
    "img_size": 16
  },
  "lr_schedule": "cosine_decay"
}