{
  "accuracy": 0.5,
  "precision": 0.5,
  "recall": 0.3684210526315789,
  "f1_score": 0.42424242424242425,
  "auc": 0.4570637119113573,
  "training_time_sec": 71.55326509475708,
  "epochs_completed": 53,
  "config": {
    "num_layers": 7,
    "lr": 0.01,
    "batch_size": 16,
    "opt_name": "adam",
    "img_size": 32
  },
  "lr_schedule": "cosine_decay"
}