{
  "accuracy": 0.5324675324675324,
  "precision": 0.5471698113207547,
  "recall": 0.37662337662337664,
  "f1_score": 0.4461538461538462,
  "auc": 0.5476471580367684,
  "training_time_sec": 249.1908462047577,
  "epochs_completed": 190,
  "config": {
    "num_layers": 5,
    "lr": 0.001,
    "batch_size": 8,
    "opt_name": "adam",
    "img_size": 64
  }
}