{
  "accuracy": 0.4935064935064935,
  "precision": 0.4935064935064935,
  "recall": 0.4935064935064935,
  "f1_score": 0.4935064935064935,
  "auc": 0.5083487940630798,
  "training_time_sec": 155.40129733085632,
  "epochs_completed": 206,
  "config": {
    "num_layers": 3,
    "lr": 0.05,
    "batch_size": 64,
    "opt_name": "adam",
    "img_size": 64
  }
}