{
  "accuracy": 0.4473684210526316,
  "precision": 0.4375,
  "recall": 0.3684210526315789,
  "f1_score": 0.4,
  "auc": 0.45706371191135736,
  "training_time_sec": 2562.8023076057434,
  "epochs_completed": 1256,
  "config": {
    "num_layers": 20,
    "lr": 0.05,
    "batch_size": 64,
    "opt_name": "sgd",
    "img_size": 16
  },
  "lr_schedule": "cosine_decay"
}