{
  "accuracy": 0.703125,
  "precision": 0.76,
  "recall": 0.59375,
  "f1_score": 0.6666666666666666,
  "auc": 0.69091796875,
  "best_train_loss": 0.5737722106277943,
  "training_time_sec": 28.686765432357788,
  "epochs_completed": 1000,
  "config": {
    "num_layers": 3,
    "lr": 0.1,
    "batch_size": 64,
    "opt_name": "adam",
    "img_size": 4
  }
}