{
  "accuracy": 0.4921875,
  "precision": 0.49206349206349204,
  "recall": 0.484375,
  "f1_score": 0.4881889763779528,
  "auc": 0.512939453125,
  "best_train_loss": 0.6720340922474861,
  "training_time_sec": 1071.0897028446198,
  "epochs_completed": 1000,
  "config": {
    "num_layers": 15,
    "lr": 0.01,
    "batch_size": 64,
    "opt_name": "adam",
    "img_size": 128
  }
}