{
  "accuracy": 0.5,
  "precision": 0.5,
  "recall": 0.5263157894736842,
  "f1_score": 0.5128205128205128,
  "auc": 0.40997229916897504,
  "training_time_sec": 349.9414005279541,
  "epochs_completed": 256,
  "config": {
    "num_layers": 7,
    "lr": 0.02,
    "batch_size": 64,
    "opt_name": "adam",
    "img_size": 64
  },
  "lr_schedule": "cosine_decay"
}