{
  "accuracy": 0.5454545454545454,
  "precision": 0.5492957746478874,
  "recall": 0.5064935064935064,
  "f1_score": 0.527027027027027,
  "auc": 0.5975712599089222,
  "training_time_sec": 469.87785935401917,
  "epochs_completed": 135,
  "config": {
    "num_layers": 15,
    "lr": 0.02,
    "batch_size": 32,
    "opt_name": "adam",
    "img_size": 64
  }
}