{
  "accuracy": 0.859375,
  "precision": 0.96,
  "recall": 0.75,
  "f1_score": 0.8421052631578947,
  "auc": 0.9091796875,
  "best_train_loss": 0.02337330102454871,
  "training_time_sec": 3281.8994619846344,
  "epochs_completed": 10000,
  "config": {
    "num_layers": 16,
    "lr": 0.05,
    "batch_size": 32,
    "img_size": 32
  }
}