{
  "accuracy": 0.631578947368421,
  "precision": 0.6923076923076923,
  "recall": 0.47368421052631576,
  "f1_score": 0.5625,
  "auc": 0.6759002770083102,
  "training_time_sec": 10251.623252868652,
  "epochs_completed": 9918,
  "config": {
    "num_layers": 20,
    "lr": 0.001,
    "batch_size": 16,
    "opt_name": "sgd",
    "img_size": 4
  }
}