{
  "accuracy": 0.9140625,
  "precision": 0.9818181818181818,
  "recall": 0.84375,
  "f1_score": 0.907563025210084,
  "auc": 0.938232421875,
  "best_train_loss": 0.04815203626640141,
  "training_time_sec": 3330.235071182251,
  "epochs_completed": 10000,
  "config": {
    "num_layers": 6,
    "lr": 0.05,
    "batch_size": 32,
    "img_size": 16
  }
}