{
  "accuracy": 0.4765625,
  "precision": 0.47368421052631576,
  "recall": 0.421875,
  "f1_score": 0.4462809917355372,
  "auc": 0.488037109375,
  "best_train_loss": 0.5681591965258121,
  "training_time_sec": 1535.891283273697,
  "epochs_completed": 5000,
  "config": {
    "num_layers": 6,
    "lr": 0.05,
    "batch_size": 32,
    "opt_name": "adam",
    "img_size": 64
  }
}