{
  "accuracy": 0.46875,
  "precision": 0.47058823529411764,
  "recall": 0.5,
  "f1_score": 0.48484848484848486,
  "auc": 0.504150390625,
  "best_train_loss": 0.675799572840333,
  "training_time_sec": 310.31934237480164,
  "epochs_completed": 1000,
  "config": {
    "num_layers": 3,
    "lr": 0.01,
    "batch_size": 16,
    "opt_name": "adam",
    "img_size": 128
  }
}