{
  "accuracy": 0.47368421052631576,
  "precision": 0.47368421052631576,
  "recall": 0.47368421052631576,
  "f1_score": 0.47368421052631576,
  "auc": 0.40997229916897504,
  "training_time_sec": 156.09104299545288,
  "epochs_completed": 51,
  "config": {
    "num_layers": 12,
    "lr": 0.05,
    "batch_size": 8,
    "opt_name": "sgd",
    "img_size": 64
  }
}