{
  "accuracy": 0.5526315789473685,
  "precision": 0.5384615384615384,
  "recall": 0.7368421052631579,
  "f1_score": 0.6222222222222222,
  "auc": 0.4930747922437673,
  "training_time_sec": 179.09428811073303,
  "memory_usage_kb": 1652456,
  "data_loading_time_sec": 183.73538279533386,
  "num_qubits": 13,
  "num_samples_test": 38,
  "num_layers": 7
}