{
  "accuracy": 0.5234375,
  "precision": 0.5211267605633803,
  "recall": 0.578125,
  "f1_score": 0.5481481481481482,
  "auc": 0.531982421875,
  "best_train_loss": 0.6674798429012299,
  "training_time_sec": 112.25726747512817,
  "epochs_completed": 5000,
  "config": {
    "num_layers": 2,
    "lr": 0.05,
    "batch_size": 32,
    "opt_name": "adam",
    "img_size": 4
  }
}