{
  "accuracy": 0.921875,
  "precision": 0.9655172413793104,
  "recall": 0.875,
  "f1_score": 0.9180327868852459,
  "auc": 0.96630859375,
  "best_train_loss": 0.03393615689128637,
  "training_time_sec": 2761.7491381168365,
  "epochs_completed": 10000,
  "config": {
    "num_layers": 11,
    "lr": 0.05,
    "batch_size": 32,
    "img_size": 16
  }
}