{
  "accuracy": 0.5194805194805194,
  "precision": 0.5283018867924528,
  "recall": 0.36363636363636365,
  "f1_score": 0.4307692307692308,
  "auc": 0.5328048574801821,
  "training_time_sec": 207.29993796348572,
  "epochs_completed": 152,
  "config": {
    "num_layers": 5,
    "lr": 0.05,
    "batch_size": 64,
    "opt_name": "adam",
    "img_size": 64
  }
}