{
  "accuracy": 0.5703125,
  "precision": 0.56,
  "recall": 0.65625,
  "f1_score": 0.60431654676259,
  "auc": 0.637451171875,
  "best_train_loss": 0.5938394442200661,
  "training_time_sec": 51.43546676635742,
  "epochs_completed": 1000,
  "config": {
    "num_layers": 3,
    "lr": 0.05,
    "batch_size": 64,
    "opt_name": "adam",
    "img_size": 32
  }
}