{
  "accuracy": 0.7368421052631579,
  "precision": 0.8,
  "recall": 0.631578947368421,
  "f1_score": 0.7058823529411765,
  "auc": 0.6980609418282548,
  "training_time_sec": 206.32869410514832,
  "epochs_completed": 310,
  "config": {
    "num_layers": 12,
    "lr": 0.05,
    "batch_size": 64,
    "opt_name": "adam",
    "img_size": 4
  }
}