{
  "accuracy": 0.5263157894736842,
  "precision": 0.5294117647058824,
  "recall": 0.47368421052631576,
  "f1_score": 0.5,
  "auc": 0.5180055401662049,
  "training_time_sec": 230.63736295700073,
  "memory_usage_kb": 1830576,
  "data_loading_time_sec": 234.39809727668762,
  "num_qubits": 11,
  "num_samples_test": 38,
  "num_layers": 15
}