{
  "accuracy": 0.9296875,
  "precision": 0.9824561403508771,
  "recall": 0.875,
  "f1_score": 0.9256198347107438,
  "auc": 0.987060546875,
  "best_train_loss": 0.09868861618451774,
  "training_time_sec": 2833.4251821041107,
  "epochs_completed": 5000,
  "config": {
    "num_layers": 16,
    "lr": 0.05,
    "batch_size": 32,
    "img_size": 64
  }
}