{
  "accuracy": 0.5526315789473685,
  "precision": 0.5416666666666666,
  "recall": 0.6842105263157895,
  "f1_score": 0.6046511627906976,
  "auc": 0.6509695290858727,
  "training_time_sec": 591.3138751983643,
  "epochs_completed": 198,
  "config": {
    "num_layers": 20,
    "lr": 0.01,
    "batch_size": 8,
    "opt_name": "adam",
    "img_size": 32
  },
  "lr_schedule": "cosine_decay"
}