{
  "accuracy": 0.8157894736842105,
  "precision": 0.875,
  "recall": 0.7368421052631579,
  "f1_score": 0.8,
  "auc": 0.89196675900277,
  "training_time_sec": 2602.6366469860077,
  "epochs_completed": 1709,
  "config": {
    "num_layers": 30,
    "lr": 0.05,
    "batch_size": 32,
    "opt_name": "sgd",
    "img_size": 4
  }
}