{
  "accuracy": 0.4935064935064935,
  "precision": 0.4931506849315068,
  "recall": 0.4675324675324675,
  "f1_score": 0.48,
  "auc": 0.5397200202395008,
  "training_time_sec": 152.0952296257019,
  "epochs_completed": 51,
  "config": {
    "num_layers": 10,
    "lr": 0.05,
    "batch_size": 8,
    "opt_name": "sgd",
    "img_size": 64
  }
}