{
  "accuracy": 0.538961038961039,
  "precision": 0.5614035087719298,
  "recall": 0.4155844155844156,
  "f1_score": 0.47761194029850745,
  "auc": 0.536178107606679,
  "training_time_sec": 246.16996383666992,
  "epochs_completed": 172,
  "config": {
    "num_layers": 5,
    "lr": 0.02,
    "batch_size": 16,
    "opt_name": "adam",
    "img_size": 64
  }
}