epoch,loss
1,0.6931473016738892
2,0.6931449969609579
3,0.6931442618370056
4,0.6931475599606832
5,0.6931383808453878
6,0.6931381225585938
7,0.6931319236755371
8,0.6931196451187134
9,0.6931177775065104
10,0.6930953065554301
11,0.6930871407190958
12,0.6930706898371378
13,0.6930592060089111
14,0.693054179350535
15,0.6930248339970907
16,0.6930283109347025
17,0.693000316619873
18,0.6930152972539266
19,0.6930122772852579
20,0.6929788390795389
21,0.6929680307706197
22,0.6929673353830973
23,0.6929720242818197
24,0.692940334479014
25,0.6929686665534973
26,0.6929628451665243
27,0.6929462353388468
28,0.6929536859194437
29,0.6929487586021423
30,0.6929095188776652
31,0.6929335594177246
32,0.6929342349370321
33,0.6929239829381307
34,0.6929049491882324
35,0.6928718288739523
36,0.6929040749867758
37,0.69291885693868
38,0.6929120421409607
39,0.6928732395172119
40,0.6928766171137491
41,0.6928883790969849
42,0.6928582787513733
43,0.6928739547729492
44,0.6928697228431702
45,0.692844013373057
46,0.6928725838661194
47,0.692878266175588
48,0.6928744912147522
49,0.6928626696268717
50,0.6928407152493795
51,0.6928417682647705
