{
  "accuracy": 0.953125,
  "precision": 0.9833333333333333,
  "recall": 0.921875,
  "f1_score": 0.9516129032258065,
  "auc": 0.98974609375,
  "best_train_loss": 0.04266348562669009,
  "training_time_sec": 19411.155371189117,
  "epochs_completed": 10000,
  "config": {
    "num_layers": 20,
    "lr": 0.05,
    "batch_size": 32,
    "img_size": 128
  }
}