{
  "accuracy": 0.6818181818181818,
  "precision": 0.7058823529411765,
  "recall": 0.6233766233766234,
  "f1_score": 0.6620689655172414,
  "auc": 0.7277787147917018,
  "training_time_sec": 321.39506816864014,
  "epochs_completed": 124,
  "config": {
    "num_layers": 10,
    "lr": 0.05,
    "batch_size": 8,
    "opt_name": "adam",
    "img_size": 64
  }
}