{
  "accuracy": 0.6052631578947368,
  "precision": 0.625,
  "recall": 0.5263157894736842,
  "f1_score": 0.5714285714285714,
  "auc": 0.6038781163434903,
  "training_time_sec": 217.73089623451233,
  "epochs_completed": 211,
  "config": {
    "num_layers": 5,
    "lr": 0.01,
    "batch_size": 16,
    "opt_name": "adam",
    "img_size": 64
  },
  "lr_schedule": "cosine_decay"
}