{
  "accuracy": 0.5194805194805194,
  "precision": 0.5176470588235295,
  "recall": 0.5714285714285714,
  "f1_score": 0.5432098765432098,
  "auc": 0.5226851071006915,
  "training_time_sec": 535.9064798355103,
  "epochs_completed": 109,
  "config": {
    "num_layers": 20,
    "lr": 0.05,
    "batch_size": 16,
    "opt_name": "adam",
    "img_size": 64
  }
}