{
  "accuracy": 0.5526315789473685,
  "precision": 0.55,
  "recall": 0.5789473684210527,
  "f1_score": 0.5641025641025641,
  "auc": 0.5373961218836565,
  "training_time_sec": 121.6711630821228,
  "epochs_completed": 63,
  "config": {
    "num_layers": 10,
    "lr": 0.02,
    "batch_size": 16,
    "opt_name": "adam",
    "img_size": 32
  }
}