{
  "accuracy": 0.5263157894736842,
  "precision": 0.5263157894736842,
  "recall": 0.5263157894736842,
  "f1_score": 0.5263157894736842,
  "auc": 0.518005540166205,
  "training_time_sec": 586.8491969108582,
  "epochs_completed": 91,
  "config": {
    "num_layers": 30,
    "lr": 0.02,
    "batch_size": 64,
    "opt_name": "adam",
    "img_size": 64
  },
  "lr_schedule": "cosine_decay"
}