{
  "accuracy": 0.39473684210526316,
  "precision": 0.375,
  "recall": 0.3157894736842105,
  "f1_score": 0.34285714285714286,
  "auc": 0.4182825484764543,
  "training_time_sec": 497.9008615016937,
  "epochs_completed": 374,
  "config": {
    "num_layers": 7,
    "lr": 0.01,
    "batch_size": 64,
    "opt_name": "adam",
    "img_size": 64
  },
  "lr_schedule": "cosine_decay"
}