{
  "accuracy": 0.5263157894736842,
  "precision": 0.5454545454545454,
  "recall": 0.3157894736842105,
  "f1_score": 0.4,
  "auc": 0.6094182825484765,
  "training_time_sec": 19.908504247665405,
  "epochs_completed": 51,
  "config": {
    "num_layers": 2,
    "lr": 0.05,
    "batch_size": 8,
    "opt_name": "sgd",
    "img_size": 16
  },
  "lr_schedule": "cosine_decay"
}