{
  "accuracy": 0.5584415584415584,
  "precision": 0.5529411764705883,
  "recall": 0.6103896103896104,
  "f1_score": 0.5802469135802469,
  "auc": 0.5358407825940293,
  "training_time_sec": 322.02842259407043,
  "epochs_completed": 172,
  "config": {
    "num_layers": 7,
    "lr": 0.05,
    "batch_size": 32,
    "opt_name": "adam",
    "img_size": 64
  }
}