epoch,loss
1,0.6931530435880026
2,0.6931419571240743
3,0.6931394338607788
4,0.6931362350781759
5,0.6931413809458414
6,0.6931405464808146
7,0.6931396325429281
8,0.6931390364964803
9,0.6931434472401937
10,0.6931446393330892
11,0.6931399504343668
12,0.6931374271710714
13,0.6931355992952982
14,0.6931371887524923
15,0.6931301156679789
16,0.6931297779083252
17,0.6931346853574117
18,0.693133016427358
19,0.6931286851565043
20,0.6931235591570536
21,0.6931285858154297
22,0.693123996257782
23,0.6931164264678955
24,0.6931199034055074
25,0.6931227842966715
26,0.6931134064992269
27,0.6931131283442179
28,0.6931067705154419
29,0.6931121746699015
30,0.6931050221125284
31,0.693098266919454
32,0.6930892864863077
33,0.6930805444717407
34,0.6930935780207316
35,0.6930743058522543
36,0.6930805444717407
37,0.693066398302714
38,0.6930695176124573
39,0.693049967288971
40,0.6930433114369711
41,0.6930438081423441
42,0.6930398543675741
43,0.693046768506368
44,0.6930302182833353
45,0.6930206815401713
46,0.6930123766263326
47,0.6930149594942728
48,0.6930116216341654
49,0.6929791371027628
50,0.6929879784584045
51,0.6929885546366373
