{
  "accuracy": 0.5,
  "precision": 0.5,
  "recall": 0.515625,
  "f1_score": 0.5076923076923077,
  "auc": 0.5205078125,
  "best_train_loss": 0.5938241817057133,
  "training_time_sec": 536.5349357128143,
  "epochs_completed": 1000,
  "config": {
    "num_layers": 20,
    "lr": 0.05,
    "batch_size": 32,
    "opt_name": "adam",
    "img_size": 64
  }
}