{
  "accuracy": 0.5,
  "precision": 0.5,
  "recall": 0.4375,
  "f1_score": 0.4666666666666667,
  "auc": 0.472900390625,
  "best_train_loss": 0.5946150254458189,
  "training_time_sec": 216.00788378715515,
  "epochs_completed": 5000,
  "config": {
    "num_layers": 3,
    "lr": 0.05,
    "batch_size": 32,
    "opt_name": "adam",
    "img_size": 8
  }
}