{
  "accuracy": 0.6842105263157895,
  "precision": 0.7333333333333333,
  "recall": 0.5789473684210527,
  "f1_score": 0.6470588235294118,
  "auc": 0.7257617728531857,
  "training_time_sec": 272.6325614452362,
  "epochs_completed": 414,
  "config": {
    "num_layers": 12,
    "lr": 0.01,
    "batch_size": 32,
    "opt_name": "adam",
    "img_size": 4
  }
}