{
  "accuracy": 0.46875,
  "precision": 0.47297297297297297,
  "recall": 0.546875,
  "f1_score": 0.5072463768115942,
  "auc": 0.497802734375,
  "best_train_loss": 0.5509219840168953,
  "training_time_sec": 118.22046875953674,
  "epochs_completed": 1000,
  "config": {
    "num_layers": 20,
    "lr": 0.1,
    "batch_size": 64,
    "opt_name": "adam",
    "img_size": 8
  }
}