{
  "accuracy": 0.5526315789473685,
  "precision": 0.55,
  "recall": 0.5789473684210527,
  "f1_score": 0.5641025641025641,
  "auc": 0.46537396121883656,
  "training_time_sec": 156.7682888507843,
  "epochs_completed": 51,
  "config": {
    "num_layers": 12,
    "lr": 0.001,
    "batch_size": 8,
    "opt_name": "adam",
    "img_size": 64
  }
}