{
  "accuracy": 0.5078125,
  "precision": 0.5081967213114754,
  "recall": 0.484375,
  "f1_score": 0.496,
  "auc": 0.50634765625,
  "best_train_loss": 0.6522018518298864,
  "training_time_sec": 1339.5687890052795,
  "epochs_completed": 1000,
  "config": {
    "num_layers": 15,
    "lr": 0.01,
    "batch_size": 16,
    "opt_name": "adam",
    "img_size": 128
  }
}