{
  "accuracy": 0.5078125,
  "precision": 0.5072463768115942,
  "recall": 0.546875,
  "f1_score": 0.5263157894736842,
  "auc": 0.53759765625,
  "best_train_loss": 0.5886567421257496,
  "training_time_sec": 472.5631079673767,
  "epochs_completed": 1000,
  "config": {
    "num_layers": 20,
    "lr": 0.01,
    "batch_size": 16,
    "opt_name": "adam",
    "img_size": 64
  }
}