{
  "accuracy": 0.46875,
  "precision": 0.475,
  "recall": 0.59375,
  "f1_score": 0.5277777777777778,
  "auc": 0.51513671875,
  "best_train_loss": 0.5503387525677681,
  "training_time_sec": 1905.836613893509,
  "epochs_completed": 5000,
  "config": {
    "num_layers": 7,
    "lr": 0.05,
    "batch_size": 32,
    "opt_name": "adam",
    "img_size": 64
  }
}