{
  "accuracy": 0.546875,
  "precision": 0.5441176470588235,
  "recall": 0.578125,
  "f1_score": 0.5606060606060606,
  "auc": 0.609619140625,
  "best_train_loss": 0.6703374162316322,
  "training_time_sec": 1397.4243128299713,
  "epochs_completed": 1000,
  "config": {
    "num_layers": 20,
    "lr": 0.01,
    "batch_size": 64,
    "opt_name": "adam",
    "img_size": 128
  }
}