{
  "accuracy": 0.2734375,
  "precision": 1.0,
  "recall": 0.546875,
  "f1_score": 0.7070707070707071,
  "auc": 0.546875,
  "best_train_loss": 0.6581718474626541,
  "training_time_sec": 3407.575655937195,
  "epochs_completed": 3000,
  "config": {
    "num_layers": 16,
    "lr": 0.05,
    "batch_size": 32,
    "opt_name": "adam",
    "img_size": 128
  }
}