{
  "accuracy": 0.47368421052631576,
  "precision": 0.47619047619047616,
  "recall": 0.5263157894736842,
  "f1_score": 0.5,
  "auc": 0.5096952908587258,
  "training_time_sec": 29.4525363445282,
  "epochs_completed": 118,
  "config": {
    "num_layers": 1,
    "lr": 0.05,
    "batch_size": 8,
    "opt_name": "adam",
    "img_size": 32
  }
}