{
  "accuracy": 0.4765625,
  "precision": 0.47540983606557374,
  "recall": 0.453125,
  "f1_score": 0.464,
  "auc": 0.460205078125,
  "best_train_loss": 0.4960818011313677,
  "training_time_sec": 462.5409951210022,
  "epochs_completed": 5000,
  "config": {
    "num_layers": 13,
    "lr": 0.05,
    "batch_size": 32,
    "opt_name": "adam",
    "img_size": 32
  }
}