{
  "accuracy": 0.5,
  "precision": 0.5263157894736842,
  "recall": 0.5263157894736842,
  "f1_score": 0.5263157894736842,
  "auc": 0.44598337950138506,
  "training_time_sec": 11.958956241607666,
  "epochs_completed": 51,
  "config": {
    "num_layers": 1,
    "lr": 0.001,
    "batch_size": 32,
    "opt_name": "sgd",
    "img_size": 16
  },
  "lr_schedule": "cosine_decay"
}