{
  "accuracy": 0.328125,
  "precision": 1.0,
  "recall": 0.65625,
  "f1_score": 0.7924528301886793,
  "auc": 0.65625,
  "best_train_loss": 0.5179780758917332,
  "training_time_sec": 819.8195559978485,
  "epochs_completed": 3000,
  "config": {
    "num_layers": 5,
    "lr": 0.05,
    "batch_size": 32,
    "opt_name": "adam",
    "img_size": 32
  }
}