{
  "accuracy": 0.631578947368421,
  "precision": 0.6666666666666666,
  "recall": 0.5263157894736842,
  "f1_score": 0.5882352941176471,
  "auc": 0.6980609418282548,
  "training_time_sec": 7832.675635576248,
  "epochs_completed": 10000,
  "config": {
    "num_layers": 15,
    "lr": 0.001,
    "batch_size": 64,
    "opt_name": "sgd",
    "img_size": 4
  }
}