{
  "accuracy": 0.5,
  "precision": 0.5,
  "recall": 0.631578947368421,
  "f1_score": 0.5581395348837209,
  "auc": 0.5069252077562326,
  "training_time_sec": 33.66496801376343,
  "epochs_completed": 51,
  "config": {
    "num_layers": 3,
    "lr": 0.1,
    "batch_size": 8,
    "opt_name": "sgd",
    "img_size": 32
  },
  "lr_schedule": "cosine_decay"
}