{
  "accuracy": 0.578125,
  "precision": 0.5714285714285714,
  "recall": 0.625,
  "f1_score": 0.5970149253731343,
  "auc": 0.624267578125,
  "best_train_loss": 0.6686506755650043,
  "training_time_sec": 1456.3105399608612,
  "epochs_completed": 1000,
  "config": {
    "num_layers": 20,
    "lr": 0.05,
    "batch_size": 32,
    "opt_name": "adam",
    "img_size": 128
  }
}