{
  "accuracy": 0.21875,
  "precision": 1.0,
  "recall": 0.4375,
  "f1_score": 0.6086956521739131,
  "auc": 0.4375,
  "best_train_loss": 0.6498763561248779,
  "training_time_sec": 4307.265455961227,
  "epochs_completed": 3000,
  "config": {
    "num_layers": 7,
    "lr": 0.05,
    "batch_size": 32,
    "opt_name": "adam",
    "img_size": 128
  }
}