{
  "accuracy": 0.4765625,
  "precision": 0.46938775510204084,
  "recall": 0.359375,
  "f1_score": 0.40707964601769914,
  "auc": 0.419921875,
  "best_train_loss": 0.6350044570863247,
  "training_time_sec": 602.2813894748688,
  "epochs_completed": 5000,
  "config": {
    "num_layers": 2,
    "lr": 0.05,
    "batch_size": 32,
    "opt_name": "adam",
    "img_size": 32
  }
}