{
  "accuracy": 0.46875,
  "precision": 0.4666666666666667,
  "recall": 0.4375,
  "f1_score": 0.45161290322580644,
  "auc": 0.507568359375,
  "best_train_loss": 0.5809117071330547,
  "training_time_sec": 8078.76562833786,
  "epochs_completed": 5000,
  "config": {
    "num_layers": 16,
    "lr": 0.05,
    "batch_size": 32,
    "opt_name": "adam",
    "img_size": 128
  }
}