{
  "accuracy": 0.7105263157894737,
  "precision": 0.7222222222222222,
  "recall": 0.6842105263157895,
  "f1_score": 0.7027027027027027,
  "auc": 0.6952908587257617,
  "training_time_sec": 6356.183682441711,
  "epochs_completed": 8007,
  "config": {
    "num_layers": 15,
    "lr": 0.001,
    "batch_size": 16,
    "opt_name": "sgd",
    "img_size": 4
  }
}