{
  "accuracy": 0.5526315789473685,
  "precision": 0.5714285714285714,
  "recall": 0.42105263157894735,
  "f1_score": 0.48484848484848486,
  "auc": 0.5761772853185596,
  "training_time_sec": 283.6918008327484,
  "epochs_completed": 112,
  "config": {
    "num_layers": 12,
    "lr": 0.01,
    "batch_size": 16,
    "opt_name": "adam",
    "img_size": 64
  },
  "lr_schedule": "cosine_decay"
}