{
  "accuracy": 0.234375,
  "precision": 1.0,
  "recall": 0.46875,
  "f1_score": 0.6382978723404256,
  "auc": 0.46875,
  "best_train_loss": 0.5815766528248787,
  "training_time_sec": 1086.3553702831268,
  "epochs_completed": 3000,
  "config": {
    "num_layers": 9,
    "lr": 0.05,
    "batch_size": 32,
    "opt_name": "adam",
    "img_size": 32
  }
}