{
  "accuracy": 0.4921875,
  "precision": 0.4897959183673469,
  "recall": 0.375,
  "f1_score": 0.4247787610619469,
  "auc": 0.460693359375,
  "best_train_loss": 0.6693429388105869,
  "training_time_sec": 566.4567844867706,
  "epochs_completed": 1000,
  "config": {
    "num_layers": 7,
    "lr": 0.1,
    "batch_size": 32,
    "opt_name": "adam",
    "img_size": 128
  }
}