{
  "accuracy": 0.4805194805194805,
  "precision": 0.4864864864864865,
  "recall": 0.4675324675324675,
  "f1_score": 0.4768211920529801,
  "auc": 0.48912126834204755,
  "training_time_sec": 436.89596724510193,
  "epochs_completed": 51,
  "config": {
    "num_layers": 30,
    "lr": 0.05,
    "batch_size": 16,
    "opt_name": "sgd",
    "img_size": 64
  }
}