{
  "accuracy": 0.8671875,
  "precision": 0.9272727272727272,
  "recall": 0.796875,
  "f1_score": 0.8571428571428571,
  "auc": 0.9228515625,
  "best_train_loss": 0.0052610105340136215,
  "training_time_sec": 2173.740485429764,
  "epochs_completed": 5000,
  "config": {
    "num_layers": 18,
    "lr": 0.05,
    "batch_size": 32,
    "img_size": 16
  }
}