{
  "accuracy": 0.5078125,
  "precision": 0.5074626865671642,
  "recall": 0.53125,
  "f1_score": 0.5190839694656488,
  "auc": 0.499267578125,
  "best_train_loss": 0.5790041983127594,
  "training_time_sec": 72.77249646186829,
  "epochs_completed": 1000,
  "config": {
    "num_layers": 5,
    "lr": 0.1,
    "batch_size": 64,
    "opt_name": "adam",
    "img_size": 32
  }
}