{
  "accuracy": 0.96875,
  "precision": 1.0,
  "recall": 0.9375,
  "f1_score": 0.967741935483871,
  "auc": 0.9951171875,
  "best_train_loss": 0.10770796006545424,
  "training_time_sec": 11811.18192076683,
  "epochs_completed": 10000,
  "config": {
    "num_layers": 6,
    "lr": 0.05,
    "batch_size": 32,
    "img_size": 128
  }
}