{
  "accuracy": 0.7368421052631579,
  "precision": 0.8,
  "recall": 0.631578947368421,
  "f1_score": 0.7058823529411765,
  "auc": 0.8975069252077563,
  "training_time_sec": 2528.651770591736,
  "epochs_completed": 1513,
  "config": {
    "num_layers": 15,
    "lr": 0.001,
    "batch_size": 8,
    "opt_name": "adam",
    "img_size": 16
  },
  "lr_schedule": "cosine_decay"
}