{
  "accuracy": 0.5263157894736842,
  "precision": 0.5263157894736842,
  "recall": 0.5263157894736842,
  "f1_score": 0.5263157894736842,
  "auc": 0.6094182825484765,
  "training_time_sec": 501.87197279930115,
  "epochs_completed": 125,
  "config": {
    "num_layers": 20,
    "lr": 0.05,
    "batch_size": 32,
    "opt_name": "adam",
    "img_size": 64
  }
}