{
  "accuracy": 0.4921875,
  "precision": 0.4918032786885246,
  "recall": 0.46875,
  "f1_score": 0.48,
  "auc": 0.476318359375,
  "best_train_loss": 0.5301814749836922,
  "training_time_sec": 44.86241173744202,
  "epochs_completed": 1000,
  "config": {
    "num_layers": 7,
    "lr": 0.1,
    "batch_size": 64,
    "opt_name": "adam",
    "img_size": 8
  }
}