{
  "accuracy": 0.631578947368421,
  "precision": 0.6086956521739131,
  "recall": 0.7368421052631579,
  "f1_score": 0.6666666666666666,
  "auc": 0.7534626038781164,
  "training_time_sec": 108.98222637176514,
  "epochs_completed": 187,
  "config": {
    "num_layers": 10,
    "lr": 0.05,
    "batch_size": 32,
    "opt_name": "adam",
    "img_size": 4
  }
}