{
  "accuracy": 0.4140625,
  "precision": 0.4153846153846154,
  "recall": 0.421875,
  "f1_score": 0.4186046511627907,
  "auc": 0.43212890625,
  "best_train_loss": 0.612127335742116,
  "training_time_sec": 229.6020085811615,
  "epochs_completed": 1000,
  "config": {
    "num_layers": 5,
    "lr": 0.01,
    "batch_size": 16,
    "opt_name": "adam",
    "img_size": 32
  }
}