{
  "accuracy": 0.875,
  "precision": 0.9615384615384616,
  "recall": 0.78125,
  "f1_score": 0.8620689655172413,
  "auc": 0.90283203125,
  "best_train_loss": 0.011004926316672936,
  "training_time_sec": 6157.534088134766,
  "epochs_completed": 10000,
  "config": {
    "num_layers": 19,
    "lr": 0.05,
    "batch_size": 32,
    "img_size": 32
  }
}