{
  "accuracy": 0.8828125,
  "precision": 0.9298245614035088,
  "recall": 0.828125,
  "f1_score": 0.8760330578512396,
  "auc": 0.902099609375,
  "best_train_loss": 0.0059433302958495915,
  "training_time_sec": 778.8120255470276,
  "epochs_completed": 5000,
  "config": {
    "num_layers": 17,
    "lr": 0.05,
    "batch_size": 32,
    "img_size": 16
  }
}