{
  "accuracy": 0.631578947368421,
  "precision": 0.7272727272727273,
  "recall": 0.42105263157894735,
  "f1_score": 0.5333333333333333,
  "auc": 0.6814404432132963,
  "training_time_sec": 116.5389015674591,
  "epochs_completed": 51,
  "config": {
    "num_layers": 12,
    "lr": 0.01,
    "batch_size": 64,
    "opt_name": "adam",
    "img_size": 32
  },
  "lr_schedule": "cosine_decay"
}