{
  "accuracy": 0.538961038961039,
  "precision": 0.5507246376811594,
  "recall": 0.4935064935064935,
  "f1_score": 0.5205479452054794,
  "auc": 0.5732838589981447,
  "training_time_sec": 1518.5477149486542,
  "epochs_completed": 434,
  "config": {
    "num_layers": 15,
    "lr": 0.001,
    "batch_size": 8,
    "opt_name": "adam",
    "img_size": 64
  }
}