{
  "accuracy": 0.609375,
  "precision": 0.6166666666666667,
  "recall": 0.578125,
  "f1_score": 0.5967741935483871,
  "auc": 0.6357421875,
  "best_train_loss": 0.5117589142173529,
  "training_time_sec": 98.51324248313904,
  "epochs_completed": 1000,
  "config": {
    "num_layers": 5,
    "lr": 0.1,
    "batch_size": 16,
    "opt_name": "adam",
    "img_size": 16
  }
}