{
  "accuracy": 0.453125,
  "precision": 0.4423076923076923,
  "recall": 0.359375,
  "f1_score": 0.39655172413793105,
  "auc": 0.38623046875,
  "best_train_loss": 0.6245557516813278,
  "training_time_sec": 38.76630926132202,
  "epochs_completed": 1000,
  "config": {
    "num_layers": 5,
    "lr": 0.01,
    "batch_size": 64,
    "opt_name": "adam",
    "img_size": 8
  }
}