{
  "accuracy": 0.6052631578947368,
  "precision": 0.6428571428571429,
  "recall": 0.47368421052631576,
  "f1_score": 0.5454545454545454,
  "auc": 0.628808864265928,
  "training_time_sec": 208.87185072898865,
  "epochs_completed": 202,
  "config": {
    "num_layers": 5,
    "lr": 0.02,
    "batch_size": 16,
    "opt_name": "adam",
    "img_size": 64
  },
  "lr_schedule": "cosine_decay"
}