{
  "accuracy": 0.5064935064935064,
  "precision": 0.5053763440860215,
  "recall": 0.6103896103896104,
  "f1_score": 0.5529411764705883,
  "auc": 0.543767920391297,
  "training_time_sec": 65.9984016418457,
  "epochs_completed": 186,
  "config": {
    "num_layers": 1,
    "lr": 0.05,
    "batch_size": 16,
    "opt_name": "adam",
    "img_size": 64
  }
}