{
  "accuracy": 0.5078125,
  "precision": 0.5076923076923077,
  "recall": 0.515625,
  "f1_score": 0.5116279069767442,
  "auc": 0.52685546875,
  "best_train_loss": 0.49611079692840576,
  "training_time_sec": 5107.514421224594,
  "epochs_completed": 5000,
  "config": {
    "num_layers": 20,
    "lr": 0.05,
    "batch_size": 32,
    "opt_name": "adam",
    "img_size": 64
  }
}