{
  "accuracy": 0.9140625,
  "precision": 1.0,
  "recall": 0.828125,
  "f1_score": 0.905982905982906,
  "auc": 0.954345703125,
  "best_train_loss": 0.1628289413638413,
  "training_time_sec": 1838.3801481723785,
  "epochs_completed": 10000,
  "config": {
    "num_layers": 1,
    "lr": 0.05,
    "batch_size": 32,
    "img_size": 32
  }
}