{
  "accuracy": 0.5078125,
  "precision": 0.5081967213114754,
  "recall": 0.484375,
  "f1_score": 0.496,
  "auc": 0.542236328125,
  "best_train_loss": 0.5249026156961918,
  "training_time_sec": 1001.8206448554993,
  "epochs_completed": 5000,
  "config": {
    "num_layers": 8,
    "lr": 0.05,
    "batch_size": 32,
    "opt_name": "adam",
    "img_size": 32
  }
}