{
  "accuracy": 0.8421052631578947,
  "precision": 0.9333333333333333,
  "recall": 0.7368421052631579,
  "f1_score": 0.8235294117647058,
  "auc": 0.8310249307479225,
  "training_time_sec": 544.6942572593689,
  "epochs_completed": 5812,
  "config": {
    "num_layers": 1,
    "lr": 0.02,
    "batch_size": 16,
    "opt_name": "sgd",
    "img_size": 4
  }
}