{
  "accuracy": 0.9296875,
  "precision": 1.0,
  "recall": 0.859375,
  "f1_score": 0.9243697478991597,
  "auc": 0.981689453125,
  "best_train_loss": 0.04499384621158242,
  "training_time_sec": 6612.016618967056,
  "epochs_completed": 10000,
  "config": {
    "num_layers": 17,
    "lr": 0.05,
    "batch_size": 32,
    "img_size": 64
  }
}