{
  "accuracy": 0.5390625,
  "precision": 0.5352112676056338,
  "recall": 0.59375,
  "f1_score": 0.562962962962963,
  "auc": 0.562744140625,
  "best_train_loss": 0.6746121495962143,
  "training_time_sec": 724.3361639976501,
  "epochs_completed": 1000,
  "config": {
    "num_layers": 10,
    "lr": 0.01,
    "batch_size": 64,
    "opt_name": "adam",
    "img_size": 128
  }
}