{
  "accuracy": 0.953125,
  "precision": 1.0,
  "recall": 0.90625,
  "f1_score": 0.9508196721311475,
  "auc": 0.989990234375,
  "best_train_loss": 0.0918509871698916,
  "training_time_sec": 11140.249325990677,
  "epochs_completed": 10000,
  "config": {
    "num_layers": 11,
    "lr": 0.05,
    "batch_size": 32,
    "img_size": 128
  }
}