{
  "accuracy": 0.6298701298701299,
  "precision": 0.6428571428571429,
  "recall": 0.5844155844155844,
  "f1_score": 0.6122448979591837,
  "auc": 0.6493506493506492,
  "training_time_sec": 732.048535823822,
  "epochs_completed": 200,
  "config": {
    "num_layers": 15,
    "lr": 0.02,
    "batch_size": 8,
    "opt_name": "adam",
    "img_size": 64
  }
}