{
  "accuracy": 0.3684210526315789,
  "precision": 0.2727272727272727,
  "recall": 0.15789473684210525,
  "f1_score": 0.2,
  "auc": 0.3656509695290858,
  "training_time_sec": 291.3592610359192,
  "epochs_completed": 772,
  "config": {
    "num_layers": 3,
    "lr": 0.1,
    "batch_size": 32,
    "opt_name": "sgd",
    "img_size": 16
  },
  "lr_schedule": "cosine_decay"
}