{
  "accuracy": 0.8157894736842105,
  "precision": 0.875,
  "recall": 0.7368421052631579,
  "f1_score": 0.8,
  "auc": 0.8642659279778394,
  "training_time_sec": 551.2189564704895,
  "epochs_completed": 692,
  "config": {
    "num_layers": 7,
    "lr": 0.01,
    "batch_size": 32,
    "opt_name": "adam",
    "img_size": 16
  },
  "lr_schedule": "cosine_decay"
}