{
  "accuracy": 0.6953125,
  "precision": 0.7192982456140351,
  "recall": 0.640625,
  "f1_score": 0.6776859504132231,
  "auc": 0.74462890625,
  "best_train_loss": 0.5564323756843805,
  "training_time_sec": 46.04345941543579,
  "epochs_completed": 1000,
  "config": {
    "num_layers": 7,
    "lr": 0.1,
    "batch_size": 32,
    "opt_name": "adam",
    "img_size": 4
  }
}