{
  "accuracy": 0.8984375,
  "precision": 0.9636363636363636,
  "recall": 0.828125,
  "f1_score": 0.8907563025210085,
  "auc": 0.907958984375,
  "best_train_loss": 0.014493495284114033,
  "training_time_sec": 5688.789147377014,
  "epochs_completed": 10000,
  "config": {
    "num_layers": 18,
    "lr": 0.05,
    "batch_size": 32,
    "img_size": 32
  }
}