{
  "accuracy": 0.42105263157894735,
  "precision": 0.4117647058823529,
  "recall": 0.3684210526315789,
  "f1_score": 0.3888888888888889,
  "auc": 0.3656509695290859,
  "training_time_sec": 53.982747316360474,
  "memory_usage_kb": 1528552,
  "data_loading_time_sec": 58.266258001327515,
  "num_qubits": 13,
  "num_samples_test": 38,
  "num_layers": 3
}