{
  "accuracy": 0.868421052631579,
  "precision": 0.9375,
  "recall": 0.7894736842105263,
  "f1_score": 0.8571428571428571,
  "auc": 0.85595567867036,
  "training_time_sec": 455.48293948173523,
  "epochs_completed": 1472,
  "config": {
    "num_layers": 5,
    "lr": 0.05,
    "batch_size": 8,
    "opt_name": "sgd",
    "img_size": 4
  }
}