epoch,loss
1,0.6931509213014082
2,0.6931097507476807
3,0.6930345107208599
4,0.6929900564930656
5,0.6929241527210582
6,0.692868481982838
7,0.6927547563206066
8,0.6926986981521953
9,0.6925238127058203
10,0.6923169602047313
11,0.6921218444000591
12,0.6919114318760958
13,0.6916786567731337
14,0.691480124538595
15,0.691276878118515
16,0.6909959234974601
17,0.690817429260774
18,0.6906673528931357
19,0.6905909343199297
20,0.6903027892112732
21,0.6900366192514246
22,0.6899538392370398
23,0.6898219829255884
24,0.689398464831439
25,0.6891831105405634
26,0.6891208345239813
27,0.6890499293804169
28,0.688735463402488
29,0.6884694532914595
30,0.6882059899243441
31,0.6880928521806543
32,0.6879717247052626
33,0.6877791475165974
34,0.687432584437457
35,0.6873124025084756
36,0.6872176311232827
37,0.6868949911811135
38,0.686910564249212
39,0.6865148652683605
40,0.6864731420170177
41,0.6858961527997797
42,0.6859612437811765
43,0.6857115274125879
44,0.6854581263932314
45,0.6854288686405529
46,0.6854734204032205
47,0.6850081438368018
48,0.6845491636883129
49,0.6844815259630029
50,0.6845099329948425
51,0.6839105866172097
