{
  "accuracy": 0.47368421052631576,
  "precision": 0.48,
  "recall": 0.631578947368421,
  "f1_score": 0.5454545454545454,
  "auc": 0.31024930747922436,
  "training_time_sec": 32.946818113327026,
  "epochs_completed": 51,
  "config": {
    "num_layers": 2,
    "lr": 0.01,
    "batch_size": 8,
    "opt_name": "adam",
    "img_size": 64
  }
}