{
  "accuracy": 0.631578947368421,
  "precision": 0.6470588235294118,
  "recall": 0.5789473684210527,
  "f1_score": 0.6111111111111112,
  "auc": 0.6481994459833794,
  "training_time_sec": 186.9417428970337,
  "epochs_completed": 120,
  "config": {
    "num_layers": 10,
    "lr": 0.05,
    "batch_size": 32,
    "opt_name": "adam",
    "img_size": 32
  },
  "lr_schedule": "cosine_decay"
}