{
  "accuracy": 0.47368421052631576,
  "precision": 0.47619047619047616,
  "recall": 0.5263157894736842,
  "f1_score": 0.5,
  "auc": 0.5318559556786704,
  "training_time_sec": 181.84421610832214,
  "epochs_completed": 122,
  "config": {
    "num_layers": 12,
    "lr": 0.1,
    "batch_size": 16,
    "opt_name": "adam",
    "img_size": 16
  },
  "lr_schedule": "cosine_decay"
}