{
  "accuracy": 0.6578947368421053,
  "precision": 0.7142857142857143,
  "recall": 0.5263157894736842,
  "f1_score": 0.6060606060606061,
  "auc": 0.6481994459833795,
  "training_time_sec": 216.76887106895447,
  "epochs_completed": 211,
  "config": {
    "num_layers": 5,
    "lr": 0.001,
    "batch_size": 64,
    "opt_name": "adam",
    "img_size": 64
  },
  "lr_schedule": "cosine_decay"
}