{
  "accuracy": 0.7894736842105263,
  "precision": 0.8666666666666667,
  "recall": 0.6842105263157895,
  "f1_score": 0.7647058823529411,
  "auc": 0.8836565096952909,
  "training_time_sec": 475.04000782966614,
  "epochs_completed": 264,
  "config": {
    "num_layers": 15,
    "lr": 0.01,
    "batch_size": 8,
    "opt_name": "adam",
    "img_size": 16
  },
  "lr_schedule": "cosine_decay"
}