{
  "accuracy": 0.39473684210526316,
  "precision": 0.4230769230769231,
  "recall": 0.5789473684210527,
  "f1_score": 0.4888888888888889,
  "auc": 0.43767313019390586,
  "training_time_sec": 44.63245177268982,
  "epochs_completed": 146,
  "config": {
    "num_layers": 2,
    "lr": 0.02,
    "batch_size": 32,
    "opt_name": "adam",
    "img_size": 16
  },
  "lr_schedule": "cosine_decay"
}