{
  "accuracy": 0.4473684210526316,
  "precision": 0.4375,
  "recall": 0.3684210526315789,
  "f1_score": 0.4,
  "auc": 0.4515235457063712,
  "training_time_sec": 84031.95204401016,
  "memory_usage_kb": 954908,
  "data_loading_time_sec": 84057.82389569283,
  "num_qubits": 11,
  "num_samples_test": 38,
  "num_layers": 3
}