{
  "accuracy": 0.47368421052631576,
  "precision": 0.47368421052631576,
  "recall": 0.47368421052631576,
  "f1_score": 0.47368421052631576,
  "auc": 0.4487534626038781,
  "training_time_sec": 85544.09946250916,
  "memory_usage_kb": 965144,
  "data_loading_time_sec": 85546.08440065384,
  "num_qubits": 11,
  "num_samples_test": 38,
  "num_layers": 7
}