{
  "accuracy": 0.47368421052631576,
  "precision": 0.47368421052631576,
  "recall": 0.47368421052631576,
  "f1_score": 0.47368421052631576,
  "auc": 0.46537396121883645,
  "training_time_sec": 971.2301836013794,
  "epochs_completed": 339,
  "config": {
    "num_layers": 20,
    "lr": 0.05,
    "batch_size": 8,
    "opt_name": "adam",
    "img_size": 32
  }
}