{
  "accuracy": 0.7265625,
  "precision": 0.7843137254901961,
  "recall": 0.625,
  "f1_score": 0.6956521739130435,
  "auc": 0.72607421875,
  "best_train_loss": 0.5727852359414101,
  "training_time_sec": 79.56164383888245,
  "epochs_completed": 1000,
  "config": {
    "num_layers": 20,
    "lr": 0.05,
    "batch_size": 64,
    "opt_name": "adam",
    "img_size": 4
  }
}