{
  "accuracy": 0.921875,
  "precision": 0.95,
  "recall": 0.890625,
  "f1_score": 0.9193548387096774,
  "auc": 0.962646484375,
  "best_train_loss": 0.02590676094405353,
  "training_time_sec": 2906.6867780685425,
  "epochs_completed": 10000,
  "config": {
    "num_layers": 12,
    "lr": 0.05,
    "batch_size": 32,
    "img_size": 16
  }
}