{
  "accuracy": 0.512987012987013,
  "precision": 0.5189873417721519,
  "recall": 0.5324675324675324,
  "f1_score": 0.5256410256410257,
  "auc": 0.4916512059369202,
  "training_time_sec": 267.8455240726471,
  "epochs_completed": 93,
  "config": {
    "num_layers": 12,
    "lr": 0.02,
    "batch_size": 64,
    "opt_name": "adam",
    "img_size": 64
  }
}