{
  "accuracy": 0.890625,
  "precision": 0.9629629629629629,
  "recall": 0.8125,
  "f1_score": 0.8813559322033898,
  "auc": 0.928466796875,
  "best_train_loss": 0.013600076534203254,
  "training_time_sec": 3364.4192526340485,
  "epochs_completed": 10000,
  "config": {
    "num_layers": 14,
    "lr": 0.05,
    "batch_size": 32,
    "img_size": 16
  }
}