{
  "accuracy": 0.5705128205128205,
  "precision": 0.7974683544303798,
  "recall": 0.5526315789473685,
  "f1_score": 0.6528497409326425,
  "auc": 0.6553884711779449,
  "best_train_loss": 0.586800197760264,
  "training_time_sec": 326.63617730140686,
  "epochs_completed": 1000,
  "config": {
    "num_layers": 10,
    "lr": 0.05,
    "batch_size": 32,
    "opt_name": "adam",
    "img_size": 64
  }
}