{
  "accuracy": 0.7105263157894737,
  "precision": 0.6666666666666666,
  "recall": 0.8421052631578947,
  "f1_score": 0.7441860465116279,
  "auc": 0.8282548476454293,
  "training_time_sec": 3788.4441392421722,
  "epochs_completed": 7147,
  "config": {
    "num_layers": 10,
    "lr": 0.001,
    "batch_size": 32,
    "opt_name": "sgd",
    "img_size": 4
  }
}