epoch,loss
1,0.6931570370992025
2,0.693135658899943
3,0.693128228187561
4,0.6931145985921224
5,0.693098763624827
6,0.6930762132008871
7,0.6930259068806967
8,0.6929764548937479
9,0.6929621895154318
10,0.6929110884666443
11,0.6928791801134745
12,0.6928290923436483
13,0.6927774945894877
14,0.6927096446355184
15,0.6926630735397339
16,0.692600945631663
17,0.6924988031387329
18,0.6924768884976705
19,0.6923881769180298
20,0.6923839052518209
21,0.6923033396402994
22,0.6922026673952738
23,0.6921406586964926
24,0.6920723915100098
25,0.6920318404833475
26,0.6920120318730673
27,0.691969633102417
28,0.691880484422048
29,0.6918591658274332
30,0.6918305357297262
31,0.6917872826258341
32,0.6916082501411438
33,0.6914462844530741
34,0.6915786663691202
35,0.6913836002349854
36,0.6914596756299337
37,0.6913327773412069
38,0.6912894248962402
39,0.6911673545837402
40,0.6910218397776285
41,0.6910143891970316
42,0.6909212668736776
43,0.6909282008806864
44,0.6908701459566752
45,0.6906911333401998
46,0.690621038277944
47,0.6906302173932394
48,0.6905819376309713
49,0.6904298861821493
50,0.6904871265093485
51,0.6902860999107361
