{
  "accuracy": 0.4765625,
  "precision": 0.48,
  "recall": 0.5625,
  "f1_score": 0.5179856115107914,
  "auc": 0.52197265625,
  "best_train_loss": 0.4851948004215956,
  "training_time_sec": 987.3913507461548,
  "epochs_completed": 5000,
  "config": {
    "num_layers": 20,
    "lr": 0.05,
    "batch_size": 32,
    "opt_name": "adam",
    "img_size": 8
  }
}