{
  "accuracy": 0.3684210526315789,
  "precision": 0.2727272727272727,
  "recall": 0.15789473684210525,
  "f1_score": 0.2,
  "auc": 0.3601108033240997,
  "training_time_sec": 263.45600175857544,
  "epochs_completed": 659,
  "config": {
    "num_layers": 3,
    "lr": 0.02,
    "batch_size": 8,
    "opt_name": "sgd",
    "img_size": 16
  },
  "lr_schedule": "cosine_decay"
}