{
  "accuracy": 0.5859375,
  "precision": 0.5901639344262295,
  "recall": 0.5625,
  "f1_score": 0.576,
  "auc": 0.5830078125,
  "best_train_loss": 0.6249914951622486,
  "training_time_sec": 641.6072955131531,
  "epochs_completed": 1000,
  "config": {
    "num_layers": 15,
    "lr": 0.01,
    "batch_size": 32,
    "opt_name": "adam",
    "img_size": 64
  }
}