{
  "accuracy": 0.6171875,
  "precision": 0.6086956521739131,
  "recall": 0.65625,
  "f1_score": 0.631578947368421,
  "auc": 0.650390625,
  "best_train_loss": 0.5874729072675109,
  "training_time_sec": 418.31584882736206,
  "epochs_completed": 1000,
  "config": {
    "num_layers": 10,
    "lr": 0.01,
    "batch_size": 16,
    "opt_name": "adam",
    "img_size": 32
  }
}