{
  "accuracy": 0.5,
  "precision": 0.5,
  "recall": 0.515625,
  "f1_score": 0.5076923076923077,
  "auc": 0.529541015625,
  "best_train_loss": 0.6802349239587784,
  "training_time_sec": 274.73609590530396,
  "epochs_completed": 1000,
  "config": {
    "num_layers": 3,
    "lr": 0.01,
    "batch_size": 32,
    "opt_name": "adam",
    "img_size": 128
  }
}