{
  "accuracy": 0.868421052631579,
  "precision": 0.9375,
  "recall": 0.7894736842105263,
  "f1_score": 0.8571428571428571,
  "auc": 0.8421052631578948,
  "training_time_sec": 148.9432077407837,
  "epochs_completed": 1469,
  "config": {
    "num_layers": 1,
    "lr": 0.05,
    "batch_size": 8,
    "opt_name": "sgd",
    "img_size": 4
  }
}