{
  "accuracy": 0.9453125,
  "precision": 0.9830508474576272,
  "recall": 0.90625,
  "f1_score": 0.943089430894309,
  "auc": 0.994140625,
  "best_train_loss": 0.19761042366735637,
  "training_time_sec": 255.11880135536194,
  "epochs_completed": 1000,
  "config": {
    "num_layers": 15,
    "lr": 0.01,
    "batch_size": 16,
    "opt_name": "adam",
    "img_size": 16
  }
}