{
  "accuracy": 0.538961038961039,
  "precision": 0.5365853658536586,
  "recall": 0.5714285714285714,
  "f1_score": 0.5534591194968553,
  "auc": 0.547984483049418,
  "training_time_sec": 204.969544172287,
  "epochs_completed": 57,
  "config": {
    "num_layers": 12,
    "lr": 0.02,
    "batch_size": 16,
    "opt_name": "adam",
    "img_size": 64
  }
}