{
  "accuracy": 0.8671875,
  "precision": 0.9272727272727272,
  "recall": 0.796875,
  "f1_score": 0.8571428571428571,
  "auc": 0.89208984375,
  "best_train_loss": 0.014769756293389946,
  "training_time_sec": 3561.5322868824005,
  "epochs_completed": 10000,
  "config": {
    "num_layers": 16,
    "lr": 0.05,
    "batch_size": 32,
    "img_size": 16
  }
}