{
  "accuracy": 0.5789473684210527,
  "precision": 0.6666666666666666,
  "recall": 0.3157894736842105,
  "f1_score": 0.42857142857142855,
  "auc": 0.6232686980609419,
  "training_time_sec": 60.16216540336609,
  "epochs_completed": 51,
  "config": {
    "num_layers": 7,
    "lr": 0.001,
    "batch_size": 8,
    "opt_name": "sgd",
    "img_size": 16
  },
  "lr_schedule": "cosine_decay"
}