{
  "accuracy": 0.5234375,
  "precision": 0.5211267605633803,
  "recall": 0.578125,
  "f1_score": 0.5481481481481482,
  "auc": 0.5048828125,
  "best_train_loss": 0.6870017610490322,
  "training_time_sec": 143.0981261730194,
  "epochs_completed": 1000,
  "config": {
    "num_layers": 3,
    "lr": 0.001,
    "batch_size": 16,
    "opt_name": "adam",
    "img_size": 64
  }
}