{
  "accuracy": 0.234375,
  "precision": 1.0,
  "recall": 0.46875,
  "f1_score": 0.6382978723404256,
  "auc": 0.46875,
  "best_train_loss": 0.6167059205472469,
  "training_time_sec": 2571.7359294891357,
  "epochs_completed": 3000,
  "config": {
    "num_layers": 10,
    "lr": 0.05,
    "batch_size": 32,
    "opt_name": "adam",
    "img_size": 64
  }
}