{
  "accuracy": 0.6842105263157895,
  "precision": 0.6521739130434783,
  "recall": 0.7894736842105263,
  "f1_score": 0.7142857142857143,
  "auc": 0.7174515235457064,
  "training_time_sec": 337.51034474372864,
  "epochs_completed": 106,
  "config": {
    "num_layers": 20,
    "lr": 0.01,
    "batch_size": 16,
    "opt_name": "adam",
    "img_size": 32
  },
  "lr_schedule": "cosine_decay"
}