{
  "accuracy": 0.453125,
  "precision": 0.45454545454545453,
  "recall": 0.46875,
  "f1_score": 0.46153846153846156,
  "auc": 0.48193359375,
  "best_train_loss": 0.5603682361543179,
  "training_time_sec": 151.26662135124207,
  "epochs_completed": 1000,
  "config": {
    "num_layers": 20,
    "lr": 0.1,
    "batch_size": 32,
    "opt_name": "adam",
    "img_size": 8
  }
}