{
  "accuracy": 0.4921875,
  "precision": 0.49206349206349204,
  "recall": 0.484375,
  "f1_score": 0.4881889763779528,
  "auc": 0.490234375,
  "best_train_loss": 0.6899902075529099,
  "training_time_sec": 1117.153074979782,
  "epochs_completed": 1000,
  "config": {
    "num_layers": 15,
    "lr": 0.001,
    "batch_size": 32,
    "opt_name": "adam",
    "img_size": 128
  }
}