{
  "accuracy": 0.6578947368421053,
  "precision": 0.65,
  "recall": 0.6842105263157895,
  "f1_score": 0.6666666666666666,
  "auc": 0.6869806094182825,
  "training_time_sec": 77404.38144159317,
  "memory_usage_kb": 953408,
  "data_loading_time_sec": 77440.18469786644,
  "num_qubits": 9,
  "num_samples_test": 38,
  "num_layers": 3
}