{
  "accuracy": 0.631578947368421,
  "precision": 0.6666666666666666,
  "recall": 0.5263157894736842,
  "f1_score": 0.5882352941176471,
  "auc": 0.7146814404432132,
  "training_time_sec": 438.61650943756104,
  "epochs_completed": 660,
  "config": {
    "num_layers": 12,
    "lr": 0.001,
    "batch_size": 16,
    "opt_name": "adam",
    "img_size": 4
  }
}