{
  "accuracy": 0.5526315789473685,
  "precision": 0.5416666666666666,
  "recall": 0.6842105263157895,
  "f1_score": 0.6046511627906976,
  "auc": 0.5457063711911357,
  "training_time_sec": 188.87701177597046,
  "epochs_completed": 70,
  "config": {
    "num_layers": 20,
    "lr": 0.1,
    "batch_size": 16,
    "opt_name": "adam",
    "img_size": 16
  },
  "lr_schedule": "cosine_decay"
}