{
  "accuracy": 0.42105263157894735,
  "precision": 0.42105263157894735,
  "recall": 0.42105263157894735,
  "f1_score": 0.42105263157894735,
  "auc": 0.42382271468144045,
  "training_time_sec": 147.7327527999878,
  "epochs_completed": 124,
  "config": {
    "num_layers": 7,
    "lr": 0.01,
    "batch_size": 8,
    "opt_name": "adam",
    "img_size": 32
  }
}