{
  "accuracy": 0.9453125,
  "precision": 1.0,
  "recall": 0.890625,
  "f1_score": 0.9421487603305785,
  "auc": 0.986572265625,
  "best_train_loss": 0.15130951534956694,
  "training_time_sec": 1572.6557240486145,
  "epochs_completed": 10000,
  "config": {
    "num_layers": 3,
    "lr": 0.05,
    "batch_size": 32,
    "img_size": 64
  }
}