{
  "accuracy": 0.546875,
  "precision": 0.5517241379310345,
  "recall": 0.5,
  "f1_score": 0.5245901639344263,
  "auc": 0.564208984375,
  "best_train_loss": 0.6877705082297325,
  "training_time_sec": 474.35542392730713,
  "epochs_completed": 1000,
  "config": {
    "num_layers": 15,
    "lr": 0.001,
    "batch_size": 64,
    "opt_name": "adam",
    "img_size": 64
  }
}