{
  "accuracy": 0.8515625,
  "precision": 0.8688524590163934,
  "recall": 0.828125,
  "f1_score": 0.848,
  "auc": 0.886962890625,
  "best_train_loss": 0.3646416934207082,
  "training_time_sec": 223.66510224342346,
  "epochs_completed": 5000,
  "config": {
    "num_layers": 4,
    "lr": 0.05,
    "batch_size": 32,
    "opt_name": "adam",
    "img_size": 4
  }
}