{
  "accuracy": 0.6052631578947368,
  "precision": 0.5833333333333334,
  "recall": 0.7368421052631579,
  "f1_score": 0.6511627906976745,
  "auc": 0.7617728531855955,
  "training_time_sec": 1543.5104129314423,
  "epochs_completed": 4094,
  "config": {
    "num_layers": 3,
    "lr": 0.001,
    "batch_size": 16,
    "opt_name": "adam",
    "img_size": 16
  },
  "lr_schedule": "cosine_decay"
}