{
  "accuracy": 0.7105263157894737,
  "precision": 0.7222222222222222,
  "recall": 0.6842105263157895,
  "f1_score": 0.7027027027027027,
  "auc": 0.6925207756232687,
  "training_time_sec": 1636.2301683425903,
  "epochs_completed": 2084,
  "config": {
    "num_layers": 15,
    "lr": 0.02,
    "batch_size": 32,
    "opt_name": "sgd",
    "img_size": 4
  }
}