{
  "accuracy": 0.5,
  "precision": 0.5,
  "recall": 1.0,
  "f1_score": 0.6666666666666666,
  "auc": 1.0,
  "best_train_loss": 0.346573568880558,
  "training_time_sec": 1154.1483697891235,
  "epochs_completed": 3000,
  "config": {
    "num_layers": 17,
    "lr": 0.05,
    "batch_size": 32,
    "opt_name": "adam",
    "img_size": 8
  }
}