{
  "accuracy": 0.5526315789473685,
  "precision": 0.5555555555555556,
  "recall": 0.5263157894736842,
  "f1_score": 0.5405405405405406,
  "auc": 0.5429362880886426,
  "training_time_sec": 225.80642867088318,
  "epochs_completed": 177,
  "config": {
    "num_layers": 10,
    "lr": 0.05,
    "batch_size": 8,
    "opt_name": "adam",
    "img_size": 16
  },
  "lr_schedule": "cosine_decay"
}