{
  "accuracy": 0.7368421052631579,
  "precision": 0.7142857142857143,
  "recall": 0.7894736842105263,
  "f1_score": 0.75,
  "auc": 0.7202216066481995,
  "training_time_sec": 84.74863147735596,
  "epochs_completed": 473,
  "config": {
    "num_layers": 1,
    "lr": 0.02,
    "batch_size": 16,
    "opt_name": "adam",
    "img_size": 16
  },
  "lr_schedule": "cosine_decay"
}