{
  "accuracy": 0.6328125,
  "precision": 0.6976744186046512,
  "recall": 0.46875,
  "f1_score": 0.5607476635514018,
  "auc": 0.57958984375,
  "best_train_loss": 0.45959235168993473,
  "training_time_sec": 931.6252522468567,
  "epochs_completed": 5000,
  "config": {
    "num_layers": 19,
    "lr": 0.05,
    "batch_size": 32,
    "opt_name": "adam",
    "img_size": 8
  }
}