{
  "accuracy": 0.5526315789473685,
  "precision": 0.55,
  "recall": 0.5789473684210527,
  "f1_score": 0.5641025641025641,
  "auc": 0.5180055401662049,
  "training_time_sec": 98.06586360931396,
  "epochs_completed": 83,
  "config": {
    "num_layers": 7,
    "lr": 0.02,
    "batch_size": 32,
    "opt_name": "adam",
    "img_size": 32
  }
}