{
  "accuracy": 0.5,
  "precision": 0.5,
  "recall": 0.6842105263157895,
  "f1_score": 0.5777777777777777,
  "auc": 0.628808864265928,
  "training_time_sec": 61.30432200431824,
  "epochs_completed": 279,
  "config": {
    "num_layers": 1,
    "lr": 0.001,
    "batch_size": 16,
    "opt_name": "adam",
    "img_size": 32
  },
  "lr_schedule": "cosine_decay"
}