{
  "accuracy": 0.453125,
  "precision": 0.45161290322580644,
  "recall": 0.4375,
  "f1_score": 0.4444444444444444,
  "auc": 0.47412109375,
  "best_train_loss": 0.570939052850008,
  "training_time_sec": 1144.6041383743286,
  "epochs_completed": 5000,
  "config": {
    "num_layers": 16,
    "lr": 0.05,
    "batch_size": 32,
    "opt_name": "adam",
    "img_size": 16
  }
}