{
  "accuracy": 0.5,
  "precision": 0.5066666666666667,
  "recall": 0.4935064935064935,
  "f1_score": 0.5,
  "auc": 0.5139146567717997,
  "training_time_sec": 628.7603914737701,
  "epochs_completed": 139,
  "config": {
    "num_layers": 20,
    "lr": 0.02,
    "batch_size": 64,
    "opt_name": "adam",
    "img_size": 64
  }
}