{
  "accuracy": 0.5234375,
  "precision": 0.5230769230769231,
  "recall": 0.53125,
  "f1_score": 0.5271317829457365,
  "auc": 0.543212890625,
  "best_train_loss": 0.6011075414717197,
  "training_time_sec": 409.8532853126526,
  "epochs_completed": 1000,
  "config": {
    "num_layers": 10,
    "lr": 0.05,
    "batch_size": 16,
    "opt_name": "adam",
    "img_size": 64
  }
}