{
  "accuracy": 0.6578947368421053,
  "precision": 0.6666666666666666,
  "recall": 0.631578947368421,
  "f1_score": 0.6486486486486487,
  "auc": 0.7119113573407203,
  "training_time_sec": 150.02742314338684,
  "epochs_completed": 74,
  "config": {
    "num_layers": 15,
    "lr": 0.1,
    "batch_size": 32,
    "opt_name": "adam",
    "img_size": 16
  },
  "lr_schedule": "cosine_decay"
}