{
  "accuracy": 0.6052631578947368,
  "precision": 0.6,
  "recall": 0.631578947368421,
  "f1_score": 0.6153846153846154,
  "auc": 0.6343490304709142,
  "training_time_sec": 89.79378247261047,
  "epochs_completed": 221,
  "config": {
    "num_layers": 3,
    "lr": 0.05,
    "batch_size": 16,
    "opt_name": "adam",
    "img_size": 16
  },
  "lr_schedule": "cosine_decay"
}