epoch,loss
1,0.6931616266568502
2,0.6931295593579611
3,0.6931154926617941
4,0.6930766701698303
5,0.6929938395818075
6,0.692934254805247
7,0.6928391853968302
8,0.6927351355552673
9,0.6926972468694051
10,0.6925830443700155
11,0.6925262808799744
12,0.692397395769755
13,0.6923006176948547
14,0.6921464602152506
15,0.6920076211293539
16,0.6919073661168417
17,0.6917058030764262
18,0.6916283369064331
19,0.6914722124735514
20,0.6914612849553426
21,0.6912283301353455
22,0.6910733580589294
23,0.6909244259198507
24,0.690717359383901
25,0.6906091968218485
26,0.6905230283737183
27,0.6904537280400594
28,0.6902261972427368
29,0.6901121139526367
30,0.6900578339894613
31,0.6899591684341431
32,0.6896356145540873
33,0.6892578601837158
34,0.6894369324048361
35,0.6890039046605428
36,0.6891967256863912
37,0.6889318029085795
38,0.6886816223462423
39,0.6884945631027222
40,0.6882562239964803
41,0.6882562239964803
42,0.6879495779673258
43,0.6881251136461893
44,0.6878799796104431
45,0.6874985297520956
46,0.6874589125315348
47,0.6875071128209432
48,0.6873781681060791
49,0.6869792143503824
50,0.6871872544288635
51,0.6866506536801656
52,0.6867999831835429
53,0.6862464348475138
54,0.6864866614341736
55,0.6865303913752238
56,0.6863622665405273
57,0.6858787139256796
58,0.6855748295783997
59,0.684923529624939
60,0.6852400700251261
61,0.6854290167490641
62,0.6850318113962809
63,0.6847777764002482
64,0.6845267613728842
65,0.6851972738901774
66,0.6846679250399271
67,0.6849294304847717
68,0.6843616565068563
69,0.6835897366205851
70,0.684414287408193
71,0.6840052008628845
72,0.6835182110468546
73,0.6842305858929952
74,0.6833780805269877
75,0.6829634507497152
76,0.6835665305455526
77,0.6831044753392538
78,0.6828346848487854
79,0.6832937796910604
80,0.6833329399426779
81,0.6828758319218954
82,0.6825936436653137
83,0.6825352311134338
84,0.682247519493103
85,0.6812885602315267
86,0.6819826364517212
87,0.6820847193400065
88,0.6811083555221558
89,0.6815292239189148
90,0.6814131935437521
91,0.6809783379236857
92,0.6816582679748535
