{
  "accuracy": 0.5526315789473685,
  "precision": 0.55,
  "recall": 0.5789473684210527,
  "f1_score": 0.5641025641025641,
  "auc": 0.5263157894736843,
  "training_time_sec": 70.27873659133911,
  "epochs_completed": 92,
  "config": {
    "num_layers": 3,
    "lr": 0.02,
    "batch_size": 64,
    "opt_name": "adam",
    "img_size": 64
  }
}