{
  "accuracy": 0.5789473684210527,
  "precision": 0.5789473684210527,
  "recall": 0.5789473684210527,
  "f1_score": 0.5789473684210527,
  "auc": 0.628808864265928,
  "training_time_sec": 651.9810485839844,
  "epochs_completed": 166,
  "config": {
    "num_layers": 20,
    "lr": 0.01,
    "batch_size": 16,
    "opt_name": "adam",
    "img_size": 64
  }
}