{
  "accuracy": 0.59375,
  "precision": 0.5967741935483871,
  "recall": 0.578125,
  "f1_score": 0.5873015873015873,
  "auc": 0.60888671875,
  "best_train_loss": 0.6056545339524746,
  "training_time_sec": 51.663885831832886,
  "epochs_completed": 1000,
  "config": {
    "num_layers": 10,
    "lr": 0.1,
    "batch_size": 64,
    "opt_name": "adam",
    "img_size": 4
  }
}