{
  "accuracy": 0.42105263157894735,
  "precision": 0.4,
  "recall": 0.3157894736842105,
  "f1_score": 0.35294117647058826,
  "auc": 0.4265927977839335,
  "training_time_sec": 24.93771505355835,
  "epochs_completed": 51,
  "config": {
    "num_layers": 2,
    "lr": 0.01,
    "batch_size": 32,
    "opt_name": "adam",
    "img_size": 32
  },
  "lr_schedule": "cosine_decay"
}