{
  "accuracy": 0.5390625,
  "precision": 0.5384615384615384,
  "recall": 0.546875,
  "f1_score": 0.5426356589147286,
  "auc": 0.551513671875,
  "best_train_loss": 0.5823002457618713,
  "training_time_sec": 97.46367239952087,
  "epochs_completed": 1000,
  "config": {
    "num_layers": 20,
    "lr": 0.01,
    "batch_size": 64,
    "opt_name": "adam",
    "img_size": 16
  }
}