{
  "accuracy": 0.3684210526315789,
  "precision": 0.3684210526315789,
  "recall": 0.3684210526315789,
  "f1_score": 0.3684210526315789,
  "auc": 0.3462603878116343,
  "training_time_sec": 116.78856348991394,
  "memory_usage_kb": 1592728,
  "data_loading_time_sec": 120.10810828208923,
  "num_qubits": 11,
  "num_samples_test": 38,
  "num_layers": 7
}