{
  "accuracy": 0.9210526315789473,
  "precision": 1.0,
  "recall": 0.8421052631578947,
  "f1_score": 0.9142857142857143,
  "auc": 0.8975069252077562,
  "training_time_sec": 182.91743230819702,
  "epochs_completed": 626,
  "config": {
    "num_layers": 5,
    "lr": 0.05,
    "batch_size": 64,
    "opt_name": "adam",
    "img_size": 4
  }
}