{
  "accuracy": 0.9609375,
  "precision": 1.0,
  "recall": 0.921875,
  "f1_score": 0.959349593495935,
  "auc": 0.992431640625,
  "best_train_loss": 0.08900501136668026,
  "training_time_sec": 11182.983899831772,
  "epochs_completed": 10000,
  "config": {
    "num_layers": 12,
    "lr": 0.05,
    "batch_size": 32,
    "img_size": 64
  }
}