{
  "accuracy": 0.953125,
  "precision": 1.0,
  "recall": 0.90625,
  "f1_score": 0.9508196721311475,
  "auc": 0.998291015625,
  "best_train_loss": 0.07042257930152118,
  "training_time_sec": 32369.122028827667,
  "epochs_completed": 10000,
  "config": {
    "num_layers": 15,
    "lr": 0.05,
    "batch_size": 32,
    "img_size": 128
  }
}