{
  "accuracy": 0.6578947368421053,
  "precision": 0.65,
  "recall": 0.6842105263157895,
  "f1_score": 0.6666666666666666,
  "auc": 0.667590027700831,
  "training_time_sec": 74.23605418205261,
  "epochs_completed": 83,
  "config": {
    "num_layers": 5,
    "lr": 0.02,
    "batch_size": 16,
    "opt_name": "adam",
    "img_size": 32
  },
  "lr_schedule": "cosine_decay"
}