{
  "accuracy": 0.4805194805194805,
  "precision": 0.48148148148148145,
  "recall": 0.5064935064935064,
  "f1_score": 0.4936708860759494,
  "auc": 0.43295665373587455,
  "training_time_sec": 45.94493532180786,
  "epochs_completed": 73,
  "config": {
    "num_layers": 2,
    "lr": 0.01,
    "batch_size": 32,
    "opt_name": "adam",
    "img_size": 64
  }
}