{
  "accuracy": 0.5,
  "precision": 0.5,
  "recall": 0.3157894736842105,
  "f1_score": 0.3870967741935484,
  "auc": 0.4293628808864266,
  "training_time_sec": 94.80796647071838,
  "epochs_completed": 73,
  "config": {
    "num_layers": 7,
    "lr": 0.001,
    "batch_size": 64,
    "opt_name": "adam",
    "img_size": 32
  },
  "lr_schedule": "cosine_decay"
}