{
  "accuracy": 0.7421875,
  "precision": 0.7818181818181819,
  "recall": 0.671875,
  "f1_score": 0.7226890756302521,
  "auc": 0.7314453125,
  "best_train_loss": 0.5561449117958546,
  "training_time_sec": 95.8461902141571,
  "epochs_completed": 1000,
  "config": {
    "num_layers": 7,
    "lr": 0.05,
    "batch_size": 16,
    "opt_name": "adam",
    "img_size": 4
  }
}