{
  "accuracy": 0.7368421052631579,
  "precision": 0.8461538461538461,
  "recall": 0.5789473684210527,
  "f1_score": 0.6875,
  "auc": 0.6897506925207757,
  "training_time_sec": 3260.759000301361,
  "epochs_completed": 8535,
  "config": {
    "num_layers": 7,
    "lr": 0.01,
    "batch_size": 64,
    "opt_name": "sgd",
    "img_size": 4
  }
}