{
  "accuracy": 0.640625,
  "precision": 0.6551724137931034,
  "recall": 0.59375,
  "f1_score": 0.6229508196721312,
  "auc": 0.665771484375,
  "best_train_loss": 0.6003965884447098,
  "training_time_sec": 50.83419728279114,
  "epochs_completed": 1000,
  "config": {
    "num_layers": 15,
    "lr": 0.1,
    "batch_size": 64,
    "opt_name": "adam",
    "img_size": 4
  }
}