{
  "accuracy": 0.7105263157894737,
  "precision": 0.6818181818181818,
  "recall": 0.7894736842105263,
  "f1_score": 0.7317073170731707,
  "auc": 0.7479224376731302,
  "training_time_sec": 652.7317659854889,
  "epochs_completed": 232,
  "config": {
    "num_layers": 20,
    "lr": 0.05,
    "batch_size": 32,
    "opt_name": "adam",
    "img_size": 32
  }
}