epoch,loss
1,0.6931586861610413
2,0.6931340297063192
3,0.693151185909907
4,0.6931353608767191
5,0.6931375662485758
6,0.6931409239768982
7,0.693131685256958
8,0.6931368013223013
9,0.6931389570236206
10,0.6931474705537161
11,0.693138470252355
12,0.6931266983350118
13,0.6931252181529999
14,0.6931350231170654
15,0.6931277016798655
16,0.6931074261665344
17,0.6931185225645701
18,0.6931106944878896
19,0.6930909156799316
20,0.6930967271327972
21,0.6930871804555258
22,0.6930736104647318
23,0.6930859982967377
24,0.6930620272954305
25,0.6930800875027975
26,0.6930616796016693
27,0.6930442849795023
28,0.6930467287699381
29,0.6930489341417948
30,0.6930186251799265
31,0.6930254797140757
32,0.6929674049218496
33,0.6929900844891866
34,0.6929969787597656
35,0.6929663916428884
36,0.6929867565631866
37,0.692970355351766
38,0.6929522852102915
39,0.6929224828879038
40,0.6929142872492472
41,0.6929299036661783
42,0.6928986807664236
43,0.692949374516805
44,0.69290758172671
45,0.692824920018514
46,0.6928678154945374
47,0.6928770343462626
48,0.6928367813428243
49,0.692807932694753
50,0.6928477585315704
51,0.6928972403208414
