{
  "accuracy": 0.5263157894736842,
  "precision": 0.5263157894736842,
  "recall": 0.5263157894736842,
  "f1_score": 0.5263157894736842,
  "auc": 0.554016620498615,
  "training_time_sec": 43.010385274887085,
  "epochs_completed": 51,
  "config": {
    "num_layers": 3,
    "lr": 0.001,
    "batch_size": 32,
    "opt_name": "adam",
    "img_size": 64
  }
}