{
  "accuracy": 0.5194805194805194,
  "precision": 0.5194805194805194,
  "recall": 0.5194805194805194,
  "f1_score": 0.5194805194805194,
  "auc": 0.5027829313543599,
  "training_time_sec": 174.98816180229187,
  "epochs_completed": 51,
  "config": {
    "num_layers": 12,
    "lr": 0.001,
    "batch_size": 16,
    "opt_name": "adam",
    "img_size": 64
  }
}