epoch,loss
1,0.6931658784548441
2,0.6931189695994059
3,0.6931233803431193
4,0.6930734018484751
5,0.6930227677027384
6,0.6929729779561361
7,0.6929025153319041
8,0.6928546528021494
9,0.692791223526001
10,0.6927075982093811
11,0.6925909519195557
12,0.6924804548422495
13,0.6924223403135935
14,0.6922415395577749
15,0.6920837263266245
16,0.6919221977392832
17,0.6916726032892863
18,0.6917698780695597
19,0.6912511885166168
20,0.6914232770601908
21,0.6913517812887827
22,0.6908827821413676
23,0.6909802059332529
24,0.6907345851262411
25,0.6908348004023234
26,0.6908770104249319
27,0.690530021985372
28,0.6906847854455312
29,0.6905754407246908
30,0.6902865568796793
31,0.6904886662960052
32,0.6897281110286713
33,0.6900272866090139
34,0.6902165512243906
35,0.6897179583708445
36,0.6901099880536398
37,0.6898679137229919
38,0.6893509328365326
39,0.6892841458320618
40,0.6893637080987295
41,0.6895646254221598
42,0.6888854602972666
43,0.6894440849622091
44,0.6892397304375967
45,0.6880073149998983
46,0.6886869172255198
47,0.6889171004295349
48,0.6882587472597758
49,0.6880605717500051
50,0.6881310145060221
51,0.6881710986296335
