{
  "accuracy": 0.7368421052631579,
  "precision": 0.7647058823529411,
  "recall": 0.6842105263157895,
  "f1_score": 0.7222222222222222,
  "auc": 0.7451523545706372,
  "training_time_sec": 196.12188816070557,
  "epochs_completed": 224,
  "config": {
    "num_layers": 15,
    "lr": 0.01,
    "batch_size": 16,
    "opt_name": "adam",
    "img_size": 4
  }
}