{
  "accuracy": 0.5859375,
  "precision": 0.5873015873015873,
  "recall": 0.578125,
  "f1_score": 0.5826771653543307,
  "auc": 0.57470703125,
  "best_train_loss": 0.5061926897615194,
  "training_time_sec": 3676.9147362709045,
  "epochs_completed": 5000,
  "config": {
    "num_layers": 15,
    "lr": 0.05,
    "batch_size": 32,
    "opt_name": "adam",
    "img_size": 64
  }
}