{
  "accuracy": 0.7631578947368421,
  "precision": 0.8571428571428571,
  "recall": 0.631578947368421,
  "f1_score": 0.7272727272727273,
  "auc": 0.7340720221606647,
  "training_time_sec": 82.24652028083801,
  "epochs_completed": 109,
  "config": {
    "num_layers": 12,
    "lr": 0.05,
    "batch_size": 16,
    "opt_name": "adam",
    "img_size": 4
  }
}