{
  "accuracy": 0.577922077922078,
  "precision": 0.603448275862069,
  "recall": 0.45454545454545453,
  "f1_score": 0.5185185185185185,
  "auc": 0.618485410693203,
  "training_time_sec": 254.8729236125946,
  "epochs_completed": 167,
  "config": {
    "num_layers": 5,
    "lr": 0.02,
    "batch_size": 8,
    "opt_name": "adam",
    "img_size": 64
  }
}