{
  "accuracy": 0.4765625,
  "precision": 0.47761194029850745,
  "recall": 0.5,
  "f1_score": 0.48854961832061067,
  "auc": 0.476318359375,
  "best_train_loss": 0.6667291484773159,
  "training_time_sec": 38.12807250022888,
  "epochs_completed": 1000,
  "config": {
    "num_layers": 3,
    "lr": 0.001,
    "batch_size": 32,
    "opt_name": "adam",
    "img_size": 8
  }
}