{
  "accuracy": 0.5263157894736842,
  "precision": 0.5263157894736842,
  "recall": 0.5263157894736842,
  "f1_score": 0.5263157894736842,
  "auc": 0.6038781163434903,
  "training_time_sec": 844.2631330490112,
  "epochs_completed": 225,
  "config": {
    "num_layers": 20,
    "lr": 0.01,
    "batch_size": 32,
    "opt_name": "adam",
    "img_size": 64
  }
}