{
  "accuracy": 0.5909090909090909,
  "precision": 0.609375,
  "recall": 0.5064935064935064,
  "f1_score": 0.5531914893617021,
  "auc": 0.6727947377298027,
  "training_time_sec": 2434.289598941803,
  "epochs_completed": 1043,
  "config": {
    "num_layers": 10,
    "lr": 0.001,
    "batch_size": 8,
    "opt_name": "adam",
    "img_size": 64
  }
}