{
  "accuracy": 0.5789473684210527,
  "precision": 0.6153846153846154,
  "recall": 0.42105263157894735,
  "f1_score": 0.5,
  "auc": 0.5152354570637119,
  "training_time_sec": 32.45446228981018,
  "epochs_completed": 134,
  "config": {
    "num_layers": 1,
    "lr": 0.02,
    "batch_size": 16,
    "opt_name": "adam",
    "img_size": 32
  },
  "lr_schedule": "cosine_decay"
}