{
  "accuracy": 0.631578947368421,
  "precision": 0.6190476190476191,
  "recall": 0.6842105263157895,
  "f1_score": 0.65,
  "auc": 0.5789473684210527,
  "training_time_sec": 379.2489011287689,
  "epochs_completed": 121,
  "config": {
    "num_layers": 15,
    "lr": 0.05,
    "batch_size": 8,
    "opt_name": "adam",
    "img_size": 64
  },
  "lr_schedule": "cosine_decay"
}