{
  "accuracy": 0.7368421052631579,
  "precision": 0.7142857142857143,
  "recall": 0.7894736842105263,
  "f1_score": 0.75,
  "auc": 0.7146814404432132,
  "training_time_sec": 133.10237407684326,
  "epochs_completed": 784,
  "config": {
    "num_layers": 1,
    "lr": 0.01,
    "batch_size": 32,
    "opt_name": "adam",
    "img_size": 16
  },
  "lr_schedule": "cosine_decay"
}