{
  "accuracy": 0.421875,
  "precision": 0.4166666666666667,
  "recall": 0.390625,
  "f1_score": 0.4032258064516129,
  "auc": 0.39990234375,
  "best_train_loss": 0.6149566918611526,
  "training_time_sec": 56.461302518844604,
  "epochs_completed": 1000,
  "config": {
    "num_layers": 5,
    "lr": 0.05,
    "batch_size": 32,
    "opt_name": "adam",
    "img_size": 8
  }
}