{
  "accuracy": 0.5789473684210527,
  "precision": 0.5789473684210527,
  "recall": 0.5789473684210527,
  "f1_score": 0.5789473684210527,
  "auc": 0.631578947368421,
  "training_time_sec": 886.7628788948059,
  "epochs_completed": 207,
  "config": {
    "num_layers": 30,
    "lr": 0.01,
    "batch_size": 32,
    "opt_name": "adam",
    "img_size": 32
  }
}