{
  "accuracy": 0.5324675324675324,
  "precision": 0.5324675324675324,
  "recall": 0.5324675324675324,
  "f1_score": 0.5324675324675324,
  "auc": 0.5156012818350479,
  "training_time_sec": 165.82751393318176,
  "epochs_completed": 51,
  "config": {
    "num_layers": 12,
    "lr": 0.001,
    "batch_size": 64,
    "opt_name": "adam",
    "img_size": 64
  }
}