{
  "accuracy": 0.8947368421052632,
  "precision": 0.9411764705882353,
  "recall": 0.8421052631578947,
  "f1_score": 0.8888888888888888,
  "auc": 0.8947368421052632,
  "training_time_sec": 206.6431634426117,
  "epochs_completed": 251,
  "config": {
    "num_layers": 7,
    "lr": 0.05,
    "batch_size": 32,
    "opt_name": "adam",
    "img_size": 16
  },
  "lr_schedule": "cosine_decay"
}