{
  "accuracy": 0.5789473684210527,
  "precision": 0.6363636363636364,
  "recall": 0.3684210526315789,
  "f1_score": 0.4666666666666667,
  "auc": 0.5983379501385042,
  "training_time_sec": 163.4734308719635,
  "epochs_completed": 63,
  "config": {
    "num_layers": 15,
    "lr": 0.01,
    "batch_size": 32,
    "opt_name": "adam",
    "img_size": 32
  }
}