{
  "accuracy": 0.5454545454545454,
  "precision": 0.5512820512820513,
  "recall": 0.5584415584415584,
  "f1_score": 0.5548387096774193,
  "auc": 0.5226851071006915,
  "training_time_sec": 3687.8497428894043,
  "epochs_completed": 599,
  "config": {
    "num_layers": 30,
    "lr": 0.001,
    "batch_size": 64,
    "opt_name": "adam",
    "img_size": 64
  }
}