epoch,loss
1,0.6931481469761241
2,0.6931401057676836
3,0.6931198022582314
4,0.6930871497501027
5,0.6930451013825156
6,0.6930259682915427
7,0.6930067485029047
8,0.6929876208305359
9,0.6929759870875966
10,0.6929668296467174
11,0.6929529905319214
12,0.6929452256722883
13,0.6929335648363287
14,0.692924824627963
15,0.6929133588617499
16,0.692905767397447
17,0.6928995143283497
18,0.6928927410732616
19,0.6928787123073231
20,0.6928667534481395
21,0.6928492513569918
22,0.6928478533571417
23,0.6928322640332308
24,0.6928057887337424
25,0.6928117221051996
26,0.6928009986877441
27,0.6927794055505232
28,0.6927675929936495
29,0.6927500421350653
30,0.6927197304638949
31,0.6927165714177218
32,0.6926991397684271
33,0.6926812800494108
34,0.6926592317494479
35,0.6926351352171465
36,0.6926237561485984
37,0.6926096244291826
38,0.6925790905952454
39,0.6925644332712347
40,0.692550084807656
41,0.6925255602056329
42,0.6924887028607455
43,0.6924740401181307
44,0.6924588897011497
45,0.692408334125172
46,0.692404801195318
47,0.6923841400579973
48,0.6923595125024969
49,0.6923415444113992
50,0.6923010024157438
51,0.6922674124891107
