{
  "accuracy": 0.4375,
  "precision": 0.43548387096774194,
  "recall": 0.421875,
  "f1_score": 0.42857142857142855,
  "auc": 0.400390625,
  "best_train_loss": 0.4716524425894022,
  "training_time_sec": 540.6239228248596,
  "epochs_completed": 5000,
  "config": {
    "num_layers": 16,
    "lr": 0.05,
    "batch_size": 32,
    "opt_name": "adam",
    "img_size": 32
  }
}