{
  "accuracy": 0.5,
  "precision": 0.5,
  "recall": 0.6363636363636364,
  "f1_score": 0.56,
  "auc": 0.5410693202900996,
  "training_time_sec": 91.49998617172241,
  "epochs_completed": 239,
  "config": {
    "num_layers": 1,
    "lr": 0.05,
    "batch_size": 8,
    "opt_name": "adam",
    "img_size": 64
  }
}