{
  "accuracy": 0.7265625,
  "precision": 0.7843137254901961,
  "recall": 0.625,
  "f1_score": 0.6956521739130435,
  "auc": 0.72802734375,
  "best_train_loss": 0.5645828656852245,
  "training_time_sec": 345.61978554725647,
  "epochs_completed": 5000,
  "config": {
    "num_layers": 7,
    "lr": 0.05,
    "batch_size": 32,
    "opt_name": "adam",
    "img_size": 4
  }
}