{
  "accuracy": 0.484375,
  "precision": 0.4852941176470588,
  "recall": 0.515625,
  "f1_score": 0.5,
  "auc": 0.487060546875,
  "best_train_loss": 0.6334192827343941,
  "training_time_sec": 98.38742685317993,
  "epochs_completed": 1000,
  "config": {
    "num_layers": 3,
    "lr": 0.05,
    "batch_size": 64,
    "opt_name": "adam",
    "img_size": 64
  }
}