{
  "accuracy": 0.578125,
  "precision": 0.5806451612903226,
  "recall": 0.5625,
  "f1_score": 0.5714285714285714,
  "auc": 0.565185546875,
  "best_train_loss": 0.6797954924404621,
  "training_time_sec": 452.81370210647583,
  "epochs_completed": 1000,
  "config": {
    "num_layers": 10,
    "lr": 0.001,
    "batch_size": 16,
    "opt_name": "adam",
    "img_size": 64
  }
}