{
  "accuracy": 0.5625,
  "precision": 0.5606060606060606,
  "recall": 0.578125,
  "f1_score": 0.5692307692307692,
  "auc": 0.5224609375,
  "best_train_loss": 0.43355448730289936,
  "training_time_sec": 677.0635671615601,
  "epochs_completed": 5000,
  "config": {
    "num_layers": 20,
    "lr": 0.05,
    "batch_size": 32,
    "opt_name": "adam",
    "img_size": 32
  }
}