{
  "accuracy": 0.5703125,
  "precision": 0.5542168674698795,
  "recall": 0.71875,
  "f1_score": 0.6258503401360545,
  "auc": 0.716552734375,
  "best_train_loss": 0.578218623995781,
  "training_time_sec": 29.86728835105896,
  "epochs_completed": 1000,
  "config": {
    "num_layers": 3,
    "lr": 0.01,
    "batch_size": 64,
    "opt_name": "adam",
    "img_size": 16
  }
}