{
  "accuracy": 0.6578947368421053,
  "precision": 0.75,
  "recall": 0.47368421052631576,
  "f1_score": 0.5806451612903226,
  "auc": 0.7119113573407202,
  "training_time_sec": 173.79376912117004,
  "epochs_completed": 259,
  "config": {
    "num_layers": 12,
    "lr": 0.02,
    "batch_size": 64,
    "opt_name": "adam",
    "img_size": 4
  }
}