{
  "accuracy": 0.5454545454545454,
  "precision": 0.5522388059701493,
  "recall": 0.4805194805194805,
  "f1_score": 0.5138888888888888,
  "auc": 0.5906560971496037,
  "training_time_sec": 860.0785653591156,
  "epochs_completed": 185,
  "config": {
    "num_layers": 20,
    "lr": 0.01,
    "batch_size": 32,
    "opt_name": "adam",
    "img_size": 64
  }
}