{
  "accuracy": 0.461038961038961,
  "precision": 0.4659090909090909,
  "recall": 0.5324675324675324,
  "f1_score": 0.49696969696969695,
  "auc": 0.42789677854612923,
  "training_time_sec": 52.28458619117737,
  "epochs_completed": 75,
  "config": {
    "num_layers": 2,
    "lr": 0.001,
    "batch_size": 8,
    "opt_name": "adam",
    "img_size": 64
  }
}