{
  "accuracy": 0.7105263157894737,
  "precision": 0.6818181818181818,
  "recall": 0.7894736842105263,
  "f1_score": 0.7317073170731707,
  "auc": 0.7783933518005541,
  "training_time_sec": 52.162705421447754,
  "epochs_completed": 74,
  "config": {
    "num_layers": 10,
    "lr": 0.05,
    "batch_size": 8,
    "opt_name": "adam",
    "img_size": 4
  }
}