{
  "accuracy": 0.42105263157894735,
  "precision": 0.42105263157894735,
  "recall": 0.42105263157894735,
  "f1_score": 0.42105263157894735,
  "auc": 0.3767313019390582,
  "training_time_sec": 96.48633599281311,
  "epochs_completed": 142,
  "config": {
    "num_layers": 5,
    "lr": 0.1,
    "batch_size": 8,
    "opt_name": "adam",
    "img_size": 16
  },
  "lr_schedule": "cosine_decay"
}