{
  "accuracy": 0.5234375,
  "precision": 0.5263157894736842,
  "recall": 0.46875,
  "f1_score": 0.49586776859504134,
  "auc": 0.48681640625,
  "best_train_loss": 0.45612297393381596,
  "training_time_sec": 761.3807294368744,
  "epochs_completed": 5000,
  "config": {
    "num_layers": 15,
    "lr": 0.05,
    "batch_size": 32,
    "opt_name": "adam",
    "img_size": 8
  }
}