{
  "accuracy": 0.6052631578947368,
  "precision": 0.5833333333333334,
  "recall": 0.7368421052631579,
  "f1_score": 0.6511627906976745,
  "auc": 0.6592797783933517,
  "training_time_sec": 441.74801301956177,
  "epochs_completed": 184,
  "config": {
    "num_layers": 20,
    "lr": 0.01,
    "batch_size": 8,
    "opt_name": "adam",
    "img_size": 16
  },
  "lr_schedule": "cosine_decay"
}