{
  "accuracy": 0.578125,
  "precision": 0.578125,
  "recall": 0.578125,
  "f1_score": 0.578125,
  "auc": 0.56982421875,
  "best_train_loss": 0.5926624312996864,
  "training_time_sec": 280.29012632369995,
  "epochs_completed": 1000,
  "config": {
    "num_layers": 10,
    "lr": 0.1,
    "batch_size": 64,
    "opt_name": "adam",
    "img_size": 64
  }
}