{
  "accuracy": 0.631578947368421,
  "precision": 0.6190476190476191,
  "recall": 0.6842105263157895,
  "f1_score": 0.65,
  "auc": 0.7451523545706372,
  "training_time_sec": 2911.7736237049103,
  "epochs_completed": 10000,
  "config": {
    "num_layers": 5,
    "lr": 0.001,
    "batch_size": 16,
    "opt_name": "sgd",
    "img_size": 4
  }
}