{
  "accuracy": 0.9453125,
  "precision": 1.0,
  "recall": 0.890625,
  "f1_score": 0.9421487603305785,
  "auc": 0.9873046875,
  "best_train_loss": 0.10549109824933112,
  "training_time_sec": 3552.623697280884,
  "epochs_completed": 5000,
  "config": {
    "num_layers": 12,
    "lr": 0.05,
    "batch_size": 32,
    "img_size": 64
  }
}