{
  "accuracy": 0.8984375,
  "precision": 0.9473684210526315,
  "recall": 0.84375,
  "f1_score": 0.8925619834710744,
  "auc": 0.944580078125,
  "best_train_loss": 0.023766021011397243,
  "training_time_sec": 4360.326335191727,
  "epochs_completed": 10000,
  "config": {
    "num_layers": 9,
    "lr": 0.05,
    "batch_size": 32,
    "img_size": 16
  }
}