{
  "accuracy": 0.96875,
  "precision": 1.0,
  "recall": 0.9375,
  "f1_score": 0.967741935483871,
  "auc": 0.985107421875,
  "best_train_loss": 0.11537244124338031,
  "training_time_sec": 7642.372194290161,
  "epochs_completed": 10000,
  "config": {
    "num_layers": 7,
    "lr": 0.05,
    "batch_size": 32,
    "img_size": 64
  }
}