{
  "accuracy": 0.5234375,
  "precision": 0.5238095238095238,
  "recall": 0.515625,
  "f1_score": 0.5196850393700787,
  "auc": 0.508056640625,
  "best_train_loss": 0.6095088506117463,
  "training_time_sec": 545.7381205558777,
  "epochs_completed": 1000,
  "config": {
    "num_layers": 15,
    "lr": 0.1,
    "batch_size": 16,
    "opt_name": "adam",
    "img_size": 32
  }
}