epoch,loss
1,0.6931638988581571
2,0.6930201541293751
3,0.6927736564116045
4,0.692455692724748
5,0.6922524300488558
6,0.6919867721470919
7,0.6917683157053861
8,0.6916294314644553
9,0.6910832361741499
10,0.6910744471983477
11,0.6902895623987372
12,0.6895543391054327
13,0.6887448538433422
14,0.688326662236994
15,0.6882055726918307
16,0.6872203946113586
17,0.6866817528551276
18,0.6859032782641324
19,0.6849635568532076
20,0.684348236430775
21,0.6859040422873064
22,0.6839953660964966
23,0.6839365904981439
24,0.6825715736909346
25,0.6824234940788962
26,0.6815797036344354
27,0.6814176711169156
28,0.6807898174632679
29,0.6828648231246255
30,0.6817897070537914
31,0.6808775555003773
32,0.6803475943478671
33,0.6815541386604309
34,0.6775819388302889
35,0.6770624680952593
36,0.6769011887637052
37,0.6763357682661577
38,0.6767937920310281
39,0.6769701730121266
40,0.678708938035098
41,0.6746132536367937
42,0.6742563085122542
43,0.674470142884688
44,0.6742610552094199
45,0.6792798475785689
46,0.6758679747581482
47,0.6735411557284269
48,0.6726939244703813
49,0.6720697717233137
50,0.6720609393986788
51,0.6701612364162098
52,0.6715925390070135
53,0.6708673130382191
54,0.6687150435014204
55,0.6703909527171742
56,0.6728467020121488
57,0.6715964891693809
58,0.6729224974458868
59,0.6712513240900907
60,0.6711885170503096
61,0.6674197261983698
62,0.671028039672158
63,0.6660038937221874
64,0.6742669452320446
65,0.6695337999950756
66,0.6689509044994008
67,0.665550020608035
68,0.6676594885912809
69,0.6677028265866366
70,0.666977736082944
71,0.6643405502492731
72,0.6728279644792731
73,0.6734129623933272
74,0.6653741760687395
75,0.6628238342025063
76,0.6637319326400757
77,0.6617467565969988
78,0.6630414886908098
79,0.6612466682087291
80,0.6597478552298113
81,0.6591590046882629
82,0.6609088778495789
