{
  "accuracy": 0.6796875,
  "precision": 0.7555555555555555,
  "recall": 0.53125,
  "f1_score": 0.6238532110091743,
  "auc": 0.634521484375,
  "best_train_loss": 0.5870992410928011,
  "training_time_sec": 483.1207957267761,
  "epochs_completed": 5000,
  "config": {
    "num_layers": 12,
    "lr": 0.05,
    "batch_size": 32,
    "opt_name": "adam",
    "img_size": 4
  }
}