epoch,loss
1,0.6931480711156671
2,0.693142522465099
3,0.6931438500230963
4,0.693140214139765
5,0.6931397752328352
6,0.693138138814406
7,0.6931351477449591
8,0.6931333975358442
9,0.6931312030011957
10,0.6931278488852761
11,0.6931229342113842
12,0.6931157762354071
13,0.6931100975383412
14,0.6931051449342207
15,0.6930979598652233
16,0.6930863423780962
17,0.6930753913792697
18,0.6930684447288513
19,0.6930497397076
20,0.6930457949638367
21,0.6930297613143921
22,0.6930151581764221
23,0.6930051391774957
24,0.6929829987612638
25,0.6929754343899813
26,0.6929602081125433
27,0.6929442557421598
28,0.6929285309531472
29,0.6929174607450311
30,0.6928989345377142
31,0.6928907036781311
32,0.692864103750749
33,0.692860180681402
34,0.6928529197519476
35,0.6928334181958978
36,0.6928261681036516
37,0.6928140466863458
38,0.6927996440367266
39,0.6927835616198453
40,0.6927724263884805
41,0.6927645369009539
42,0.6927471648563038
43,0.6927462870424445
44,0.6927307789975946
45,0.6927040056748823
46,0.69270197911696
47,0.6926940516992048
48,0.6926718679341403
49,0.6926616755398837
50,0.6926564520055597
51,0.6926521225409075
