{
  "accuracy": 0.5526315789473685,
  "precision": 0.55,
  "recall": 0.5789473684210527,
  "f1_score": 0.5641025641025641,
  "auc": 0.556786703601108,
  "training_time_sec": 45.122918367385864,
  "epochs_completed": 51,
  "config": {
    "num_layers": 3,
    "lr": 0.001,
    "batch_size": 16,
    "opt_name": "adam",
    "img_size": 64
  }
}