{
  "accuracy": 0.39473684210526316,
  "precision": 0.35714285714285715,
  "recall": 0.2631578947368421,
  "f1_score": 0.30303030303030304,
  "auc": 0.43213296398891965,
  "training_time_sec": 160.7774212360382,
  "epochs_completed": 241,
  "config": {
    "num_layers": 3,
    "lr": 0.1,
    "batch_size": 8,
    "opt_name": "adam",
    "img_size": 64
  },
  "lr_schedule": "cosine_decay"
}