{
  "accuracy": 0.8947368421052632,
  "precision": 1.0,
  "recall": 0.7894736842105263,
  "f1_score": 0.8823529411764706,
  "auc": 0.8614958448753463,
  "training_time_sec": 153.0684175491333,
  "epochs_completed": 500,
  "config": {
    "num_layers": 5,
    "lr": 0.02,
    "batch_size": 16,
    "opt_name": "adam",
    "img_size": 4
  }
}