{
  "accuracy": 0.8828125,
  "precision": 1.0,
  "recall": 0.765625,
  "f1_score": 0.8672566371681416,
  "auc": 0.922607421875,
  "best_train_loss": 0.03588032635161653,
  "training_time_sec": 5265.46288394928,
  "epochs_completed": 10000,
  "config": {
    "num_layers": 15,
    "lr": 0.05,
    "batch_size": 32,
    "img_size": 64
  }
}