{
  "accuracy": 0.5789473684210527,
  "precision": 0.5882352941176471,
  "recall": 0.5263157894736842,
  "f1_score": 0.5555555555555556,
  "auc": 0.5817174515235457,
  "training_time_sec": 204.5539197921753,
  "epochs_completed": 56,
  "config": {
    "num_layers": 20,
    "lr": 0.01,
    "batch_size": 64,
    "opt_name": "adam",
    "img_size": 32
  }
}