{
  "accuracy": 0.8828125,
  "precision": 0.9803921568627451,
  "recall": 0.78125,
  "f1_score": 0.8695652173913043,
  "auc": 0.9755859375,
  "best_train_loss": 0.08067174488678575,
  "training_time_sec": 5665.440775632858,
  "epochs_completed": 10000,
  "config": {
    "num_layers": 13,
    "lr": 0.05,
    "batch_size": 32,
    "img_size": 64
  }
}