{
  "accuracy": 0.631578947368421,
  "precision": 0.6923076923076923,
  "recall": 0.47368421052631576,
  "f1_score": 0.5625,
  "auc": 0.6509695290858726,
  "training_time_sec": 161.00267362594604,
  "epochs_completed": 148,
  "config": {
    "num_layers": 5,
    "lr": 0.001,
    "batch_size": 32,
    "opt_name": "adam",
    "img_size": 64
  },
  "lr_schedule": "cosine_decay"
}