{
  "accuracy": 0.5234375,
  "precision": 0.5306122448979592,
  "recall": 0.40625,
  "f1_score": 0.46017699115044247,
  "auc": 0.47900390625,
  "best_train_loss": 0.6184827284887433,
  "training_time_sec": 62.296645402908325,
  "epochs_completed": 1000,
  "config": {
    "num_layers": 3,
    "lr": 0.05,
    "batch_size": 16,
    "opt_name": "adam",
    "img_size": 8
  }
}