{
  "accuracy": 0.42105263157894735,
  "precision": 0.38461538461538464,
  "recall": 0.2631578947368421,
  "f1_score": 0.3125,
  "auc": 0.4903047091412742,
  "training_time_sec": 83.14207363128662,
  "epochs_completed": 121,
  "config": {
    "num_layers": 5,
    "lr": 0.01,
    "batch_size": 8,
    "opt_name": "adam",
    "img_size": 16
  },
  "lr_schedule": "cosine_decay"
}