{
  "accuracy": 0.8984375,
  "precision": 0.9811320754716981,
  "recall": 0.8125,
  "f1_score": 0.8888888888888888,
  "auc": 0.9462890625,
  "best_train_loss": 0.03953035257291049,
  "training_time_sec": 1251.2398853302002,
  "epochs_completed": 5000,
  "config": {
    "num_layers": 11,
    "lr": 0.05,
    "batch_size": 32,
    "img_size": 16
  }
}