epoch,loss
1,0.6931721766789755
2,0.6930638353029887
3,0.6929021080334982
4,0.6925869186719259
5,0.6921393275260925
6,0.6918262243270874
7,0.6915415525436401
8,0.6910453637441
9,0.6907084782918295
10,0.689934253692627
11,0.689913292725881
12,0.6898011167844137
13,0.6889165838559469
14,0.6876827875773112
15,0.6872747341791788
16,0.6868440906206766
17,0.6853209932645162
18,0.6841780344645182
19,0.6837573647499084
20,0.6825956106185913
21,0.6819922725359598
22,0.6801942984263102
23,0.6805098056793213
24,0.6792010267575582
25,0.6786251068115234
26,0.6794248223304749
27,0.6787077784538269
28,0.6771146853764852
29,0.6780496637026469
30,0.6788219412167867
31,0.6790216565132141
32,0.6774301926294962
33,0.6759487390518188
34,0.6756494442621866
35,0.6753628253936768
36,0.6733152071634928
37,0.6730217138926188
38,0.6711681683858236
39,0.6689358154932658
40,0.670238216718038
41,0.6770645578702291
42,0.6748543381690979
43,0.6725354393323263
44,0.6775014201800028
45,0.6757052342096964
46,0.6725658178329468
47,0.6808561484018961
48,0.6760868430137634
49,0.6774587233861288
50,0.6730024417241415
51,0.6695114374160767
52,0.6702089309692383
53,0.6752361257870992
54,0.6714303692181905
55,0.6671832203865051
56,0.6676545341809591
57,0.6698071161905924
58,0.6689454317092896
59,0.6633639931678772
60,0.6606681942939758
61,0.6619748671849569
62,0.6588956713676453
63,0.6601812839508057
64,0.6575775345166525
65,0.6562722325325012
66,0.6552960475285848
67,0.6553268829981486
68,0.6542558868726095
69,0.6514750123023987
70,0.6535329421361288
71,0.6507764061292013
72,0.6491854190826416
73,0.6513338287671407
74,0.6477820873260498
75,0.6475363373756409
76,0.6491608222325643
77,0.651992400487264
78,0.6477646032969157
79,0.6494387785593668
80,0.651868204275767
81,0.6522618134816488
82,0.6479951739311218
83,0.6467463771502177
84,0.6503045558929443
85,0.647404134273529
86,0.6489685773849487
87,0.6477998097737631
88,0.6546191374460856
89,0.6471350193023682
90,0.6473307013511658
91,0.6458181341489156
92,0.6472617586453756
93,0.6469987233479818
94,0.6445145606994629
95,0.6461008787155151
96,0.6422125895818075
97,0.6433488130569458
98,0.6404330333073934
99,0.6385224064191183
100,0.6363110144933065
101,0.6387738386789957
102,0.6366885701815287
103,0.633746862411499
104,0.6324755350748698
105,0.6336122155189514
106,0.6336588263511658
107,0.6304777463277181
