{
  "accuracy": 0.5078125,
  "precision": 0.5068493150684932,
  "recall": 0.578125,
  "f1_score": 0.5401459854014599,
  "auc": 0.548828125,
  "best_train_loss": 0.6710549034178257,
  "training_time_sec": 768.2737336158752,
  "epochs_completed": 1000,
  "config": {
    "num_layers": 10,
    "lr": 0.1,
    "batch_size": 32,
    "opt_name": "adam",
    "img_size": 128
  }
}