{
  "accuracy": 0.9140625,
  "precision": 0.9818181818181818,
  "recall": 0.84375,
  "f1_score": 0.907563025210084,
  "auc": 0.951416015625,
  "best_train_loss": 0.10942563763819635,
  "training_time_sec": 625.6729643344879,
  "epochs_completed": 5000,
  "config": {
    "num_layers": 4,
    "lr": 0.05,
    "batch_size": 32,
    "img_size": 32
  }
}