{
  "accuracy": 0.5263157894736842,
  "precision": 0.5238095238095238,
  "recall": 0.5789473684210527,
  "f1_score": 0.55,
  "auc": 0.5789473684210527,
  "training_time_sec": 60.94825720787048,
  "epochs_completed": 61,
  "config": {
    "num_layers": 5,
    "lr": 0.01,
    "batch_size": 16,
    "opt_name": "adam",
    "img_size": 32
  },
  "lr_schedule": "cosine_decay"
}