{
  "accuracy": 0.7105263157894737,
  "precision": 0.7857142857142857,
  "recall": 0.5789473684210527,
  "f1_score": 0.6666666666666666,
  "auc": 0.6925207756232686,
  "training_time_sec": 10206.416289567947,
  "epochs_completed": 10000,
  "config": {
    "num_layers": 20,
    "lr": 0.001,
    "batch_size": 32,
    "opt_name": "sgd",
    "img_size": 4
  }
}