{
  "accuracy": 0.5078125,
  "precision": 0.509090909090909,
  "recall": 0.4375,
  "f1_score": 0.47058823529411764,
  "auc": 0.468994140625,
  "best_train_loss": 0.5248813694342971,
  "training_time_sec": 200.28220415115356,
  "epochs_completed": 1000,
  "config": {
    "num_layers": 15,
    "lr": 0.1,
    "batch_size": 16,
    "opt_name": "adam",
    "img_size": 8
  }
}