{
  "accuracy": 0.5546875,
  "precision": 0.5573770491803278,
  "recall": 0.53125,
  "f1_score": 0.544,
  "auc": 0.539306640625,
  "best_train_loss": 0.5696556195616722,
  "training_time_sec": 13329.902443885803,
  "epochs_completed": 5000,
  "config": {
    "num_layers": 17,
    "lr": 0.05,
    "batch_size": 32,
    "opt_name": "adam",
    "img_size": 128
  }
}