{
  "accuracy": 0.7421875,
  "precision": 0.7012987012987013,
  "recall": 0.84375,
  "f1_score": 0.7659574468085106,
  "auc": 0.8203125,
  "best_train_loss": 0.4850167967379093,
  "training_time_sec": 71.02222442626953,
  "epochs_completed": 1000,
  "config": {
    "num_layers": 3,
    "lr": 0.1,
    "batch_size": 16,
    "opt_name": "adam",
    "img_size": 16
  }
}