{
  "accuracy": 0.42105263157894735,
  "precision": 0.4,
  "recall": 0.3157894736842105,
  "f1_score": 0.35294117647058826,
  "auc": 0.4265927977839335,
  "training_time_sec": 2104.575736761093,
  "epochs_completed": 944,
  "config": {
    "num_layers": 20,
    "lr": 0.01,
    "batch_size": 8,
    "opt_name": "sgd",
    "img_size": 16
  },
  "lr_schedule": "cosine_decay"
}