{
  "accuracy": 0.487012987012987,
  "precision": 0.4868421052631579,
  "recall": 0.4805194805194805,
  "f1_score": 0.48366013071895425,
  "auc": 0.46888176758306627,
  "training_time_sec": 208.79297423362732,
  "epochs_completed": 51,
  "config": {
    "num_layers": 15,
    "lr": 0.001,
    "batch_size": 64,
    "opt_name": "adam",
    "img_size": 64
  }
}