{
  "accuracy": 0.9609375,
  "precision": 1.0,
  "recall": 0.921875,
  "f1_score": 0.959349593495935,
  "auc": 0.9970703125,
  "best_train_loss": 0.1021592675242573,
  "training_time_sec": 11344.814167499542,
  "epochs_completed": 10000,
  "config": {
    "num_layers": 7,
    "lr": 0.05,
    "batch_size": 32,
    "img_size": 128
  }
}