{
  "accuracy": 0.5526315789473685,
  "precision": 0.5714285714285714,
  "recall": 0.42105263157894735,
  "f1_score": 0.48484848484848486,
  "auc": 0.5623268698060941,
  "training_time_sec": 184.78891777992249,
  "epochs_completed": 172,
  "config": {
    "num_layers": 5,
    "lr": 0.02,
    "batch_size": 8,
    "opt_name": "adam",
    "img_size": 64
  },
  "lr_schedule": "cosine_decay"
}