{
  "accuracy": 0.65625,
  "precision": 0.7083333333333334,
  "recall": 0.53125,
  "f1_score": 0.6071428571428571,
  "auc": 0.646728515625,
  "best_train_loss": 0.5437474278733134,
  "training_time_sec": 80.6735897064209,
  "epochs_completed": 1000,
  "config": {
    "num_layers": 5,
    "lr": 0.01,
    "batch_size": 16,
    "opt_name": "adam",
    "img_size": 4
  }
}