{
  "accuracy": 0.6052631578947368,
  "precision": 0.6,
  "recall": 0.631578947368421,
  "f1_score": 0.6153846153846154,
  "auc": 0.551246537396122,
  "training_time_sec": 57.064398765563965,
  "memory_usage_kb": 1527268,
  "data_loading_time_sec": 61.21815061569214,
  "num_qubits": 13,
  "num_samples_test": 38,
  "num_layers": 3
}