{
  "accuracy": 0.9453125,
  "precision": 1.0,
  "recall": 0.890625,
  "f1_score": 0.9421487603305785,
  "auc": 0.996826171875,
  "best_train_loss": 0.0921279254835099,
  "training_time_sec": 12278.420340061188,
  "epochs_completed": 10000,
  "config": {
    "num_layers": 12,
    "lr": 0.05,
    "batch_size": 32,
    "img_size": 128
  }
}