{
  "accuracy": 0.6578947368421053,
  "precision": 0.7142857142857143,
  "recall": 0.5263157894736842,
  "f1_score": 0.6060606060606061,
  "auc": 0.7146814404432132,
  "training_time_sec": 240.53002858161926,
  "epochs_completed": 204,
  "config": {
    "num_layers": 20,
    "lr": 0.02,
    "batch_size": 16,
    "opt_name": "adam",
    "img_size": 4
  }
}