{
  "accuracy": 0.47368421052631576,
  "precision": 0.4666666666666667,
  "recall": 0.3684210526315789,
  "f1_score": 0.4117647058823529,
  "auc": 0.44875346260387805,
  "training_time_sec": 61.059508323669434,
  "epochs_completed": 202,
  "config": {
    "num_layers": 1,
    "lr": 0.05,
    "batch_size": 16,
    "opt_name": "adam",
    "img_size": 64
  }
}