{
  "accuracy": 0.5526315789473685,
  "precision": 0.55,
  "recall": 0.5789473684210527,
  "f1_score": 0.5641025641025641,
  "auc": 0.6177285318559558,
  "training_time_sec": 186.05272364616394,
  "epochs_completed": 499,
  "config": {
    "num_layers": 3,
    "lr": 0.02,
    "batch_size": 64,
    "opt_name": "adam",
    "img_size": 16
  },
  "lr_schedule": "cosine_decay"
}