{
  "accuracy": 0.868421052631579,
  "precision": 0.9375,
  "recall": 0.7894736842105263,
  "f1_score": 0.8571428571428571,
  "auc": 0.9390581717451523,
  "training_time_sec": 1160.4851677417755,
  "epochs_completed": 707,
  "config": {
    "num_layers": 30,
    "lr": 0.01,
    "batch_size": 8,
    "opt_name": "adam",
    "img_size": 4
  }
}