{
  "accuracy": 0.7105263157894737,
  "precision": 0.7222222222222222,
  "recall": 0.6842105263157895,
  "f1_score": 0.7027027027027027,
  "auc": 0.736842105263158,
  "training_time_sec": 245.83123064041138,
  "epochs_completed": 292,
  "config": {
    "num_layers": 15,
    "lr": 0.01,
    "batch_size": 32,
    "opt_name": "adam",
    "img_size": 4
  }
}