{
  "accuracy": 0.453125,
  "precision": 0.45588235294117646,
  "recall": 0.484375,
  "f1_score": 0.4696969696969697,
  "auc": 0.461181640625,
  "best_train_loss": 0.6831847317516804,
  "training_time_sec": 95.25468230247498,
  "epochs_completed": 1000,
  "config": {
    "num_layers": 5,
    "lr": 0.001,
    "batch_size": 32,
    "opt_name": "adam",
    "img_size": 32
  }
}