{
  "accuracy": 0.47368421052631576,
  "precision": 0.48,
  "recall": 0.631578947368421,
  "f1_score": 0.5454545454545454,
  "auc": 0.4155124653739612,
  "training_time_sec": 435.1519422531128,
  "epochs_completed": 143,
  "config": {
    "num_layers": 15,
    "lr": 0.02,
    "batch_size": 8,
    "opt_name": "adam",
    "img_size": 64
  },
  "lr_schedule": "cosine_decay"
}