{
  "accuracy": 0.7368421052631579,
  "precision": 0.68,
  "recall": 0.8947368421052632,
  "f1_score": 0.7727272727272727,
  "auc": 0.8642659279778393,
  "training_time_sec": 2874.8716146945953,
  "epochs_completed": 10000,
  "config": {
    "num_layers": 5,
    "lr": 0.001,
    "batch_size": 32,
    "opt_name": "sgd",
    "img_size": 4
  }
}