{
  "accuracy": 0.47368421052631576,
  "precision": 0.47619047619047616,
  "recall": 0.5263157894736842,
  "f1_score": 0.5,
  "auc": 0.5069252077562327,
  "training_time_sec": 520.4037010669708,
  "epochs_completed": 258,
  "config": {
    "num_layers": 10,
    "lr": 0.05,
    "batch_size": 8,
    "opt_name": "adam",
    "img_size": 64
  }
}