epoch,loss
1,0.6931378109888597
2,0.6932693421840668
3,0.6929496120322834
4,0.6928698203780435
5,0.6927769861438058
6,0.6927874386310577
7,0.6925502446564761
8,0.6928885877132416
9,0.6928460218689658
10,0.6931950043548237
11,0.692361522804607
12,0.6928437650203705
13,0.6921939091248945
14,0.6930696612054651
15,0.6928307712078094
16,0.6930896125056527
17,0.693086943843148
18,0.692267279733311
19,0.6923491792245344
20,0.6922527524557981
21,0.6941852163184773
22,0.6925231895663522
23,0.6931570009751753
24,0.6925600875507701
25,0.6916893937370994
26,0.6934780559756539
27,0.6923982473936948
28,0.6914124922318892
29,0.6930802139368925
30,0.6934596652334387
31,0.6940953487699683
32,0.6932954435998743
33,0.6905911293896762
34,0.6916476406834342
35,0.6939038553021171
36,0.6932305883277546
37,0.6919572868130424
38,0.6930801976810802
39,0.6911278448321603
40,0.6935824182900515
41,0.6909194588661194
42,0.6918319653381001
43,0.6921756917780096
44,0.692583907734264
45,0.6933182288299907
46,0.691951800476421
47,0.6925742870027368
48,0.6909101009368896
49,0.6911282647739757
50,0.6915084936402061
51,0.6941975842822682
52,0.6893440539186652
53,0.6909851160916415
54,0.6900685781782324
55,0.6928670297969471
56,0.6909371858293359
57,0.6905433129180562
58,0.6896553039550781
59,0.6923996020447124
60,0.694928152994676
61,0.6923878545110876
62,0.6916198567910627
63,0.6913248679854653
64,0.6907901601357893
65,0.6887401640415192
66,0.6915420158342882
67,0.6905687749385834
68,0.6933672482317145
69,0.6893142353404652
70,0.6868448257446289
71,0.6918940246105194
72,0.6874120858582583
73,0.6910147314721887
74,0.6929317766969855
75,0.6912360055880113
76,0.6940394206480547
77,0.6909925558350303
78,0.6908015825531699
79,0.6872116056355563
80,0.6859499893405221
81,0.6928113482215188
82,0.6886848428032615
83,0.6937991895458915
84,0.6944786039265719
85,0.6963999244299802
86,0.6918409222906287
87,0.6933159909465096
88,0.6909780150110071
89,0.6928974823518232
90,0.6874267187985507
91,0.6901221356608651
92,0.6923199783671986
93,0.6884598244320262
94,0.6906212216073816
95,0.6892595074393533
96,0.6890308586033908
97,0.6906584474173459
98,0.6919242170724001
99,0.6898200945420698
100,0.6884466788985513
101,0.690117746591568
102,0.6923169331117109
103,0.6888838708400726
104,0.689823413437063
105,0.691220684485002
106,0.6917848830873315
107,0.6861684024333954
108,0.6893514394760132
109,0.6961794333024458
110,0.6919127160852606
111,0.6912523643537001
