{
  "accuracy": 0.4473684210526316,
  "precision": 0.4444444444444444,
  "recall": 0.42105263157894735,
  "f1_score": 0.43243243243243246,
  "auc": 0.49307479224376727,
  "training_time_sec": 476.8521065711975,
  "epochs_completed": 111,
  "config": {
    "num_layers": 20,
    "lr": 0.05,
    "batch_size": 8,
    "opt_name": "adam",
    "img_size": 64
  }
}