{
  "accuracy": 0.8984375,
  "precision": 0.9180327868852459,
  "recall": 0.875,
  "f1_score": 0.896,
  "auc": 0.94140625,
  "best_train_loss": 0.023718101147096604,
  "training_time_sec": 1795.232747554779,
  "epochs_completed": 5000,
  "config": {
    "num_layers": 14,
    "lr": 0.05,
    "batch_size": 32,
    "img_size": 16
  }
}