{
  "accuracy": 0.890625,
  "precision": 0.9629629629629629,
  "recall": 0.8125,
  "f1_score": 0.8813559322033898,
  "auc": 0.958740234375,
  "best_train_loss": 0.12581543950363994,
  "training_time_sec": 178.86308693885803,
  "epochs_completed": 5000,
  "config": {
    "num_layers": 3,
    "lr": 0.05,
    "batch_size": 32,
    "img_size": 16
  }
}