{
  "accuracy": 0.6578947368421053,
  "precision": 0.6875,
  "recall": 0.5789473684210527,
  "f1_score": 0.6285714285714286,
  "auc": 0.6121883656509695,
  "training_time_sec": 121.43273878097534,
  "epochs_completed": 179,
  "config": {
    "num_layers": 3,
    "lr": 0.02,
    "batch_size": 16,
    "opt_name": "adam",
    "img_size": 64
  },
  "lr_schedule": "cosine_decay"
}