{
  "accuracy": 0.9140625,
  "precision": 0.9818181818181818,
  "recall": 0.84375,
  "f1_score": 0.907563025210084,
  "auc": 0.962890625,
  "best_train_loss": 0.4386530453339219,
  "training_time_sec": 120.3616874217987,
  "epochs_completed": 1000,
  "config": {
    "num_layers": 7,
    "lr": 0.001,
    "batch_size": 16,
    "opt_name": "adam",
    "img_size": 16
  }
}