{
  "accuracy": 0.5,
  "precision": 0.5,
  "recall": 0.45454545454545453,
  "f1_score": 0.47619047619047616,
  "auc": 0.5614774835554055,
  "training_time_sec": 492.6319146156311,
  "epochs_completed": 244,
  "config": {
    "num_layers": 7,
    "lr": 0.05,
    "batch_size": 8,
    "opt_name": "adam",
    "img_size": 64
  }
}