{
  "accuracy": 0.9453125,
  "precision": 0.9830508474576272,
  "recall": 0.90625,
  "f1_score": 0.943089430894309,
  "auc": 0.9912109375,
  "best_train_loss": 0.13646663073450327,
  "training_time_sec": 84.53898096084595,
  "epochs_completed": 1000,
  "config": {
    "num_layers": 7,
    "lr": 0.05,
    "batch_size": 32,
    "opt_name": "adam",
    "img_size": 16
  }
}