{
  "accuracy": 0.3684210526315789,
  "precision": 0.3333333333333333,
  "recall": 0.2631578947368421,
  "f1_score": 0.29411764705882354,
  "auc": 0.4099722991689751,
  "training_time_sec": 975.8419647216797,
  "epochs_completed": 453,
  "config": {
    "num_layers": 20,
    "lr": 0.1,
    "batch_size": 32,
    "opt_name": "sgd",
    "img_size": 16
  },
  "lr_schedule": "cosine_decay"
}