{
  "accuracy": 0.5,
  "precision": 0.5,
  "recall": 0.515625,
  "f1_score": 0.5076923076923077,
  "auc": 0.50146484375,
  "best_train_loss": 0.5896045416593552,
  "training_time_sec": 95.43437004089355,
  "epochs_completed": 1000,
  "config": {
    "num_layers": 7,
    "lr": 0.1,
    "batch_size": 64,
    "opt_name": "adam",
    "img_size": 32
  }
}