epoch,loss
1,0.6931400001049042
2,0.6931314567724863
3,0.693082461754481
4,0.6930470665295919
5,0.6930292447408041
6,0.6930384437243143
7,0.6929850975672404
8,0.6929650008678436
9,0.6929478049278259
10,0.6928968926270803
11,0.6928412218888601
12,0.6928480863571167
13,0.6927424073219299
14,0.6927420000235239
15,0.6925776203473409
16,0.6924686233202616
17,0.692468116680781
18,0.6924634476502737
19,0.692374457915624
20,0.6922793984413147
21,0.6920466224352518
22,0.6920921504497528
23,0.6918834249178568
24,0.6916981836160024
25,0.6917926073074341
26,0.6919460495313009
27,0.691628654797872
28,0.6917499005794525
29,0.69160063068072
30,0.6912665665149689
31,0.6913637419541677
32,0.6913019021352133
33,0.6910796264807383
34,0.6911724805831909
35,0.6906820635000864
36,0.6912229855855306
37,0.6909101804097494
38,0.6908181210358938
39,0.6907203197479248
40,0.6906068424383799
41,0.6905216872692108
42,0.6904479364554087
43,0.6907588541507721
44,0.6904347042242686
45,0.6899088422457377
46,0.689875970284144
47,0.6902472277482351
48,0.6898066997528076
49,0.6899879972139994
50,0.6896559099356333
51,0.6895775198936462
