{
  "accuracy": 0.47368421052631576,
  "precision": 0.46153846153846156,
  "recall": 0.3157894736842105,
  "f1_score": 0.375,
  "auc": 0.6094182825484764,
  "training_time_sec": 197.1331558227539,
  "epochs_completed": 134,
  "config": {
    "num_layers": 7,
    "lr": 0.05,
    "batch_size": 16,
    "opt_name": "adam",
    "img_size": 64
  },
  "lr_schedule": "cosine_decay"
}