{
  "accuracy": 0.525974025974026,
  "precision": 0.5362318840579711,
  "recall": 0.4805194805194805,
  "f1_score": 0.5068493150684932,
  "auc": 0.5419126328217237,
  "training_time_sec": 341.54945278167725,
  "epochs_completed": 90,
  "config": {
    "num_layers": 15,
    "lr": 0.02,
    "batch_size": 16,
    "opt_name": "adam",
    "img_size": 64
  }
}