{
  "accuracy": 0.46875,
  "precision": 0.46774193548387094,
  "recall": 0.453125,
  "f1_score": 0.4603174603174603,
  "auc": 0.485595703125,
  "best_train_loss": 0.5916594862937927,
  "training_time_sec": 152.93830847740173,
  "epochs_completed": 1000,
  "config": {
    "num_layers": 20,
    "lr": 0.01,
    "batch_size": 64,
    "opt_name": "adam",
    "img_size": 32
  }
}