{
  "accuracy": 0.1953125,
  "precision": 1.0,
  "recall": 0.390625,
  "f1_score": 0.5617977528089888,
  "auc": 0.390625,
  "best_train_loss": 0.5952207930386066,
  "training_time_sec": 4092.393232822418,
  "epochs_completed": 3000,
  "config": {
    "num_layers": 17,
    "lr": 0.05,
    "batch_size": 32,
    "opt_name": "adam",
    "img_size": 64
  }
}