{
  "accuracy": 0.5,
  "precision": 0.5,
  "recall": 0.5584415584415584,
  "f1_score": 0.5276073619631901,
  "auc": 0.473435655253837,
  "training_time_sec": 387.33735871315,
  "epochs_completed": 51,
  "config": {
    "num_layers": 20,
    "lr": 0.01,
    "batch_size": 32,
    "opt_name": "sgd",
    "img_size": 64
  }
}