{
  "accuracy": 0.90625,
  "precision": 0.9642857142857143,
  "recall": 0.84375,
  "f1_score": 0.9,
  "auc": 0.98291015625,
  "best_train_loss": 0.11670740530826151,
  "training_time_sec": 3323.192194700241,
  "epochs_completed": 5000,
  "config": {
    "num_layers": 19,
    "lr": 0.05,
    "batch_size": 32,
    "img_size": 64
  }
}