{
  "accuracy": 0.5584415584415584,
  "precision": 0.5671641791044776,
  "recall": 0.4935064935064935,
  "f1_score": 0.5277777777777778,
  "auc": 0.5567549333783101,
  "training_time_sec": 172.47921323776245,
  "epochs_completed": 124,
  "config": {
    "num_layers": 5,
    "lr": 0.05,
    "batch_size": 32,
    "opt_name": "adam",
    "img_size": 64
  }
}