{
  "accuracy": 0.8157894736842105,
  "precision": 0.875,
  "recall": 0.7368421052631579,
  "f1_score": 0.8,
  "auc": 0.8614958448753463,
  "training_time_sec": 3962.4659309387207,
  "epochs_completed": 2632,
  "config": {
    "num_layers": 30,
    "lr": 0.02,
    "batch_size": 64,
    "opt_name": "sgd",
    "img_size": 4
  }
}