{
  "accuracy": 0.5546875,
  "precision": 0.5538461538461539,
  "recall": 0.5625,
  "f1_score": 0.5581395348837209,
  "auc": 0.59326171875,
  "best_train_loss": 0.6331366710364819,
  "training_time_sec": 76.39544439315796,
  "epochs_completed": 1000,
  "config": {
    "num_layers": 3,
    "lr": 0.01,
    "batch_size": 32,
    "opt_name": "adam",
    "img_size": 32
  }
}