{
  "accuracy": 0.5,
  "precision": 0.5,
  "recall": 0.47368421052631576,
  "f1_score": 0.4864864864864865,
  "auc": 0.5318559556786704,
  "training_time_sec": 54.555957555770874,
  "epochs_completed": 56,
  "config": {
    "num_layers": 5,
    "lr": 0.02,
    "batch_size": 32,
    "opt_name": "adam",
    "img_size": 32
  },
  "lr_schedule": "cosine_decay"
}