{
  "accuracy": 0.671875,
  "precision": 0.7619047619047619,
  "recall": 0.5,
  "f1_score": 0.6037735849056604,
  "auc": 0.607666015625,
  "best_train_loss": 0.5237896479666233,
  "training_time_sec": 36.50504159927368,
  "epochs_completed": 1000,
  "config": {
    "num_layers": 5,
    "lr": 0.1,
    "batch_size": 32,
    "opt_name": "adam",
    "img_size": 4
  }
}