{
  "accuracy": 0.6052631578947368,
  "precision": 0.6111111111111112,
  "recall": 0.5789473684210527,
  "f1_score": 0.5945945945945946,
  "auc": 0.5623268698060941,
  "training_time_sec": 472.424507856369,
  "epochs_completed": 156,
  "config": {
    "num_layers": 15,
    "lr": 0.02,
    "batch_size": 32,
    "opt_name": "adam",
    "img_size": 64
  }
}