{
  "accuracy": 0.46875,
  "precision": 0.46296296296296297,
  "recall": 0.390625,
  "f1_score": 0.423728813559322,
  "auc": 0.443115234375,
  "best_train_loss": 0.5271570384502411,
  "training_time_sec": 185.40925073623657,
  "epochs_completed": 1000,
  "config": {
    "num_layers": 20,
    "lr": 0.05,
    "batch_size": 64,
    "opt_name": "adam",
    "img_size": 32
  }
}