{
  "accuracy": 0.5789473684210527,
  "precision": 0.5882352941176471,
  "recall": 0.5263157894736842,
  "f1_score": 0.5555555555555556,
  "auc": 0.5983379501385042,
  "training_time_sec": 801.893709897995,
  "epochs_completed": 185,
  "config": {
    "num_layers": 30,
    "lr": 0.05,
    "batch_size": 32,
    "opt_name": "adam",
    "img_size": 32
  }
}