{
  "accuracy": 0.4473684210526316,
  "precision": 0.4444444444444444,
  "recall": 0.42105263157894735,
  "f1_score": 0.43243243243243246,
  "auc": 0.551246537396122,
  "training_time_sec": 66157.64804911613,
  "memory_usage_kb": 951652,
  "data_loading_time_sec": 66160.3774971962,
  "num_qubits": 7,
  "num_samples_test": 38,
  "num_layers": 5
}