{
  "accuracy": 0.4765625,
  "precision": 0.47619047619047616,
  "recall": 0.46875,
  "f1_score": 0.47244094488188976,
  "auc": 0.435546875,
  "best_train_loss": 0.6515902057290077,
  "training_time_sec": 443.07735991477966,
  "epochs_completed": 1000,
  "config": {
    "num_layers": 5,
    "lr": 0.05,
    "batch_size": 32,
    "opt_name": "adam",
    "img_size": 128
  }
}