{
  "accuracy": 0.6842105263157895,
  "precision": 0.7333333333333333,
  "recall": 0.5789473684210527,
  "f1_score": 0.6470588235294118,
  "auc": 0.7063711911357341,
  "training_time_sec": 185.45685386657715,
  "epochs_completed": 270,
  "config": {
    "num_layers": 12,
    "lr": 0.02,
    "batch_size": 16,
    "opt_name": "adam",
    "img_size": 4
  }
}