{
  "accuracy": 0.631578947368421,
  "precision": 0.65,
  "recall": 0.6842105263157895,
  "f1_score": 0.6666666666666666,
  "auc": 0.6565096952908587,
  "training_time_sec": 825.7389533519745,
  "epochs_completed": 5020,
  "config": {
    "num_layers": 1,
    "lr": 0.001,
    "batch_size": 64,
    "opt_name": "adam",
    "img_size": 16
  },
  "lr_schedule": "cosine_decay"
}