{
  "accuracy": 0.6842105263157895,
  "precision": 0.7058823529411765,
  "recall": 0.631578947368421,
  "f1_score": 0.6666666666666666,
  "auc": 0.703601108033241,
  "training_time_sec": 1265.8843576908112,
  "epochs_completed": 1531,
  "config": {
    "num_layers": 15,
    "lr": 0.02,
    "batch_size": 8,
    "opt_name": "sgd",
    "img_size": 4
  }
}