{
  "accuracy": 0.484375,
  "precision": 0.484375,
  "recall": 0.484375,
  "f1_score": 0.484375,
  "auc": 0.4765625,
  "best_train_loss": 0.6139695383608341,
  "training_time_sec": 143.6722297668457,
  "epochs_completed": 1000,
  "config": {
    "num_layers": 4,
    "lr": 0.05,
    "batch_size": 32,
    "opt_name": "adam",
    "img_size": 16
  }
}