{
  "accuracy": 0.5064935064935064,
  "precision": 0.5081967213114754,
  "recall": 0.4025974025974026,
  "f1_score": 0.4492753623188406,
  "auc": 0.5444425704165964,
  "training_time_sec": 182.75949907302856,
  "epochs_completed": 149,
  "config": {
    "num_layers": 5,
    "lr": 0.01,
    "batch_size": 32,
    "opt_name": "adam",
    "img_size": 64
  }
}