{
  "accuracy": 0.6875,
  "precision": 0.7068965517241379,
  "recall": 0.640625,
  "f1_score": 0.6721311475409836,
  "auc": 0.76171875,
  "best_train_loss": 0.570815846323967,
  "training_time_sec": 75.15953993797302,
  "epochs_completed": 1000,
  "config": {
    "num_layers": 7,
    "lr": 0.01,
    "batch_size": 32,
    "opt_name": "adam",
    "img_size": 4
  }
}