{
  "accuracy": 0.5526315789473685,
  "precision": 0.5454545454545454,
  "recall": 0.631578947368421,
  "f1_score": 0.5853658536585366,
  "auc": 0.6869806094182825,
  "training_time_sec": 896.5224242210388,
  "epochs_completed": 10000,
  "config": {
    "num_layers": 1,
    "lr": 0.01,
    "batch_size": 64,
    "opt_name": "sgd",
    "img_size": 4
  }
}