{
  "accuracy": 0.8984375,
  "precision": 0.9636363636363636,
  "recall": 0.828125,
  "f1_score": 0.8907563025210085,
  "auc": 0.94287109375,
  "best_train_loss": 0.19071277976036072,
  "training_time_sec": 382.2853970527649,
  "epochs_completed": 5000,
  "config": {
    "num_layers": 2,
    "lr": 0.05,
    "batch_size": 32,
    "img_size": 32
  }
}