{
  "accuracy": 0.551948051948052,
  "precision": 0.5512820512820513,
  "recall": 0.5584415584415584,
  "f1_score": 0.5548387096774193,
  "auc": 0.5832349468713105,
  "training_time_sec": 306.2819893360138,
  "epochs_completed": 76,
  "config": {
    "num_layers": 15,
    "lr": 0.02,
    "batch_size": 64,
    "opt_name": "adam",
    "img_size": 64
  }
}