{
  "accuracy": 0.34210526315789475,
  "precision": 0.3125,
  "recall": 0.2631578947368421,
  "f1_score": 0.2857142857142857,
  "auc": 0.41274238227146814,
  "training_time_sec": 24.675487518310547,
  "epochs_completed": 51,
  "config": {
    "num_layers": 2,
    "lr": 0.05,
    "batch_size": 64,
    "opt_name": "adam",
    "img_size": 32
  },
  "lr_schedule": "cosine_decay"
}