{
  "accuracy": 0.6298701298701299,
  "precision": 0.65625,
  "recall": 0.5454545454545454,
  "f1_score": 0.5957446808510638,
  "auc": 0.7105751391465678,
  "training_time_sec": 409.60706090927124,
  "epochs_completed": 162,
  "config": {
    "num_layers": 10,
    "lr": 0.02,
    "batch_size": 8,
    "opt_name": "adam",
    "img_size": 64
  }
}