{
  "accuracy": 0.921875,
  "precision": 0.9655172413793104,
  "recall": 0.875,
  "f1_score": 0.9180327868852459,
  "auc": 0.955810546875,
  "best_train_loss": 0.04927636461798102,
  "training_time_sec": 1897.8203353881836,
  "epochs_completed": 10000,
  "config": {
    "num_layers": 9,
    "lr": 0.05,
    "batch_size": 32,
    "img_size": 32
  }
}