{
  "accuracy": 0.5,
  "precision": 0.5,
  "recall": 0.5789473684210527,
  "f1_score": 0.5365853658536586,
  "auc": 0.5096952908587258,
  "training_time_sec": 294.71399664878845,
  "epochs_completed": 276,
  "config": {
    "num_layers": 7,
    "lr": 0.1,
    "batch_size": 16,
    "opt_name": "adam",
    "img_size": 32
  },
  "lr_schedule": "cosine_decay"
}