{
  "accuracy": 0.7368421052631579,
  "precision": 0.8,
  "recall": 0.631578947368421,
  "f1_score": 0.7058823529411765,
  "auc": 0.7119113573407202,
  "training_time_sec": 10236.17381811142,
  "epochs_completed": 10000,
  "config": {
    "num_layers": 20,
    "lr": 0.001,
    "batch_size": 64,
    "opt_name": "sgd",
    "img_size": 4
  }
}