{
  "accuracy": 0.859375,
  "precision": 0.96,
  "recall": 0.75,
  "f1_score": 0.8421052631578947,
  "auc": 0.92578125,
  "best_train_loss": 0.19260726077482104,
  "training_time_sec": 139.14724445343018,
  "epochs_completed": 5000,
  "config": {
    "num_layers": 2,
    "lr": 0.05,
    "batch_size": 32,
    "img_size": 16
  }
}