{
  "accuracy": 0.6842105263157895,
  "precision": 0.7058823529411765,
  "recall": 0.631578947368421,
  "f1_score": 0.6666666666666666,
  "auc": 0.6980609418282548,
  "training_time_sec": 153.45162510871887,
  "epochs_completed": 174,
  "config": {
    "num_layers": 15,
    "lr": 0.05,
    "batch_size": 16,
    "opt_name": "adam",
    "img_size": 4
  }
}