{
  "accuracy": 0.5454545454545454,
  "precision": 0.5466666666666666,
  "recall": 0.5324675324675324,
  "f1_score": 0.5394736842105263,
  "auc": 0.5889694720863552,
  "training_time_sec": 679.2748284339905,
  "epochs_completed": 179,
  "config": {
    "num_layers": 15,
    "lr": 0.01,
    "batch_size": 8,
    "opt_name": "adam",
    "img_size": 64
  }
}