{
  "accuracy": 0.5078125,
  "precision": 0.5076923076923077,
  "recall": 0.515625,
  "f1_score": 0.5116279069767442,
  "auc": 0.5185546875,
  "best_train_loss": 0.6810985617339611,
  "training_time_sec": 533.7468812465668,
  "epochs_completed": 1000,
  "config": {
    "num_layers": 20,
    "lr": 0.001,
    "batch_size": 32,
    "opt_name": "adam",
    "img_size": 64
  }
}