{
  "accuracy": 0.7631578947368421,
  "precision": 0.75,
  "recall": 0.7894736842105263,
  "f1_score": 0.7692307692307693,
  "auc": 0.8199445983379501,
  "training_time_sec": 120.48054933547974,
  "epochs_completed": 135,
  "config": {
    "num_layers": 7,
    "lr": 0.1,
    "batch_size": 16,
    "opt_name": "adam",
    "img_size": 16
  },
  "lr_schedule": "cosine_decay"
}