{
  "accuracy": 0.4805194805194805,
  "precision": 0.4838709677419355,
  "recall": 0.5844155844155844,
  "f1_score": 0.5294117647058824,
  "auc": 0.4516781919379322,
  "training_time_sec": 109.77904725074768,
  "epochs_completed": 51,
  "config": {
    "num_layers": 7,
    "lr": 0.01,
    "batch_size": 64,
    "opt_name": "sgd",
    "img_size": 64
  }
}