{
  "accuracy": 0.5703125,
  "precision": 0.5671641791044776,
  "recall": 0.59375,
  "f1_score": 0.5801526717557252,
  "auc": 0.58984375,
  "best_train_loss": 0.6109148189425468,
  "training_time_sec": 13060.337898731232,
  "epochs_completed": 5000,
  "config": {
    "num_layers": 20,
    "lr": 0.05,
    "batch_size": 32,
    "opt_name": "adam",
    "img_size": 128
  }
}