{
  "accuracy": 0.7109375,
  "precision": 0.7547169811320755,
  "recall": 0.625,
  "f1_score": 0.6837606837606838,
  "auc": 0.72802734375,
  "best_train_loss": 0.5717161661013961,
  "training_time_sec": 104.55002570152283,
  "epochs_completed": 1000,
  "config": {
    "num_layers": 7,
    "lr": 0.01,
    "batch_size": 16,
    "opt_name": "adam",
    "img_size": 4
  }
}