{
  "accuracy": 0.6640625,
  "precision": 0.6779661016949152,
  "recall": 0.625,
  "f1_score": 0.6504065040650406,
  "auc": 0.6630859375,
  "best_train_loss": 0.4498077854514122,
  "training_time_sec": 340.07828664779663,
  "epochs_completed": 5000,
  "config": {
    "num_layers": 6,
    "lr": 0.05,
    "batch_size": 32,
    "opt_name": "adam",
    "img_size": 8
  }
}