{
  "accuracy": 0.5625,
  "precision": 0.5625,
  "recall": 0.5625,
  "f1_score": 0.5625,
  "auc": 0.541259765625,
  "best_train_loss": 0.5218648090958595,
  "training_time_sec": 78.58140802383423,
  "epochs_completed": 1000,
  "config": {
    "num_layers": 10,
    "lr": 0.1,
    "batch_size": 64,
    "opt_name": "adam",
    "img_size": 16
  }
}