{
  "accuracy": 0.5526315789473685,
  "precision": 0.5625,
  "recall": 0.47368421052631576,
  "f1_score": 0.5142857142857142,
  "auc": 0.5290858725761773,
  "training_time_sec": 269.4305417537689,
  "epochs_completed": 128,
  "config": {
    "num_layers": 10,
    "lr": 0.001,
    "batch_size": 8,
    "opt_name": "adam",
    "img_size": 64
  },
  "lr_schedule": "cosine_decay"
}