{
  "accuracy": 0.2734375,
  "precision": 1.0,
  "recall": 0.546875,
  "f1_score": 0.7070707070707071,
  "auc": 0.546875,
  "best_train_loss": 0.6685214601457119,
  "training_time_sec": 6828.40793633461,
  "epochs_completed": 3000,
  "config": {
    "num_layers": 13,
    "lr": 0.05,
    "batch_size": 32,
    "opt_name": "adam",
    "img_size": 128
  }
}