{
  "accuracy": 0.631578947368421,
  "precision": 0.6666666666666666,
  "recall": 0.5263157894736842,
  "f1_score": 0.5882352941176471,
  "auc": 0.631578947368421,
  "training_time_sec": 207.1331067085266,
  "epochs_completed": 191,
  "config": {
    "num_layers": 5,
    "lr": 0.02,
    "batch_size": 16,
    "opt_name": "adam",
    "img_size": 64
  }
}