{
  "accuracy": 0.625,
  "precision": 0.6290322580645161,
  "recall": 0.609375,
  "f1_score": 0.6190476190476191,
  "auc": 0.676025390625,
  "best_train_loss": 0.5988441109657288,
  "training_time_sec": 657.4026091098785,
  "epochs_completed": 5000,
  "config": {
    "num_layers": 15,
    "lr": 0.05,
    "batch_size": 32,
    "opt_name": "adam",
    "img_size": 4
  }
}