{
  "accuracy": 0.868421052631579,
  "precision": 0.9375,
  "recall": 0.7894736842105263,
  "f1_score": 0.8571428571428571,
  "auc": 0.9335180055401662,
  "training_time_sec": 356.0695595741272,
  "epochs_completed": 211,
  "config": {
    "num_layers": 30,
    "lr": 0.05,
    "batch_size": 32,
    "opt_name": "adam",
    "img_size": 4
  }
}