{
  "accuracy": 0.5703125,
  "precision": 0.5714285714285714,
  "recall": 0.5625,
  "f1_score": 0.5669291338582677,
  "auc": 0.59619140625,
  "best_train_loss": 0.6296973703429103,
  "training_time_sec": 107.29165863990784,
  "epochs_completed": 1000,
  "config": {
    "num_layers": 10,
    "lr": 0.001,
    "batch_size": 16,
    "opt_name": "adam",
    "img_size": 4
  }
}