{
  "accuracy": 0.8671875,
  "precision": 0.9607843137254902,
  "recall": 0.765625,
  "f1_score": 0.8521739130434782,
  "auc": 0.9423828125,
  "best_train_loss": 0.036176776979118586,
  "training_time_sec": 1969.839183330536,
  "epochs_completed": 5000,
  "config": {
    "num_layers": 20,
    "lr": 0.05,
    "batch_size": 32,
    "img_size": 32
  }
}