{
  "accuracy": 0.890625,
  "precision": 0.9629629629629629,
  "recall": 0.8125,
  "f1_score": 0.8813559322033898,
  "auc": 0.929443359375,
  "best_train_loss": 0.5032687019556761,
  "training_time_sec": 167.32409620285034,
  "epochs_completed": 1000,
  "config": {
    "num_layers": 15,
    "lr": 0.001,
    "batch_size": 32,
    "opt_name": "adam",
    "img_size": 16
  }
}