{
  "accuracy": 0.5526315789473685,
  "precision": 0.5357142857142857,
  "recall": 0.7894736842105263,
  "f1_score": 0.6382978723404256,
  "auc": 0.554016620498615,
  "training_time_sec": 37.957730531692505,
  "epochs_completed": 118,
  "config": {
    "num_layers": 2,
    "lr": 0.01,
    "batch_size": 16,
    "opt_name": "adam",
    "img_size": 16
  },
  "lr_schedule": "cosine_decay"
}