{
  "accuracy": 0.8157894736842105,
  "precision": 0.875,
  "recall": 0.7368421052631579,
  "f1_score": 0.8,
  "auc": 0.853185595567867,
  "training_time_sec": 3073.852090358734,
  "epochs_completed": 2010,
  "config": {
    "num_layers": 30,
    "lr": 0.01,
    "batch_size": 32,
    "opt_name": "sgd",
    "img_size": 4
  }
}