{
  "accuracy": 0.8984375,
  "precision": 1.0,
  "recall": 0.796875,
  "f1_score": 0.8869565217391304,
  "auc": 0.9658203125,
  "best_train_loss": 0.12195759918540716,
  "training_time_sec": 2238.874943971634,
  "epochs_completed": 10000,
  "config": {
    "num_layers": 2,
    "lr": 0.05,
    "batch_size": 32,
    "img_size": 32
  }
}