{
  "accuracy": 0.7894736842105263,
  "precision": 0.9230769230769231,
  "recall": 0.631578947368421,
  "f1_score": 0.75,
  "auc": 0.7617728531855955,
  "training_time_sec": 1108.0927996635437,
  "epochs_completed": 5705,
  "config": {
    "num_layers": 3,
    "lr": 0.01,
    "batch_size": 16,
    "opt_name": "sgd",
    "img_size": 4
  }
}