{
  "accuracy": 0.47368421052631576,
  "precision": 0.47619047619047616,
  "recall": 0.5263157894736842,
  "f1_score": 0.5,
  "auc": 0.4099722991689751,
  "training_time_sec": 9.784557104110718,
  "epochs_completed": 51,
  "config": {
    "num_layers": 2,
    "lr": 0.02,
    "batch_size": 32,
    "opt_name": "adam",
    "img_size": 4
  }
}