{
  "accuracy": 0.7631578947368421,
  "precision": 1.0,
  "recall": 0.5263157894736842,
  "f1_score": 0.6896551724137931,
  "auc": 0.8199445983379501,
  "training_time_sec": 111.68416213989258,
  "epochs_completed": 256,
  "config": {
    "num_layers": 7,
    "lr": 0.02,
    "batch_size": 8,
    "opt_name": "adam",
    "img_size": 4
  }
}