{
  "accuracy": 0.2734375,
  "precision": 1.0,
  "recall": 0.546875,
  "f1_score": 0.7070707070707071,
  "auc": 0.546875,
  "best_train_loss": 0.5991003178060055,
  "training_time_sec": 1620.354127407074,
  "epochs_completed": 3000,
  "config": {
    "num_layers": 6,
    "lr": 0.05,
    "batch_size": 32,
    "opt_name": "adam",
    "img_size": 64
  }
}