{
  "accuracy": 0.5,
  "precision": 0.5,
  "recall": 0.4805194805194805,
  "f1_score": 0.4900662251655629,
  "auc": 0.49637375611401585,
  "training_time_sec": 38.82480597496033,
  "epochs_completed": 51,
  "config": {
    "num_layers": 2,
    "lr": 0.05,
    "batch_size": 8,
    "opt_name": "sgd",
    "img_size": 64
  }
}