{
  "accuracy": 0.7368421052631579,
  "precision": 0.8461538461538461,
  "recall": 0.5789473684210527,
  "f1_score": 0.6875,
  "auc": 0.7229916897506925,
  "training_time_sec": 85.35751557350159,
  "epochs_completed": 432,
  "config": {
    "num_layers": 3,
    "lr": 0.05,
    "batch_size": 64,
    "opt_name": "adam",
    "img_size": 4
  }
}