{
  "accuracy": 0.484375,
  "precision": 0.4852941176470588,
  "recall": 0.515625,
  "f1_score": 0.5,
  "auc": 0.518798828125,
  "best_train_loss": 0.6090236362069845,
  "training_time_sec": 472.93810749053955,
  "epochs_completed": 1000,
  "config": {
    "num_layers": 20,
    "lr": 0.05,
    "batch_size": 16,
    "opt_name": "adam",
    "img_size": 64
  }
}