{
  "accuracy": 0.265625,
  "precision": 1.0,
  "recall": 0.53125,
  "f1_score": 0.6938775510204082,
  "auc": 0.53125,
  "best_train_loss": 0.6236914470791817,
  "training_time_sec": 694.4563226699829,
  "epochs_completed": 3000,
  "config": {
    "num_layers": 4,
    "lr": 0.05,
    "batch_size": 32,
    "opt_name": "adam",
    "img_size": 16
  }
}