{
  "accuracy": 0.4375,
  "precision": 0.44285714285714284,
  "recall": 0.484375,
  "f1_score": 0.4626865671641791,
  "auc": 0.4541015625,
  "best_train_loss": 0.6043942868709564,
  "training_time_sec": 5310.714884757996,
  "epochs_completed": 5000,
  "config": {
    "num_layers": 8,
    "lr": 0.05,
    "batch_size": 32,
    "opt_name": "adam",
    "img_size": 128
  }
}