{
  "accuracy": 0.7109375,
  "precision": 0.6708860759493671,
  "recall": 0.828125,
  "f1_score": 0.7412587412587412,
  "auc": 0.823486328125,
  "best_train_loss": 0.5189159289002419,
  "training_time_sec": 46.85851860046387,
  "epochs_completed": 1000,
  "config": {
    "num_layers": 3,
    "lr": 0.01,
    "batch_size": 32,
    "opt_name": "adam",
    "img_size": 16
  }
}