{
  "accuracy": 0.484375,
  "precision": 0.4857142857142857,
  "recall": 0.53125,
  "f1_score": 0.5074626865671642,
  "auc": 0.5029296875,
  "best_train_loss": 0.5643813721835613,
  "training_time_sec": 217.31664299964905,
  "epochs_completed": 1000,
  "config": {
    "num_layers": 20,
    "lr": 0.05,
    "batch_size": 16,
    "opt_name": "adam",
    "img_size": 8
  }
}