{
  "accuracy": 0.9375,
  "precision": 1.0,
  "recall": 0.875,
  "f1_score": 0.9333333333333333,
  "auc": 0.875,
  "best_train_loss": 0.3801772128790617,
  "training_time_sec": 1170.6833217144012,
  "epochs_completed": 3000,
  "config": {
    "num_layers": 20,
    "lr": 0.05,
    "batch_size": 32,
    "opt_name": "adam",
    "img_size": 8
  }
}