{
  "accuracy": 0.484375,
  "precision": 0.4857142857142857,
  "recall": 0.53125,
  "f1_score": 0.5074626865671642,
  "auc": 0.498291015625,
  "best_train_loss": 0.5687918998301029,
  "training_time_sec": 15400.76604795456,
  "epochs_completed": 5000,
  "config": {
    "num_layers": 18,
    "lr": 0.05,
    "batch_size": 32,
    "opt_name": "adam",
    "img_size": 128
  }
}