{
  "accuracy": 0.4473684210526316,
  "precision": 0.4583333333333333,
  "recall": 0.5789473684210527,
  "f1_score": 0.5116279069767442,
  "auc": 0.4792243767313019,
  "training_time_sec": 2177.7311770915985,
  "epochs_completed": 1033,
  "config": {
    "num_layers": 20,
    "lr": 0.001,
    "batch_size": 64,
    "opt_name": "adam",
    "img_size": 16
  },
  "lr_schedule": "cosine_decay"
}