{
  "accuracy": 0.5546875,
  "precision": 0.5522388059701493,
  "recall": 0.578125,
  "f1_score": 0.5648854961832062,
  "auc": 0.631591796875,
  "best_train_loss": 0.6599226780235767,
  "training_time_sec": 1457.4120903015137,
  "epochs_completed": 1000,
  "config": {
    "num_layers": 20,
    "lr": 0.01,
    "batch_size": 32,
    "opt_name": "adam",
    "img_size": 128
  }
}