{
  "accuracy": 0.5263157894736842,
  "precision": 0.52,
  "recall": 0.6842105263157895,
  "f1_score": 0.5909090909090909,
  "auc": 0.7202216066481995,
  "training_time_sec": 1168.808262348175,
  "epochs_completed": 2079,
  "config": {
    "num_layers": 10,
    "lr": 0.01,
    "batch_size": 8,
    "opt_name": "sgd",
    "img_size": 4
  }
}