{
  "accuracy": 0.8984375,
  "precision": 0.9636363636363636,
  "recall": 0.828125,
  "f1_score": 0.8907563025210085,
  "auc": 0.9140625,
  "best_train_loss": 0.0022315383503155317,
  "training_time_sec": 868.0792665481567,
  "epochs_completed": 5000,
  "config": {
    "num_layers": 19,
    "lr": 0.05,
    "batch_size": 32,
    "img_size": 16
  }
}