{
  "accuracy": 0.9375,
  "precision": 1.0,
  "recall": 0.875,
  "f1_score": 0.9333333333333333,
  "auc": 0.968017578125,
  "best_train_loss": 0.005460512737045065,
  "training_time_sec": 23625.434107542038,
  "epochs_completed": 10000,
  "config": {
    "num_layers": 16,
    "lr": 0.05,
    "batch_size": 32,
    "img_size": 128
  }
}