{
  "accuracy": 0.8421052631578947,
  "precision": 0.8823529411764706,
  "recall": 0.7894736842105263,
  "f1_score": 0.8333333333333334,
  "auc": 0.8614958448753463,
  "training_time_sec": 724.9237298965454,
  "epochs_completed": 440,
  "config": {
    "num_layers": 15,
    "lr": 0.01,
    "batch_size": 16,
    "opt_name": "adam",
    "img_size": 16
  },
  "lr_schedule": "cosine_decay"
}