{
  "accuracy": 0.7105263157894737,
  "precision": 0.9,
  "recall": 0.47368421052631576,
  "f1_score": 0.6206896551724138,
  "auc": 0.7922437673130194,
  "training_time_sec": 171.03392815589905,
  "epochs_completed": 433,
  "config": {
    "num_layers": 7,
    "lr": 0.02,
    "batch_size": 64,
    "opt_name": "adam",
    "img_size": 4
  }
}