{
  "accuracy": 0.5789473684210527,
  "precision": 0.6,
  "recall": 0.47368421052631576,
  "f1_score": 0.5294117647058824,
  "auc": 0.5678670360110802,
  "training_time_sec": 189.66829705238342,
  "epochs_completed": 116,
  "config": {
    "num_layers": 10,
    "lr": 0.02,
    "batch_size": 8,
    "opt_name": "adam",
    "img_size": 32
  }
}