{
  "accuracy": 0.53125,
  "precision": 0.5303030303030303,
  "recall": 0.546875,
  "f1_score": 0.5384615384615384,
  "auc": 0.556640625,
  "best_train_loss": 0.6435086652636528,
  "training_time_sec": 432.85501050949097,
  "epochs_completed": 1000,
  "config": {
    "num_layers": 15,
    "lr": 0.01,
    "batch_size": 64,
    "opt_name": "adam",
    "img_size": 64
  }
}