{
  "accuracy": 0.5526315789473685,
  "precision": 0.55,
  "recall": 0.5789473684210527,
  "f1_score": 0.5641025641025641,
  "auc": 0.6481994459833795,
  "training_time_sec": 221.87695240974426,
  "epochs_completed": 116,
  "config": {
    "num_layers": 15,
    "lr": 0.1,
    "batch_size": 8,
    "opt_name": "adam",
    "img_size": 16
  },
  "lr_schedule": "cosine_decay"
}