{
  "accuracy": 0.6842105263157895,
  "precision": 0.8181818181818182,
  "recall": 0.47368421052631576,
  "f1_score": 0.6,
  "auc": 0.7063711911357341,
  "training_time_sec": 365.6508119106293,
  "epochs_completed": 99,
  "config": {
    "num_layers": 30,
    "lr": 0.1,
    "batch_size": 32,
    "opt_name": "sgd",
    "img_size": 16
  },
  "lr_schedule": "cosine_decay"
}