{
  "accuracy": 0.921875,
  "precision": 0.9821428571428571,
  "recall": 0.859375,
  "f1_score": 0.9166666666666666,
  "auc": 0.94775390625,
  "best_train_loss": 0.21209901990368962,
  "training_time_sec": 681.8022906780243,
  "epochs_completed": 10000,
  "config": {
    "num_layers": 1,
    "lr": 0.05,
    "batch_size": 32,
    "img_size": 32
  }
}