{
  "accuracy": 0.45454545454545453,
  "precision": 0.4594594594594595,
  "recall": 0.44155844155844154,
  "f1_score": 0.4503311258278146,
  "auc": 0.45370214201383036,
  "training_time_sec": 290.19425201416016,
  "epochs_completed": 102,
  "config": {
    "num_layers": 12,
    "lr": 0.01,
    "batch_size": 64,
    "opt_name": "adam",
    "img_size": 64
  }
}