{
  "accuracy": 0.4473684210526316,
  "precision": 0.4444444444444444,
  "recall": 0.42105263157894735,
  "f1_score": 0.43243243243243246,
  "auc": 0.47645429362880887,
  "training_time_sec": 124.54306101799011,
  "epochs_completed": 153,
  "config": {
    "num_layers": 5,
    "lr": 0.1,
    "batch_size": 16,
    "opt_name": "adam",
    "img_size": 32
  },
  "lr_schedule": "cosine_decay"
}