{
  "accuracy": 0.6052631578947368,
  "precision": 0.6428571428571429,
  "recall": 0.47368421052631576,
  "f1_score": 0.5454545454545454,
  "auc": 0.556786703601108,
  "training_time_sec": 68.06714391708374,
  "memory_usage_kb": 1498572,
  "data_loading_time_sec": 71.00077819824219,
  "num_qubits": 9,
  "num_samples_test": 38,
  "num_layers": 5
}