{
  "accuracy": 0.6052631578947368,
  "precision": 0.6428571428571429,
  "recall": 0.47368421052631576,
  "f1_score": 0.5454545454545454,
  "auc": 0.6094182825484764,
  "training_time_sec": 1036.02592587471,
  "epochs_completed": 327,
  "config": {
    "num_layers": 30,
    "lr": 0.02,
    "batch_size": 64,
    "opt_name": "adam",
    "img_size": 16
  },
  "lr_schedule": "cosine_decay"
}