{
  "accuracy": 0.42105263157894735,
  "precision": 0.42105263157894735,
  "recall": 0.42105263157894735,
  "f1_score": 0.42105263157894735,
  "auc": 0.39335180055401664,
  "training_time_sec": 186.73116898536682,
  "epochs_completed": 125,
  "config": {
    "num_layers": 7,
    "lr": 0.05,
    "batch_size": 32,
    "opt_name": "adam",
    "img_size": 64
  }
}