{
  "accuracy": 0.3157894736842105,
  "precision": 0.36,
  "recall": 0.47368421052631576,
  "f1_score": 0.4090909090909091,
  "auc": 0.31578947368421045,
  "training_time_sec": 201.87483263015747,
  "epochs_completed": 183,
  "config": {
    "num_layers": 7,
    "lr": 0.05,
    "batch_size": 8,
    "opt_name": "adam",
    "img_size": 32
  },
  "lr_schedule": "cosine_decay"
}