{
  "accuracy": 0.4473684210526316,
  "precision": 0.4375,
  "recall": 0.3684210526315789,
  "f1_score": 0.4,
  "auc": 0.4487534626038781,
  "training_time_sec": 71.81006407737732,
  "epochs_completed": 245,
  "config": {
    "num_layers": 1,
    "lr": 0.02,
    "batch_size": 8,
    "opt_name": "adam",
    "img_size": 64
  },
  "lr_schedule": "cosine_decay"
}