{
  "accuracy": 0.5263157894736842,
  "precision": 0.5333333333333333,
  "recall": 0.42105263157894735,
  "f1_score": 0.47058823529411764,
  "auc": 0.5318559556786704,
  "training_time_sec": 225.66909050941467,
  "epochs_completed": 466,
  "config": {
    "num_layers": 3,
    "lr": 0.02,
    "batch_size": 16,
    "opt_name": "adam",
    "img_size": 32
  }
}