{
  "accuracy": 0.5263157894736842,
  "precision": 0.5384615384615384,
  "recall": 0.3684210526315789,
  "f1_score": 0.4375,
  "auc": 0.4321329639889197,
  "training_time_sec": 50.53623867034912,
  "epochs_completed": 216,
  "config": {
    "num_layers": 1,
    "lr": 0.01,
    "batch_size": 8,
    "opt_name": "adam",
    "img_size": 32
  },
  "lr_schedule": "cosine_decay"
}