{
  "accuracy": 0.7105263157894737,
  "precision": 0.6818181818181818,
  "recall": 0.7894736842105263,
  "f1_score": 0.7317073170731707,
  "auc": 0.6565096952908587,
  "training_time_sec": 398.79145908355713,
  "epochs_completed": 167,
  "config": {
    "num_layers": 12,
    "lr": 0.05,
    "batch_size": 32,
    "opt_name": "adam",
    "img_size": 64
  },
  "lr_schedule": "cosine_decay"
}