{
  "accuracy": 0.631578947368421,
  "precision": 0.6190476190476191,
  "recall": 0.6842105263157895,
  "f1_score": 0.65,
  "auc": 0.6149584487534625,
  "training_time_sec": 85150.61009669304,
  "memory_usage_kb": 960300,
  "data_loading_time_sec": 85153.5750246048,
  "num_qubits": 11,
  "num_samples_test": 38,
  "num_layers": 5
}