{
  "accuracy": 0.5859375,
  "precision": 0.6,
  "recall": 0.515625,
  "f1_score": 0.5546218487394958,
  "auc": 0.54443359375,
  "best_train_loss": 0.5875298976898193,
  "training_time_sec": 235.87138032913208,
  "epochs_completed": 1000,
  "config": {
    "num_layers": 5,
    "lr": 0.05,
    "batch_size": 32,
    "opt_name": "adam",
    "img_size": 64
  }
}