{
  "accuracy": 0.5,
  "precision": 0.5,
  "recall": 1.0,
  "f1_score": 0.6666666666666666,
  "auc": 0.9609375,
  "best_train_loss": 0.377710547298193,
  "training_time_sec": 833.0946905612946,
  "epochs_completed": 3000,
  "config": {
    "num_layers": 5,
    "lr": 0.05,
    "batch_size": 32,
    "opt_name": "adam",
    "img_size": 4
  }
}