{
  "accuracy": 0.5546875,
  "precision": 0.5507246376811594,
  "recall": 0.59375,
  "f1_score": 0.5714285714285714,
  "auc": 0.57177734375,
  "best_train_loss": 0.6844846792519093,
  "training_time_sec": 191.80488634109497,
  "epochs_completed": 1000,
  "config": {
    "num_layers": 5,
    "lr": 0.001,
    "batch_size": 32,
    "opt_name": "adam",
    "img_size": 64
  }
}