{
  "accuracy": 0.5263157894736842,
  "precision": 0.52,
  "recall": 0.6842105263157895,
  "f1_score": 0.5909090909090909,
  "auc": 0.518005540166205,
  "training_time_sec": 909.2828223705292,
  "epochs_completed": 665,
  "config": {
    "num_layers": 12,
    "lr": 0.001,
    "batch_size": 8,
    "opt_name": "adam",
    "img_size": 16
  },
  "lr_schedule": "cosine_decay"
}