{
  "accuracy": 0.6052631578947368,
  "precision": 0.6,
  "recall": 0.631578947368421,
  "f1_score": 0.6153846153846154,
  "auc": 0.6454293628808864,
  "training_time_sec": 161.1405544281006,
  "epochs_completed": 79,
  "config": {
    "num_layers": 12,
    "lr": 0.001,
    "batch_size": 16,
    "opt_name": "adam",
    "img_size": 32
  }
}