{
  "accuracy": 0.6842105263157895,
  "precision": 0.8181818181818182,
  "recall": 0.47368421052631576,
  "f1_score": 0.6,
  "auc": 0.7479224376731303,
  "training_time_sec": 3586.103029727936,
  "epochs_completed": 4672,
  "config": {
    "num_layers": 7,
    "lr": 0.001,
    "batch_size": 64,
    "opt_name": "adam",
    "img_size": 16
  },
  "lr_schedule": "cosine_decay"
}