{
  "accuracy": 0.4609375,
  "precision": 0.4647887323943662,
  "recall": 0.515625,
  "f1_score": 0.4888888888888889,
  "auc": 0.47509765625,
  "best_train_loss": 0.685813320800662,
  "training_time_sec": 308.8203353881836,
  "epochs_completed": 1000,
  "config": {
    "num_layers": 7,
    "lr": 0.001,
    "batch_size": 16,
    "opt_name": "adam",
    "img_size": 64
  }
}