{
  "accuracy": 0.5546875,
  "precision": 0.5522388059701493,
  "recall": 0.578125,
  "f1_score": 0.5648854961832062,
  "auc": 0.57421875,
  "best_train_loss": 0.6072251051664352,
  "training_time_sec": 580.1583454608917,
  "epochs_completed": 1000,
  "config": {
    "num_layers": 15,
    "lr": 0.05,
    "batch_size": 32,
    "opt_name": "adam",
    "img_size": 64
  }
}