{
  "accuracy": 0.6578947368421053,
  "precision": 0.625,
  "recall": 0.7894736842105263,
  "f1_score": 0.6976744186046512,
  "auc": 0.7645429362880886,
  "training_time_sec": 1486.3201429843903,
  "epochs_completed": 3813,
  "config": {
    "num_layers": 3,
    "lr": 0.001,
    "batch_size": 8,
    "opt_name": "adam",
    "img_size": 16
  },
  "lr_schedule": "cosine_decay"
}