{
  "accuracy": 0.515625,
  "precision": 0.5166666666666667,
  "recall": 0.484375,
  "f1_score": 0.5,
  "auc": 0.515380859375,
  "best_train_loss": 0.5468592643737793,
  "training_time_sec": 220.15250539779663,
  "epochs_completed": 1000,
  "config": {
    "num_layers": 20,
    "lr": 0.1,
    "batch_size": 64,
    "opt_name": "adam",
    "img_size": 32
  }
}