{
  "accuracy": 0.5,
  "precision": 0.5,
  "recall": 0.47368421052631576,
  "f1_score": 0.4864864864864865,
  "auc": 0.4792243767313019,
  "training_time_sec": 284.6573588848114,
  "epochs_completed": 609,
  "config": {
    "num_layers": 3,
    "lr": 0.01,
    "batch_size": 32,
    "opt_name": "adam",
    "img_size": 32
  }
}