{
  "accuracy": 0.6052631578947368,
  "precision": 0.6086956521739131,
  "recall": 0.7368421052631579,
  "f1_score": 0.6666666666666666,
  "auc": 0.6565096952908588,
  "training_time_sec": 1012.25688123703,
  "epochs_completed": 914,
  "config": {
    "num_layers": 10,
    "lr": 0.001,
    "batch_size": 16,
    "opt_name": "adam",
    "img_size": 16
  },
  "lr_schedule": "cosine_decay"
}