epoch,loss
1,0.6931419869263967
2,0.6931473712126414
3,0.6931424736976624
4,0.6931394636631012
5,0.6931315859158834
6,0.6931563119093577
7,0.6931326687335968
8,0.6931389967600504
9,0.6931328872839609
10,0.6931337912877401
11,0.693131814400355
12,0.6931294103463491
13,0.6931154032548269
14,0.6931266685326894
15,0.693101684252421
16,0.6930851936340332
17,0.6931080718835195
18,0.6931054890155792
19,0.6931189994017283
20,0.6930928230285645
21,0.6930710772673289
22,0.6931159794330597
23,0.6930954853693644
24,0.6930894951025645
25,0.6930773456891378
26,0.6930896838506063
27,0.6930820246537527
28,0.6930863658587137
29,0.6930873394012451
30,0.6930630405743917
31,0.6930519243081411
32,0.693069318930308
33,0.6930539111296335
34,0.69304887453715
35,0.6930087705453237
36,0.6930542985598246
37,0.6930478016535441
38,0.6930526395638784
39,0.6930424471696218
40,0.6930363575617472
41,0.6930020749568939
42,0.6930058399836222
43,0.6930353244145712
44,0.6930199166138967
45,0.6930190821488699
46,0.6929752429326376
47,0.6930029888947805
48,0.692981481552124
49,0.6930134197076162
50,0.692990799744924
51,0.6929904619852701
