epoch,loss
1,0.6931496858596802
2,0.6931176781654358
3,0.69307541847229
4,0.6930346091588339
5,0.692999005317688
6,0.6929393212000529
7,0.692919651667277
8,0.6928437749544779
9,0.6928145488103231
10,0.6927928725878397
11,0.6927538514137268
12,0.6927250425020853
13,0.6926457683245341
14,0.6925376852353414
15,0.6925042867660522
16,0.6923888524373373
17,0.6923128962516785
18,0.6923477649688721
19,0.6922025481859843
20,0.6922284364700317
21,0.6919523477554321
22,0.6919881105422974
23,0.6918083230654398
24,0.6915847659111023
25,0.6915648976961771
26,0.6915793617566427
27,0.6913602749506632
28,0.6912021239598592
29,0.6910858154296875
30,0.6909661293029785
31,0.6908859610557556
32,0.6906635761260986
33,0.6903904477755228
34,0.6905311544736227
35,0.6901843547821045
36,0.690370519955953
37,0.6901302735010783
38,0.6898176471392313
39,0.6898453632990519
40,0.6895613869031271
41,0.6895099480946859
42,0.6895924806594849
43,0.6894518136978149
44,0.6892902652422587
45,0.6887995998064677
46,0.6889129281044006
47,0.6888158718744913
48,0.6886744697888693
49,0.6883999506632487
50,0.6883663733800253
51,0.688078502813975
