{
  "accuracy": 0.42105263157894735,
  "precision": 0.4444444444444444,
  "recall": 0.631578947368421,
  "f1_score": 0.5217391304347826,
  "auc": 0.2465373961218837,
  "training_time_sec": 34.14812254905701,
  "epochs_completed": 51,
  "config": {
    "num_layers": 2,
    "lr": 0.02,
    "batch_size": 64,
    "opt_name": "adam",
    "img_size": 64
  }
}