{
  "accuracy": 0.359375,
  "precision": 1.0,
  "recall": 0.71875,
  "f1_score": 0.8363636363636363,
  "auc": 0.71875,
  "best_train_loss": 0.6184977479279041,
  "training_time_sec": 3600.8040914535522,
  "epochs_completed": 3000,
  "config": {
    "num_layers": 17,
    "lr": 0.05,
    "batch_size": 32,
    "opt_name": "adam",
    "img_size": 128
  }
}