{
  "accuracy": 0.4473684210526316,
  "precision": 0.45454545454545453,
  "recall": 0.5263157894736842,
  "f1_score": 0.4878048780487805,
  "auc": 0.3684210526315789,
  "training_time_sec": 314.5048997402191,
  "epochs_completed": 97,
  "config": {
    "num_layers": 15,
    "lr": 0.01,
    "batch_size": 8,
    "opt_name": "adam",
    "img_size": 64
  },
  "lr_schedule": "cosine_decay"
}