{
  "accuracy": 0.34375,
  "precision": 1.0,
  "recall": 0.6875,
  "f1_score": 0.8148148148148148,
  "auc": 0.6875,
  "best_train_loss": 0.46673256903886795,
  "training_time_sec": 1013.3441472053528,
  "epochs_completed": 3000,
  "config": {
    "num_layers": 9,
    "lr": 0.05,
    "batch_size": 32,
    "opt_name": "adam",
    "img_size": 16
  }
}