{
  "accuracy": 0.890625,
  "precision": 0.890625,
  "recall": 0.890625,
  "f1_score": 0.890625,
  "auc": 0.953125,
  "best_train_loss": 0.05031923117348924,
  "training_time_sec": 1559.7541649341583,
  "epochs_completed": 5000,
  "config": {
    "num_layers": 10,
    "lr": 0.05,
    "batch_size": 32,
    "img_size": 16
  }
}