{
  "accuracy": 0.9140625,
  "precision": 1.0,
  "recall": 0.828125,
  "f1_score": 0.905982905982906,
  "auc": 0.96923828125,
  "best_train_loss": 0.2032834687270224,
  "training_time_sec": 1127.5747275352478,
  "epochs_completed": 10000,
  "config": {
    "num_layers": 2,
    "lr": 0.05,
    "batch_size": 32,
    "img_size": 64
  }
}