{
  "accuracy": 0.5526315789473685,
  "precision": 0.5416666666666666,
  "recall": 0.6842105263157895,
  "f1_score": 0.6046511627906976,
  "auc": 0.5844875346260388,
  "training_time_sec": 380.7944116592407,
  "epochs_completed": 219,
  "config": {
    "num_layers": 12,
    "lr": 0.05,
    "batch_size": 64,
    "opt_name": "adam",
    "img_size": 32
  }
}