{
  "accuracy": 0.5,
  "precision": 0.5,
  "recall": 0.5263157894736842,
  "f1_score": 0.5128205128205128,
  "auc": 0.5401662049861495,
  "training_time_sec": 83.13281893730164,
  "epochs_completed": 51,
  "config": {
    "num_layers": 10,
    "lr": 0.001,
    "batch_size": 32,
    "opt_name": "sgd",
    "img_size": 16
  },
  "lr_schedule": "cosine_decay"
}