{
  "accuracy": 0.71875,
  "precision": 0.7592592592592593,
  "recall": 0.640625,
  "f1_score": 0.6949152542372882,
  "auc": 0.712890625,
  "best_train_loss": 0.5788749679923058,
  "training_time_sec": 188.32303047180176,
  "epochs_completed": 5000,
  "config": {
    "num_layers": 3,
    "lr": 0.05,
    "batch_size": 32,
    "opt_name": "adam",
    "img_size": 4
  }
}