{
  "accuracy": 0.6052631578947368,
  "precision": 0.625,
  "recall": 0.5263157894736842,
  "f1_score": 0.5714285714285714,
  "auc": 0.6260387811634349,
  "training_time_sec": 190.34505105018616,
  "memory_usage_kb": 1651776,
  "data_loading_time_sec": 194.85068440437317,
  "num_qubits": 13,
  "num_samples_test": 38,
  "num_layers": 7
}