{
  "accuracy": 0.39473684210526316,
  "precision": 0.4090909090909091,
  "recall": 0.47368421052631576,
  "f1_score": 0.43902439024390244,
  "auc": 0.407202216066482,
  "training_time_sec": 96.2800624370575,
  "epochs_completed": 51,
  "config": {
    "num_layers": 10,
    "lr": 0.01,
    "batch_size": 32,
    "opt_name": "adam",
    "img_size": 32
  },
  "lr_schedule": "cosine_decay"
}