{
  "accuracy": 0.53125,
  "precision": 0.5277777777777778,
  "recall": 0.59375,
  "f1_score": 0.5588235294117647,
  "auc": 0.5615234375,
  "best_train_loss": 0.644192349165678,
  "training_time_sec": 147.49208879470825,
  "epochs_completed": 1000,
  "config": {
    "num_layers": 20,
    "lr": 0.001,
    "batch_size": 32,
    "opt_name": "adam",
    "img_size": 8
  }
}