{
  "accuracy": 0.5454545454545454,
  "precision": 0.5492957746478874,
  "recall": 0.5064935064935064,
  "f1_score": 0.527027027027027,
  "auc": 0.546972508011469,
  "training_time_sec": 1287.347528219223,
  "epochs_completed": 192,
  "config": {
    "num_layers": 30,
    "lr": 0.05,
    "batch_size": 32,
    "opt_name": "adam",
    "img_size": 64
  }
}