{
  "accuracy": 0.47368421052631576,
  "precision": 0.47619047619047616,
  "recall": 0.5263157894736842,
  "f1_score": 0.5,
  "auc": 0.5650969529085872,
  "training_time_sec": 60.078551054000854,
  "epochs_completed": 66,
  "config": {
    "num_layers": 5,
    "lr": 0.01,
    "batch_size": 32,
    "opt_name": "adam",
    "img_size": 32
  }
}