{
  "accuracy": 0.9609375,
  "precision": 1.0,
  "recall": 0.921875,
  "f1_score": 0.959349593495935,
  "auc": 0.98486328125,
  "best_train_loss": 0.09055991331115365,
  "training_time_sec": 4574.828648805618,
  "epochs_completed": 10000,
  "config": {
    "num_layers": 8,
    "lr": 0.05,
    "batch_size": 32,
    "img_size": 64
  }
}