{
  "accuracy": 0.921875,
  "precision": 1.0,
  "recall": 0.84375,
  "f1_score": 0.9152542372881356,
  "auc": 0.96337890625,
  "best_train_loss": 0.0984056310262531,
  "training_time_sec": 3011.7599761486053,
  "epochs_completed": 10000,
  "config": {
    "num_layers": 3,
    "lr": 0.05,
    "batch_size": 32,
    "img_size": 16
  }
}