{
  "accuracy": 0.40625,
  "precision": 0.4117647058823529,
  "recall": 0.4375,
  "f1_score": 0.42424242424242425,
  "auc": 0.428955078125,
  "best_train_loss": 0.653667651116848,
  "training_time_sec": 45.31863331794739,
  "epochs_completed": 1000,
  "config": {
    "num_layers": 7,
    "lr": 0.001,
    "batch_size": 64,
    "opt_name": "adam",
    "img_size": 8
  }
}