epoch,loss
1,0.6931647441603921
2,0.693083952773701
3,0.6929671439257535
4,0.6928505030545321
5,0.6927079070698131
6,0.6925701553171332
7,0.6924246278676119
8,0.6922175071456216
9,0.6919768940318715
10,0.6917682777751576
11,0.6916451779278842
12,0.6912851550362327
13,0.6910334879701788
14,0.6908059174364264
15,0.6904451901262457
16,0.6902308734980497
17,0.6899586103179238
18,0.6895646398717706
19,0.6892673969268799
20,0.688964534889568
21,0.6887108575214039
22,0.6886054656722329
23,0.688113662329587
24,0.6878530166365884
25,0.6875534491105513
26,0.6875556707382202
27,0.6873148246244951
28,0.6870393590493635
29,0.6866596178574995
30,0.6860991445454684
31,0.6859972856261514
32,0.6854746666821566
33,0.6852532950314608
34,0.6853011196309869
35,0.6846944202076305
36,0.6847062273459001
37,0.6843824549154802
38,0.6841426166621122
39,0.6837304288690741
40,0.6833056319843639
41,0.6832105679945513
42,0.6828622926365245
43,0.6826372092420404
44,0.682053034955805
45,0.6817332777110013
46,0.6819579872218046
47,0.6816452037204396
48,0.6812039830467918
49,0.6819199973886664
50,0.6824376474727284
51,0.6825546351346102
52,0.68222975730896
53,0.6809003028002653
54,0.6800159215927124
55,0.6790896329012784
56,0.6789697842164473
57,0.6787791197950189
58,0.6786916906183417
59,0.6789317401972684
60,0.680029874498194
61,0.6789550239389593
62,0.6788609786467119
63,0.6786465536464344
64,0.6783592592586171
65,0.6769601973620328
66,0.6761966456066478
67,0.6761094006625089
68,0.6761962500485507
69,0.6756935878233477
70,0.6751234097914263
71,0.6754185286435214
72,0.6746896667913957
73,0.6745665344324979
74,0.6740290414203297
75,0.674754099412398
76,0.6745585311542858
77,0.6739287376403809
78,0.6730631481517445
79,0.6729924191128124
80,0.672733333977786
81,0.6720691485838457
82,0.6717989607290789
83,0.6719440763646906
84,0.6716181310740384
85,0.6711756370284341
86,0.6712517142295837
87,0.6702662814747203
88,0.670178391716697
89,0.6699840859933333
90,0.6692955006252636
91,0.6691179112954573
92,0.6692047335884788
93,0.6685652082616632
94,0.6696587963537737
95,0.6684999791058627
96,0.6680900021032854
97,0.6679078177972273
98,0.6693164110183716
99,0.6677204749800942
100,0.6675440181385387
101,0.6674140908501365
102,0.6671079288829457
103,0.6664227030493997
104,0.6666095527735624
105,0.6659215634519403
106,0.6676169850609519
107,0.6669619137590582
108,0.6673651175065474
109,0.6653946367177096
110,0.6668798977678473
111,0.6691597266630693
112,0.6676147146658464
