{
  "accuracy": 0.512987012987013,
  "precision": 0.5113636363636364,
  "recall": 0.5844155844155844,
  "f1_score": 0.5454545454545454,
  "auc": 0.4722550177095632,
  "training_time_sec": 60.74604773521423,
  "epochs_completed": 97,
  "config": {
    "num_layers": 2,
    "lr": 0.01,
    "batch_size": 16,
    "opt_name": "adam",
    "img_size": 64
  }
}