{
  "accuracy": 0.7368421052631579,
  "precision": 0.7647058823529411,
  "recall": 0.6842105263157895,
  "f1_score": 0.7222222222222222,
  "auc": 0.6952908587257619,
  "training_time_sec": 6353.808262825012,
  "epochs_completed": 7765,
  "config": {
    "num_layers": 15,
    "lr": 0.001,
    "batch_size": 8,
    "opt_name": "sgd",
    "img_size": 4
  }
}