{
  "accuracy": 0.9140625,
  "precision": 0.9818181818181818,
  "recall": 0.84375,
  "f1_score": 0.907563025210084,
  "auc": 0.98291015625,
  "best_train_loss": 0.044389915419742465,
  "training_time_sec": 5070.219409227371,
  "epochs_completed": 10000,
  "config": {
    "num_layers": 14,
    "lr": 0.05,
    "batch_size": 32,
    "img_size": 64
  }
}