{
  "accuracy": 0.5789473684210527,
  "precision": 0.6,
  "recall": 0.47368421052631576,
  "f1_score": 0.5294117647058824,
  "auc": 0.551246537396122,
  "training_time_sec": 149.78675055503845,
  "epochs_completed": 191,
  "config": {
    "num_layers": 5,
    "lr": 0.1,
    "batch_size": 32,
    "opt_name": "adam",
    "img_size": 32
  },
  "lr_schedule": "cosine_decay"
}