{
  "accuracy": 0.875,
  "precision": 0.98,
  "recall": 0.765625,
  "f1_score": 0.8596491228070176,
  "auc": 0.965576171875,
  "best_train_loss": 0.10134603222832084,
  "training_time_sec": 957.8711686134338,
  "epochs_completed": 5000,
  "config": {
    "num_layers": 4,
    "lr": 0.05,
    "batch_size": 32,
    "img_size": 16
  }
}