{
  "accuracy": 0.6842105263157895,
  "precision": 0.7692307692307693,
  "recall": 0.5263157894736842,
  "f1_score": 0.625,
  "auc": 0.778393351800554,
  "training_time_sec": 706.7593059539795,
  "epochs_completed": 436,
  "config": {
    "num_layers": 15,
    "lr": 0.02,
    "batch_size": 64,
    "opt_name": "adam",
    "img_size": 16
  },
  "lr_schedule": "cosine_decay"
}