{
  "accuracy": 0.47368421052631576,
  "precision": 0.4782608695652174,
  "recall": 0.5789473684210527,
  "f1_score": 0.5238095238095238,
  "auc": 0.44875346260387816,
  "training_time_sec": 689.8694214820862,
  "epochs_completed": 224,
  "config": {
    "num_layers": 15,
    "lr": 0.001,
    "batch_size": 8,
    "opt_name": "adam",
    "img_size": 64
  }
}