{
  "accuracy": 0.5526315789473685,
  "precision": 0.5625,
  "recall": 0.47368421052631576,
  "f1_score": 0.5142857142857142,
  "auc": 0.5069252077562327,
  "training_time_sec": 170.58157420158386,
  "epochs_completed": 103,
  "config": {
    "num_layers": 10,
    "lr": 0.01,
    "batch_size": 8,
    "opt_name": "adam",
    "img_size": 32
  }
}