{
  "accuracy": 0.5,
  "precision": 0.5454545454545454,
  "recall": 0.3157894736842105,
  "f1_score": 0.4,
  "auc": 0.6066481994459835,
  "training_time_sec": 19.772557735443115,
  "epochs_completed": 51,
  "config": {
    "num_layers": 2,
    "lr": 0.02,
    "batch_size": 8,
    "opt_name": "sgd",
    "img_size": 16
  },
  "lr_schedule": "cosine_decay"
}