{
  "accuracy": 0.5078125,
  "precision": 0.5084745762711864,
  "recall": 0.46875,
  "f1_score": 0.4878048780487805,
  "auc": 0.490966796875,
  "best_train_loss": 0.6125176399946213,
  "training_time_sec": 36.22104525566101,
  "epochs_completed": 1000,
  "config": {
    "num_layers": 3,
    "lr": 0.01,
    "batch_size": 32,
    "opt_name": "adam",
    "img_size": 8
  }
}