{
  "accuracy": 0.6578947368421053,
  "precision": 0.75,
  "recall": 0.47368421052631576,
  "f1_score": 0.5806451612903226,
  "auc": 0.7451523545706371,
  "training_time_sec": 5878.617383480072,
  "epochs_completed": 3739,
  "config": {
    "num_layers": 15,
    "lr": 0.001,
    "batch_size": 64,
    "opt_name": "adam",
    "img_size": 16
  },
  "lr_schedule": "cosine_decay"
}