{
  "accuracy": 0.5625,
  "precision": 0.5645161290322581,
  "recall": 0.546875,
  "f1_score": 0.5555555555555556,
  "auc": 0.60498046875,
  "best_train_loss": 0.5982224512845278,
  "training_time_sec": 129.7222864627838,
  "epochs_completed": 1000,
  "config": {
    "num_layers": 10,
    "lr": 0.01,
    "batch_size": 16,
    "opt_name": "adam",
    "img_size": 4
  }
}