{
  "accuracy": 0.5263157894736842,
  "precision": 0.5238095238095238,
  "recall": 0.5789473684210527,
  "f1_score": 0.55,
  "auc": 0.5152354570637119,
  "training_time_sec": 208.0865752696991,
  "epochs_completed": 422,
  "config": {
    "num_layers": 3,
    "lr": 0.01,
    "batch_size": 8,
    "opt_name": "adam",
    "img_size": 32
  },
  "lr_schedule": "cosine_decay"
}