{
  "accuracy": 0.9140625,
  "precision": 0.9818181818181818,
  "recall": 0.84375,
  "f1_score": 0.907563025210084,
  "auc": 0.973876953125,
  "best_train_loss": 0.09242128755431622,
  "training_time_sec": 2369.445859670639,
  "epochs_completed": 10000,
  "config": {
    "num_layers": 3,
    "lr": 0.05,
    "batch_size": 32,
    "img_size": 32
  }
}