{
  "accuracy": 0.4765625,
  "precision": 0.47540983606557374,
  "recall": 0.453125,
  "f1_score": 0.464,
  "auc": 0.40625,
  "best_train_loss": 0.6681119985878468,
  "training_time_sec": 431.3111741542816,
  "epochs_completed": 1000,
  "config": {
    "num_layers": 5,
    "lr": 0.01,
    "batch_size": 16,
    "opt_name": "adam",
    "img_size": 128
  }
}