{
  "accuracy": 0.8828125,
  "precision": 1.0,
  "recall": 0.765625,
  "f1_score": 0.8672566371681416,
  "auc": 0.9833984375,
  "best_train_loss": 0.1533878967165947,
  "training_time_sec": 3424.0166585445404,
  "epochs_completed": 10000,
  "config": {
    "num_layers": 2,
    "lr": 0.05,
    "batch_size": 32,
    "img_size": 64
  }
}