{
  "accuracy": 0.6578947368421053,
  "precision": 0.6153846153846154,
  "recall": 0.8421052631578947,
  "f1_score": 0.7111111111111111,
  "auc": 0.7950138504155124,
  "training_time_sec": 1522.2641053199768,
  "epochs_completed": 4124,
  "config": {
    "num_layers": 3,
    "lr": 0.001,
    "batch_size": 32,
    "opt_name": "adam",
    "img_size": 16
  },
  "lr_schedule": "cosine_decay"
}