{
  "accuracy": 0.4090909090909091,
  "precision": 0.4146341463414634,
  "recall": 0.44155844155844154,
  "f1_score": 0.4276729559748428,
  "auc": 0.4002361275088548,
  "training_time_sec": 139.04849910736084,
  "epochs_completed": 172,
  "config": {
    "num_layers": 3,
    "lr": 0.05,
    "batch_size": 16,
    "opt_name": "adam",
    "img_size": 64
  }
}