{
  "accuracy": 0.4473684210526316,
  "precision": 0.45,
  "recall": 0.47368421052631576,
  "f1_score": 0.46153846153846156,
  "auc": 0.4293628808864266,
  "training_time_sec": 91.73396015167236,
  "epochs_completed": 130,
  "config": {
    "num_layers": 3,
    "lr": 0.1,
    "batch_size": 32,
    "opt_name": "adam",
    "img_size": 64
  },
  "lr_schedule": "cosine_decay"
}