{
  "accuracy": 0.5526315789473685,
  "precision": 0.5416666666666666,
  "recall": 0.6842105263157895,
  "f1_score": 0.6046511627906976,
  "auc": 0.4182825484764543,
  "training_time_sec": 58.407347202301025,
  "epochs_completed": 113,
  "config": {
    "num_layers": 2,
    "lr": 0.02,
    "batch_size": 32,
    "opt_name": "adam",
    "img_size": 64
  },
  "lr_schedule": "cosine_decay"
}