{
  "accuracy": 0.5789473684210527,
  "precision": 0.5882352941176471,
  "recall": 0.5263157894736842,
  "f1_score": 0.5555555555555556,
  "auc": 0.5429362880886427,
  "training_time_sec": 282.50075221061707,
  "epochs_completed": 241,
  "config": {
    "num_layers": 10,
    "lr": 0.01,
    "batch_size": 16,
    "opt_name": "adam",
    "img_size": 16
  },
  "lr_schedule": "cosine_decay"
}