{
  "accuracy": 0.7894736842105263,
  "precision": 0.8666666666666667,
  "recall": 0.6842105263157895,
  "f1_score": 0.7647058823529411,
  "auc": 0.8781163434903048,
  "training_time_sec": 4230.123576164246,
  "epochs_completed": 2783,
  "config": {
    "num_layers": 30,
    "lr": 0.02,
    "batch_size": 32,
    "opt_name": "sgd",
    "img_size": 4
  }
}