{
  "accuracy": 0.525974025974026,
  "precision": 0.525,
  "recall": 0.5454545454545454,
  "f1_score": 0.535031847133758,
  "auc": 0.5129026817338506,
  "training_time_sec": 180.2242066860199,
  "epochs_completed": 51,
  "config": {
    "num_layers": 12,
    "lr": 0.001,
    "batch_size": 32,
    "opt_name": "adam",
    "img_size": 64
  }
}