{
  "accuracy": 0.6171875,
  "precision": 0.6056338028169014,
  "recall": 0.671875,
  "f1_score": 0.6370370370370371,
  "auc": 0.677490234375,
  "best_train_loss": 0.40936198085546494,
  "training_time_sec": 848.2366650104523,
  "epochs_completed": 5000,
  "config": {
    "num_layers": 19,
    "lr": 0.05,
    "batch_size": 32,
    "opt_name": "adam",
    "img_size": 16
  }
}