{
  "accuracy": 0.631578947368421,
  "precision": 0.7272727272727273,
  "recall": 0.42105263157894735,
  "f1_score": 0.5333333333333333,
  "auc": 0.6731301939058172,
  "training_time_sec": 983.3440103530884,
  "epochs_completed": 283,
  "config": {
    "num_layers": 30,
    "lr": 0.05,
    "batch_size": 8,
    "opt_name": "sgd",
    "img_size": 16
  },
  "lr_schedule": "cosine_decay"
}