{
  "accuracy": 0.921875,
  "precision": 0.9821428571428571,
  "recall": 0.859375,
  "f1_score": 0.9166666666666666,
  "auc": 0.9697265625,
  "best_train_loss": 0.07050694478675723,
  "training_time_sec": 3214.553738594055,
  "epochs_completed": 10000,
  "config": {
    "num_layers": 5,
    "lr": 0.05,
    "batch_size": 32,
    "img_size": 32
  }
}