{
  "accuracy": 0.44155844155844154,
  "precision": 0.4523809523809524,
  "recall": 0.4935064935064935,
  "f1_score": 0.4720496894409938,
  "auc": 0.4145724405464665,
  "training_time_sec": 285.6933665275574,
  "epochs_completed": 169,
  "config": {
    "num_layers": 7,
    "lr": 0.05,
    "batch_size": 64,
    "opt_name": "adam",
    "img_size": 64
  }
}