{
  "accuracy": 0.5064935064935064,
  "precision": 0.5121951219512195,
  "recall": 0.5454545454545454,
  "f1_score": 0.5283018867924528,
  "auc": 0.48220610558272897,
  "training_time_sec": 298.3098032474518,
  "epochs_completed": 51,
  "config": {
    "num_layers": 20,
    "lr": 0.001,
    "batch_size": 8,
    "opt_name": "adam",
    "img_size": 64
  }
}