{
  "accuracy": 0.44805194805194803,
  "precision": 0.44285714285714284,
  "recall": 0.4025974025974026,
  "f1_score": 0.4217687074829932,
  "auc": 0.44661831674818686,
  "training_time_sec": 205.54465198516846,
  "epochs_completed": 91,
  "config": {
    "num_layers": 7,
    "lr": 0.02,
    "batch_size": 8,
    "opt_name": "adam",
    "img_size": 64
  }
}