{
  "accuracy": 0.5078125,
  "precision": 0.5072463768115942,
  "recall": 0.546875,
  "f1_score": 0.5263157894736842,
  "auc": 0.546142578125,
  "best_train_loss": 0.5112677253782749,
  "training_time_sec": 381.7463448047638,
  "epochs_completed": 5000,
  "config": {
    "num_layers": 7,
    "lr": 0.05,
    "batch_size": 32,
    "opt_name": "adam",
    "img_size": 8
  }
}