{
  "accuracy": 0.5,
  "precision": 0.5,
  "recall": 0.5789473684210527,
  "f1_score": 0.5365853658536586,
  "auc": 0.5041551246537397,
  "training_time_sec": 595.6111536026001,
  "epochs_completed": 147,
  "config": {
    "num_layers": 20,
    "lr": 0.02,
    "batch_size": 8,
    "opt_name": "adam",
    "img_size": 64
  }
}