epoch,loss
1,0.6931724747021993
2,0.6931734085083008
3,0.6931678454081217
4,0.6931783159573873
5,0.693170964717865
6,0.6931674679120382
7,0.6931618054707845
8,0.6931626200675964
9,0.6931582887967428
10,0.6931627790133158
11,0.6931635737419128
12,0.6931637128194174
13,0.6931567390759786
14,0.693157434463501
15,0.6931461095809937
16,0.6931440830230713
17,0.6931459705034891
18,0.6931424339612325
19,0.6931366920471191
20,0.6931313077608744
21,0.6931289434432983
22,0.6931289633115133
23,0.6931282679239908
24,0.6931217710177103
25,0.6931211749712626
26,0.6931145588556925
27,0.6931066314379374
28,0.6931097308794657
29,0.6931052207946777
30,0.6930980086326599
31,0.693100114663442
32,0.6930980086326599
33,0.6930891474088033
34,0.6930901010831197
35,0.6930807034174601
36,0.6930748820304871
37,0.6930682063102722
38,0.6930697361628214
39,0.69305553038915
40,0.6930669744809469
41,0.6930489540100098
42,0.6930484573046366
43,0.693050225575765
44,0.6930524508158366
45,0.6930386622746786
46,0.6930285493532816
47,0.6930281519889832
48,0.6930357615152994
49,0.6930139660835266
50,0.6930200854937235
51,0.6930126150449117
