{
  "accuracy": 0.45454545454545453,
  "precision": 0.45454545454545453,
  "recall": 0.45454545454545453,
  "f1_score": 0.45454545454545453,
  "auc": 0.46247259234272214,
  "training_time_sec": 209.25161337852478,
  "epochs_completed": 51,
  "config": {
    "num_layers": 15,
    "lr": 0.05,
    "batch_size": 32,
    "opt_name": "sgd",
    "img_size": 64
  }
}