{
  "accuracy": 0.5263157894736842,
  "precision": 0.5294117647058824,
  "recall": 0.47368421052631576,
  "f1_score": 0.5,
  "auc": 0.44598337950138506,
  "training_time_sec": 683.4333868026733,
  "epochs_completed": 146,
  "config": {
    "num_layers": 30,
    "lr": 0.001,
    "batch_size": 64,
    "opt_name": "adam",
    "img_size": 32
  }
}