{
  "accuracy": 0.6578947368421053,
  "precision": 0.625,
  "recall": 0.7894736842105263,
  "f1_score": 0.6976744186046512,
  "auc": 0.778393351800554,
  "training_time_sec": 277.20805835723877,
  "epochs_completed": 509,
  "config": {
    "num_layers": 10,
    "lr": 0.02,
    "batch_size": 64,
    "opt_name": "adam",
    "img_size": 4
  }
}