{
  "accuracy": 0.9296875,
  "precision": 0.9824561403508771,
  "recall": 0.875,
  "f1_score": 0.9256198347107438,
  "auc": 0.993408203125,
  "best_train_loss": 0.09485264914110303,
  "training_time_sec": 2548.2376787662506,
  "epochs_completed": 5000,
  "config": {
    "num_layers": 14,
    "lr": 0.05,
    "batch_size": 32,
    "img_size": 64
  }
}