{
  "accuracy": 0.53125,
  "precision": 0.53125,
  "recall": 0.53125,
  "f1_score": 0.53125,
  "auc": 0.548095703125,
  "best_train_loss": 0.5826654732227325,
  "training_time_sec": 301.8496792316437,
  "epochs_completed": 1000,
  "config": {
    "num_layers": 10,
    "lr": 0.05,
    "batch_size": 64,
    "opt_name": "adam",
    "img_size": 64
  }
}