{
  "accuracy": 0.8157894736842105,
  "precision": 0.9285714285714286,
  "recall": 0.6842105263157895,
  "f1_score": 0.7878787878787878,
  "auc": 0.7700831024930748,
  "training_time_sec": 42.06901168823242,
  "memory_usage_kb": 1479336,
  "data_loading_time_sec": 44.78412675857544,
  "num_qubits": 7,
  "num_samples_test": 38,
  "num_layers": 7
}