{
  "accuracy": 0.5263157894736842,
  "precision": 0.52,
  "recall": 0.6842105263157895,
  "f1_score": 0.5909090909090909,
  "auc": 0.4764542936288088,
  "training_time_sec": 138.44342064857483,
  "epochs_completed": 502,
  "config": {
    "num_layers": 2,
    "lr": 0.01,
    "batch_size": 64,
    "opt_name": "adam",
    "img_size": 16
  },
  "lr_schedule": "cosine_decay"
}