{
  "accuracy": 0.4935064935064935,
  "precision": 0.49333333333333335,
  "recall": 0.4805194805194805,
  "f1_score": 0.4868421052631579,
  "auc": 0.47124304267161404,
  "training_time_sec": 208.95698380470276,
  "epochs_completed": 51,
  "config": {
    "num_layers": 15,
    "lr": 0.001,
    "batch_size": 32,
    "opt_name": "adam",
    "img_size": 64
  }
}