{
  "accuracy": 0.5324675324675324,
  "precision": 0.5268817204301075,
  "recall": 0.6363636363636364,
  "f1_score": 0.5764705882352941,
  "auc": 0.5172879068982965,
  "training_time_sec": 358.2799153327942,
  "epochs_completed": 95,
  "config": {
    "num_layers": 15,
    "lr": 0.05,
    "batch_size": 16,
    "opt_name": "adam",
    "img_size": 64
  }
}