{
  "accuracy": 0.578125,
  "precision": 0.5961538461538461,
  "recall": 0.484375,
  "f1_score": 0.5344827586206896,
  "auc": 0.55078125,
  "best_train_loss": 0.4636573977768421,
  "training_time_sec": 130.70165872573853,
  "epochs_completed": 3000,
  "config": {
    "num_layers": 5,
    "lr": 0.05,
    "batch_size": 32,
    "opt_name": "adam",
    "img_size": 16
  }
}