{
  "accuracy": 0.8421052631578947,
  "precision": 0.9333333333333333,
  "recall": 0.7368421052631579,
  "f1_score": 0.8235294117647058,
  "auc": 0.8337950138504154,
  "training_time_sec": 2837.4060440063477,
  "epochs_completed": 10000,
  "config": {
    "num_layers": 5,
    "lr": 0.01,
    "batch_size": 64,
    "opt_name": "sgd",
    "img_size": 4
  }
}