{
  "accuracy": 0.47368421052631576,
  "precision": 0.47058823529411764,
  "recall": 0.42105263157894735,
  "f1_score": 0.4444444444444444,
  "auc": 0.47922437673130197,
  "training_time_sec": 251.9691138267517,
  "epochs_completed": 51,
  "config": {
    "num_layers": 20,
    "lr": 0.1,
    "batch_size": 64,
    "opt_name": "sgd",
    "img_size": 64
  },
  "lr_schedule": "cosine_decay"
}