{
  "accuracy": 0.5234375,
  "precision": 0.5205479452054794,
  "recall": 0.59375,
  "f1_score": 0.5547445255474452,
  "auc": 0.53564453125,
  "best_train_loss": 0.6019031256437302,
  "training_time_sec": 191.64638757705688,
  "epochs_completed": 5000,
  "config": {
    "num_layers": 2,
    "lr": 0.05,
    "batch_size": 32,
    "opt_name": "adam",
    "img_size": 16
  }
}