epoch,loss
1,0.6931672890981039
2,0.6929614841938019
3,0.692681739727656
4,0.692586342493693
5,0.6923350095748901
6,0.6920831700166067
7,0.6922662059466044
8,0.6919758717219034
9,0.6920444170633951
10,0.6914080679416656
11,0.6911840637524923
12,0.692217618227005
13,0.6919566889603933
14,0.6910480956236521
15,0.6895771423975626
16,0.692150741815567
17,0.6912123362223307
18,0.6912006040414175
19,0.6888675093650818
20,0.6898395717144012
21,0.6866045196851095
22,0.6857724885145823
23,0.688670814037323
24,0.6878806749979655
25,0.6886396408081055
26,0.688676506280899
27,0.6871892313162485
28,0.6869925558567047
29,0.685875674088796
30,0.6855073571205139
31,0.685038169225057
32,0.6879037121931711
33,0.687769889831543
34,0.6890735924243927
35,0.6882736484209696
36,0.6864785651365916
37,0.6879251400629679
38,0.6867541372776031
39,0.6871644159158071
40,0.6836056709289551
41,0.6846741735935211
42,0.682933529218038
43,0.6836992998917898
44,0.6829297343889872
45,0.6790118515491486
46,0.6805887917677561
47,0.6778659721215566
48,0.678359200557073
49,0.6762196918328603
50,0.678913821776708
51,0.6815884013970693
52,0.685378760099411
53,0.6825650930404663
54,0.6813811560471853
55,0.6751570304234823
56,0.6721507807572683
57,0.6729010939598083
58,0.668716718753179
59,0.6696391006310781
60,0.6639879047870636
61,0.6727923850218455
62,0.6665319502353668
63,0.6631860037644705
64,0.6774451931317648
65,0.6824578444163004
66,0.682246059179306
67,0.6826974451541901
68,0.6814742883046468
69,0.6741507748762766
70,0.685703456401825
71,0.685659795999527
72,0.6749017337958018
73,0.6756817400455475
74,0.6723011036713918
75,0.6700215041637421
76,0.667726089557012
77,0.6700717409451803
78,0.6671338677406311
79,0.657949815193812
80,0.6549436946709951
81,0.6633481880029043
82,0.6790836155414581
83,0.6691299577554067
84,0.6751311322053274
85,0.6670539677143097
86,0.6752389371395111
