{
  "accuracy": 0.6578947368421053,
  "precision": 0.625,
  "recall": 0.7894736842105263,
  "f1_score": 0.6976744186046512,
  "auc": 0.6952908587257617,
  "training_time_sec": 524.8985507488251,
  "epochs_completed": 234,
  "config": {
    "num_layers": 20,
    "lr": 0.05,
    "batch_size": 16,
    "opt_name": "adam",
    "img_size": 16
  },
  "lr_schedule": "cosine_decay"
}