{
  "accuracy": 0.2578125,
  "precision": 0.3402061855670103,
  "recall": 0.515625,
  "f1_score": 0.40993788819875776,
  "auc": 0.515625,
  "best_train_loss": 0.5984514430165291,
  "training_time_sec": 1178.133683681488,
  "epochs_completed": 3000,
  "config": {
    "num_layers": 16,
    "lr": 0.05,
    "batch_size": 32,
    "opt_name": "adam",
    "img_size": 16
  }
}