{
  "accuracy": 0.631578947368421,
  "precision": 0.6086956521739131,
  "recall": 0.7368421052631579,
  "f1_score": 0.6666666666666666,
  "auc": 0.745152354570637,
  "training_time_sec": 81.07331585884094,
  "epochs_completed": 193,
  "config": {
    "num_layers": 3,
    "lr": 0.1,
    "batch_size": 16,
    "opt_name": "adam",
    "img_size": 16
  },
  "lr_schedule": "cosine_decay"
}