{
  "accuracy": 0.84375,
  "precision": 0.94,
  "recall": 0.734375,
  "f1_score": 0.8245614035087719,
  "auc": 0.90087890625,
  "best_train_loss": 0.33945755008608103,
  "training_time_sec": 747.3335995674133,
  "epochs_completed": 5000,
  "config": {
    "num_layers": 17,
    "lr": 0.05,
    "batch_size": 32,
    "opt_name": "adam",
    "img_size": 4
  }
}