{
  "accuracy": 0.5789473684210527,
  "precision": 0.5714285714285714,
  "recall": 0.631578947368421,
  "f1_score": 0.6,
  "auc": 0.631578947368421,
  "training_time_sec": 67.73101258277893,
  "epochs_completed": 168,
  "config": {
    "num_layers": 3,
    "lr": 0.1,
    "batch_size": 64,
    "opt_name": "adam",
    "img_size": 16
  },
  "lr_schedule": "cosine_decay"
}