epoch,loss
1,0.6931693951288859
2,0.6931568483511606
3,0.6931483348210653
4,0.6931127607822418
5,0.6931150158246359
6,0.6930789947509766
7,0.6930573681990305
8,0.693062980969747
9,0.6930122971534729
10,0.6930255989233652
11,0.6929993828137716
12,0.6929974953333536
13,0.6929770112037659
14,0.6929480532805125
15,0.6929406921068827
16,0.6929266254107157
17,0.6929311652978262
18,0.6929259796937307
19,0.6928856372833252
20,0.6928559343020121
21,0.6928698519865671
22,0.6928050319353739
23,0.6928234696388245
24,0.6927791933218638
25,0.6927562057971954
26,0.6927942434946696
27,0.6927548746267954
28,0.6927745640277863
29,0.6927260359128317
30,0.6926419734954834
31,0.6926969687143961
32,0.6926332215468088
33,0.6925733387470245
34,0.6926022271315256
35,0.6925522287686666
36,0.6925524671872457
37,0.692537268002828
38,0.6924631893634796
39,0.6924857497215271
40,0.692461242278417
41,0.6924848655859629
42,0.6924073795477549
43,0.6924125552177429
44,0.6924165288607279
45,0.6922872463862101
46,0.6922781765460968
47,0.6922526856263479
48,0.6922564307848612
49,0.6921845376491547
50,0.6921835045019785
51,0.6920613249142965
