{
  "accuracy": 0.5789473684210527,
  "precision": 0.6428571428571429,
  "recall": 0.47368421052631576,
  "f1_score": 0.5454545454545454,
  "auc": 0.5401662049861495,
  "training_time_sec": 24.482638120651245,
  "epochs_completed": 130,
  "config": {
    "num_layers": 1,
    "lr": 0.1,
    "batch_size": 64,
    "opt_name": "adam",
    "img_size": 16
  },
  "lr_schedule": "cosine_decay"
}