{
  "accuracy": 0.5078125,
  "precision": 0.5111111111111111,
  "recall": 0.359375,
  "f1_score": 0.42201834862385323,
  "auc": 0.4482421875,
  "best_train_loss": 0.45182990096509457,
  "training_time_sec": 917.5181241035461,
  "epochs_completed": 5000,
  "config": {
    "num_layers": 16,
    "lr": 0.05,
    "batch_size": 32,
    "opt_name": "adam",
    "img_size": 8
  }
}