{
  "accuracy": 0.868421052631579,
  "precision": 0.8888888888888888,
  "recall": 0.8421052631578947,
  "f1_score": 0.8648648648648649,
  "auc": 0.8781163434903047,
  "training_time_sec": 155.06474781036377,
  "epochs_completed": 490,
  "config": {
    "num_layers": 5,
    "lr": 0.01,
    "batch_size": 8,
    "opt_name": "adam",
    "img_size": 4
  }
}