{
  "accuracy": 0.47368421052631576,
  "precision": 0.5,
  "recall": 0.5789473684210527,
  "f1_score": 0.5365853658536586,
  "auc": 0.47922437673130197,
  "training_time_sec": 28.954026222229004,
  "epochs_completed": 79,
  "config": {
    "num_layers": 2,
    "lr": 0.02,
    "batch_size": 8,
    "opt_name": "adam",
    "img_size": 16
  },
  "lr_schedule": "cosine_decay"
}