{
  "accuracy": 0.75,
  "precision": 0.82,
  "recall": 0.640625,
  "f1_score": 0.7192982456140351,
  "auc": 0.729248046875,
  "best_train_loss": 0.5743939727544785,
  "training_time_sec": 24.570704460144043,
  "epochs_completed": 1000,
  "config": {
    "num_layers": 3,
    "lr": 0.05,
    "batch_size": 64,
    "opt_name": "adam",
    "img_size": 4
  }
}