{
  "accuracy": 0.671875,
  "precision": 0.72,
  "recall": 0.5625,
  "f1_score": 0.631578947368421,
  "auc": 0.7119140625,
  "best_train_loss": 0.598494403064251,
  "training_time_sec": 67.58049726486206,
  "epochs_completed": 1000,
  "config": {
    "num_layers": 20,
    "lr": 0.001,
    "batch_size": 64,
    "opt_name": "adam",
    "img_size": 4
  }
}