{
  "accuracy": 0.5263157894736842,
  "precision": 0.5263157894736842,
  "recall": 0.5263157894736842,
  "f1_score": 0.5263157894736842,
  "auc": 0.5318559556786704,
  "training_time_sec": 216.34623503684998,
  "epochs_completed": 141,
  "config": {
    "num_layers": 10,
    "lr": 0.1,
    "batch_size": 64,
    "opt_name": "adam",
    "img_size": 32
  },
  "lr_schedule": "cosine_decay"
}