{
  "accuracy": 0.5526315789473685,
  "precision": 0.5384615384615384,
  "recall": 0.7368421052631579,
  "f1_score": 0.6222222222222222,
  "auc": 0.7617728531855956,
  "training_time_sec": 5239.737813949585,
  "epochs_completed": 9395,
  "config": {
    "num_layers": 10,
    "lr": 0.001,
    "batch_size": 8,
    "opt_name": "sgd",
    "img_size": 4
  }
}