{
  "accuracy": 0.5641025641025641,
  "precision": 0.7875,
  "recall": 0.5526315789473685,
  "f1_score": 0.6494845360824743,
  "auc": 0.5776942355889724,
  "best_train_loss": 0.6264127294222513,
  "training_time_sec": 118.03662633895874,
  "epochs_completed": 1000,
  "config": {
    "num_layers": 3,
    "lr": 0.05,
    "batch_size": 32,
    "opt_name": "adam",
    "img_size": 64
  }
}