{
  "accuracy": 0.5,
  "precision": 0.5,
  "recall": 0.5789473684210527,
  "f1_score": 0.5365853658536586,
  "auc": 0.5263157894736843,
  "training_time_sec": 778.6911363601685,
  "epochs_completed": 201,
  "config": {
    "num_layers": 20,
    "lr": 0.02,
    "batch_size": 16,
    "opt_name": "adam",
    "img_size": 64
  }
}