{
  "accuracy": 0.3125,
  "precision": 0.38461538461538464,
  "recall": 0.625,
  "f1_score": 0.47619047619047616,
  "auc": 0.625,
  "best_train_loss": 0.5508981179445982,
  "training_time_sec": 1029.861692905426,
  "epochs_completed": 3000,
  "config": {
    "num_layers": 8,
    "lr": 0.05,
    "batch_size": 32,
    "opt_name": "adam",
    "img_size": 32
  }
}