{
  "accuracy": 0.4375,
  "precision": 0.43548387096774194,
  "recall": 0.421875,
  "f1_score": 0.42857142857142855,
  "auc": 0.410888671875,
  "best_train_loss": 0.6903076972812414,
  "training_time_sec": 431.88711881637573,
  "epochs_completed": 1000,
  "config": {
    "num_layers": 5,
    "lr": 0.001,
    "batch_size": 16,
    "opt_name": "adam",
    "img_size": 128
  }
}