{
  "accuracy": 0.7368421052631579,
  "precision": 0.8461538461538461,
  "recall": 0.5789473684210527,
  "f1_score": 0.6875,
  "auc": 0.7922437673130194,
  "training_time_sec": 62.25366568565369,
  "epochs_completed": 308,
  "config": {
    "num_layers": 3,
    "lr": 0.02,
    "batch_size": 32,
    "opt_name": "adam",
    "img_size": 4
  }
}