{
  "accuracy": 0.609375,
  "precision": 0.6,
  "recall": 0.65625,
  "f1_score": 0.6268656716417911,
  "auc": 0.64013671875,
  "best_train_loss": 0.6720703393220901,
  "training_time_sec": 1381.958428144455,
  "epochs_completed": 1000,
  "config": {
    "num_layers": 20,
    "lr": 0.1,
    "batch_size": 64,
    "opt_name": "adam",
    "img_size": 128
  }
}