{
  "accuracy": 0.5789473684210527,
  "precision": 0.6,
  "recall": 0.47368421052631576,
  "f1_score": 0.5294117647058824,
  "auc": 0.6011080332409973,
  "training_time_sec": 2174.7252922058105,
  "epochs_completed": 593,
  "config": {
    "num_layers": 20,
    "lr": 0.001,
    "batch_size": 8,
    "opt_name": "adam",
    "img_size": 64
  },
  "lr_schedule": "cosine_decay"
}