{
  "accuracy": 0.39473684210526316,
  "precision": 0.3888888888888889,
  "recall": 0.3684210526315789,
  "f1_score": 0.3783783783783784,
  "auc": 0.41828254847645424,
  "training_time_sec": 387.9152820110321,
  "epochs_completed": 172,
  "config": {
    "num_layers": 15,
    "lr": 0.05,
    "batch_size": 16,
    "opt_name": "adam",
    "img_size": 32
  }
}