{
  "accuracy": 0.921875,
  "precision": 0.9655172413793104,
  "recall": 0.875,
  "f1_score": 0.9180327868852459,
  "auc": 0.955322265625,
  "best_train_loss": 0.050041509326547384,
  "training_time_sec": 1877.0272414684296,
  "epochs_completed": 10000,
  "config": {
    "num_layers": 8,
    "lr": 0.05,
    "batch_size": 32,
    "img_size": 32
  }
}