{
  "accuracy": 0.4473684210526316,
  "precision": 0.4375,
  "recall": 0.3684210526315789,
  "f1_score": 0.4,
  "auc": 0.45429362880886426,
  "training_time_sec": 42.927340030670166,
  "epochs_completed": 133,
  "config": {
    "num_layers": 1,
    "lr": 0.05,
    "batch_size": 8,
    "opt_name": "adam",
    "img_size": 64
  }
}