{
  "accuracy": 0.5859375,
  "precision": 0.5932203389830508,
  "recall": 0.546875,
  "f1_score": 0.5691056910569106,
  "auc": 0.634033203125,
  "best_train_loss": 0.48561169020831585,
  "training_time_sec": 507.42555141448975,
  "epochs_completed": 5000,
  "config": {
    "num_layers": 11,
    "lr": 0.05,
    "batch_size": 32,
    "opt_name": "adam",
    "img_size": 8
  }
}