{
  "accuracy": 0.6578947368421053,
  "precision": 0.6842105263157895,
  "recall": 0.6842105263157895,
  "f1_score": 0.6842105263157895,
  "auc": 0.6398891966759003,
  "training_time_sec": 24.79071307182312,
  "epochs_completed": 121,
  "config": {
    "num_layers": 1,
    "lr": 0.1,
    "batch_size": 16,
    "opt_name": "adam",
    "img_size": 16
  },
  "lr_schedule": "cosine_decay"
}