{
  "accuracy": 0.7368421052631579,
  "precision": 0.8,
  "recall": 0.631578947368421,
  "f1_score": 0.7058823529411765,
  "auc": 0.814404432132964,
  "training_time_sec": 1391.9959285259247,
  "epochs_completed": 872,
  "config": {
    "num_layers": 15,
    "lr": 0.01,
    "batch_size": 64,
    "opt_name": "adam",
    "img_size": 16
  },
  "lr_schedule": "cosine_decay"
}