{
  "accuracy": 0.7894736842105263,
  "precision": 0.8666666666666667,
  "recall": 0.6842105263157895,
  "f1_score": 0.7647058823529411,
  "auc": 0.8808864265927977,
  "training_time_sec": 3797.2036962509155,
  "epochs_completed": 2517,
  "config": {
    "num_layers": 30,
    "lr": 0.05,
    "batch_size": 64,
    "opt_name": "sgd",
    "img_size": 4
  }
}