{
  "accuracy": 0.7894736842105263,
  "precision": 0.9230769230769231,
  "recall": 0.631578947368421,
  "f1_score": 0.75,
  "auc": 0.7534626038781164,
  "training_time_sec": 405.3497807979584,
  "epochs_completed": 2129,
  "config": {
    "num_layers": 3,
    "lr": 0.05,
    "batch_size": 32,
    "opt_name": "sgd",
    "img_size": 4
  }
}