{
  "accuracy": 0.8157894736842105,
  "precision": 0.8333333333333334,
  "recall": 0.7894736842105263,
  "f1_score": 0.8108108108108109,
  "auc": 0.8448753462603878,
  "training_time_sec": 21.147489070892334,
  "epochs_completed": 189,
  "config": {
    "num_layers": 1,
    "lr": 0.02,
    "batch_size": 8,
    "opt_name": "adam",
    "img_size": 4
  }
}