{
  "accuracy": 0.7368421052631579,
  "precision": 0.7368421052631579,
  "recall": 0.7368421052631579,
  "f1_score": 0.7368421052631579,
  "auc": 0.6814404432132963,
  "training_time_sec": 838.8462307453156,
  "epochs_completed": 290,
  "config": {
    "num_layers": 20,
    "lr": 0.02,
    "batch_size": 8,
    "opt_name": "adam",
    "img_size": 32
  }
}