epoch,loss
1,0.693102498849233
2,0.6930359303951263
3,0.6929330825805664
4,0.6928569575150808
5,0.6926525632540385
6,0.692636768023173
7,0.6923992931842804
8,0.6920134127140045
9,0.6918037931124369
10,0.6916467845439911
11,0.691439280907313
12,0.6912768185138702
13,0.6919491390387217
14,0.6911905209223429
15,0.6902979612350464
16,0.690058837334315
17,0.6900644600391388
18,0.6898262600104014
19,0.688847561677297
20,0.6883787512779236
21,0.687677264213562
22,0.6876843472321829
23,0.687089333931605
24,0.685948520898819
25,0.6866926749547323
26,0.6867179870605469
27,0.6865283151467642
28,0.6860702137152354
29,0.6857481598854065
30,0.6839684347311655
31,0.6864888270696005
32,0.6845524807771047
33,0.6843227247397105
34,0.6838999589284261
35,0.6833713750044504
36,0.6849142809708914
37,0.6838001509507498
38,0.6847559014956156
39,0.6854779720306396
40,0.6830609937508901
41,0.6815881033738455
42,0.6806264817714691
43,0.6811735530694326
44,0.680447498957316
45,0.676879902680715
46,0.6788695057233175
47,0.6792451937993368
48,0.6782590548197428
49,0.6778275569279989
50,0.6764006515343984
51,0.675523708264033
52,0.6764200925827026
53,0.6749243835608164
54,0.6766533851623535
55,0.6746466755867004
56,0.6730274061361948
57,0.674908310174942
58,0.6741501291592916
59,0.6732461750507355
60,0.6738874216874441
61,0.6748361786206564
62,0.6709410647551218
63,0.6677446266015371
64,0.6714006662368774
65,0.6740086177984873
66,0.6708472669124603
67,0.6715328792730967
68,0.6715268393357595
69,0.6715604265530905
70,0.6740212937196096
71,0.6701642572879791
72,0.6705744663874308
73,0.6694068411986033
74,0.6675721307595571
75,0.6704015135765076
76,0.667892058690389
77,0.6693639556566874
78,0.6675138076146444
79,0.6672734419504801
80,0.665429433186849
81,0.665720264116923
82,0.665702203909556
83,0.666625589132309
84,0.6666001180807749
85,0.6645758748054504
86,0.6661994556585947
