{
  "accuracy": 0.6052631578947368,
  "precision": 0.5909090909090909,
  "recall": 0.6842105263157895,
  "f1_score": 0.6341463414634146,
  "auc": 0.6260387811634349,
  "training_time_sec": 229.8007414340973,
  "epochs_completed": 86,
  "config": {
    "num_layers": 12,
    "lr": 0.02,
    "batch_size": 32,
    "opt_name": "adam",
    "img_size": 64
  }
}