{
  "accuracy": 0.8421052631578947,
  "precision": 0.8421052631578947,
  "recall": 0.8421052631578947,
  "f1_score": 0.8421052631578947,
  "auc": 0.8725761772853186,
  "training_time_sec": 53.70070457458496,
  "memory_usage_kb": 1533348,
  "data_loading_time_sec": 56.62779760360718,
  "num_qubits": 9,
  "num_samples_test": 38,
  "num_layers": 7
}