{
  "accuracy": 0.640625,
  "precision": 0.6730769230769231,
  "recall": 0.546875,
  "f1_score": 0.603448275862069,
  "auc": 0.646240234375,
  "best_train_loss": 0.46951624378561974,
  "training_time_sec": 199.4397268295288,
  "epochs_completed": 3000,
  "config": {
    "num_layers": 9,
    "lr": 0.05,
    "batch_size": 32,
    "opt_name": "adam",
    "img_size": 16
  }
}