{
  "accuracy": 0.546875,
  "precision": 0.546875,
  "recall": 0.546875,
  "f1_score": 0.546875,
  "auc": 0.552734375,
  "best_train_loss": 0.6418368481099606,
  "training_time_sec": 58.23361849784851,
  "epochs_completed": 1000,
  "config": {
    "num_layers": 10,
    "lr": 0.001,
    "batch_size": 32,
    "opt_name": "adam",
    "img_size": 4
  }
}