{
  "accuracy": 0.9375,
  "precision": 0.9666666666666667,
  "recall": 0.90625,
  "f1_score": 0.9354838709677419,
  "auc": 0.968505859375,
  "best_train_loss": 0.04218223551288247,
  "training_time_sec": 2566.2315652370453,
  "epochs_completed": 10000,
  "config": {
    "num_layers": 9,
    "lr": 0.05,
    "batch_size": 32,
    "img_size": 16
  }
}