{
  "accuracy": 0.631578947368421,
  "precision": 0.631578947368421,
  "recall": 0.631578947368421,
  "f1_score": 0.631578947368421,
  "auc": 0.628808864265928,
  "training_time_sec": 5966.902844429016,
  "epochs_completed": 1973,
  "config": {
    "num_layers": 30,
    "lr": 0.001,
    "batch_size": 64,
    "opt_name": "adam",
    "img_size": 16
  },
  "lr_schedule": "cosine_decay"
}