{
  "accuracy": 0.6842105263157895,
  "precision": 0.7692307692307693,
  "recall": 0.5263157894736842,
  "f1_score": 0.625,
  "auc": 0.8171745152354571,
  "training_time_sec": 1181.2696869373322,
  "epochs_completed": 1092,
  "config": {
    "num_layers": 20,
    "lr": 0.001,
    "batch_size": 8,
    "opt_name": "adam",
    "img_size": 4
  }
}