{
  "accuracy": 0.4609375,
  "precision": 0.45614035087719296,
  "recall": 0.40625,
  "f1_score": 0.4297520661157025,
  "auc": 0.408935546875,
  "best_train_loss": 0.6195687912404537,
  "training_time_sec": 54.58645725250244,
  "epochs_completed": 1000,
  "config": {
    "num_layers": 5,
    "lr": 0.1,
    "batch_size": 32,
    "opt_name": "adam",
    "img_size": 8
  }
}