{
  "accuracy": 0.5064935064935064,
  "precision": 0.5066666666666667,
  "recall": 0.4935064935064935,
  "f1_score": 0.5,
  "auc": 0.49991566874683757,
  "training_time_sec": 419.20505809783936,
  "epochs_completed": 139,
  "config": {
    "num_layers": 12,
    "lr": 0.05,
    "batch_size": 16,
    "opt_name": "adam",
    "img_size": 64
  }
}