{
  "accuracy": 0.47368421052631576,
  "precision": 0.45454545454545453,
  "recall": 0.2631578947368421,
  "f1_score": 0.3333333333333333,
  "auc": 0.5041551246537397,
  "training_time_sec": 148.9985911846161,
  "epochs_completed": 136,
  "config": {
    "num_layers": 5,
    "lr": 0.05,
    "batch_size": 8,
    "opt_name": "adam",
    "img_size": 64
  },
  "lr_schedule": "cosine_decay"
}