{
  "accuracy": 0.4473684210526316,
  "precision": 0.4444444444444444,
  "recall": 0.42105263157894735,
  "f1_score": 0.43243243243243246,
  "auc": 0.5152354570637119,
  "training_time_sec": 440.73241686820984,
  "epochs_completed": 312,
  "config": {
    "num_layers": 7,
    "lr": 0.01,
    "batch_size": 16,
    "opt_name": "adam",
    "img_size": 64
  }
}