{
  "accuracy": 0.7894736842105263,
  "precision": 0.9230769230769231,
  "recall": 0.631578947368421,
  "f1_score": 0.75,
  "auc": 0.7977839335180056,
  "training_time_sec": 252.3626353740692,
  "epochs_completed": 637,
  "config": {
    "num_layers": 7,
    "lr": 0.02,
    "batch_size": 32,
    "opt_name": "adam",
    "img_size": 4
  }
}