{
  "accuracy": 0.484375,
  "precision": 0.484375,
  "recall": 0.484375,
  "f1_score": 0.484375,
  "auc": 0.5146484375,
  "best_train_loss": 0.6100529581308365,
  "training_time_sec": 536.6697926521301,
  "epochs_completed": 1000,
  "config": {
    "num_layers": 20,
    "lr": 0.01,
    "batch_size": 32,
    "opt_name": "adam",
    "img_size": 64
  }
}