{
  "accuracy": 0.577922077922078,
  "precision": 0.5857142857142857,
  "recall": 0.5324675324675324,
  "f1_score": 0.5578231292517006,
  "auc": 0.6135941980097825,
  "training_time_sec": 316.11345386505127,
  "epochs_completed": 175,
  "config": {
    "num_layers": 7,
    "lr": 0.02,
    "batch_size": 64,
    "opt_name": "adam",
    "img_size": 64
  }
}