{
  "accuracy": 0.546875,
  "precision": 0.5454545454545454,
  "recall": 0.5625,
  "f1_score": 0.5538461538461539,
  "auc": 0.587158203125,
  "best_train_loss": 0.5176323167979717,
  "training_time_sec": 52.96473455429077,
  "epochs_completed": 1000,
  "config": {
    "num_layers": 10,
    "lr": 0.01,
    "batch_size": 64,
    "opt_name": "adam",
    "img_size": 8
  }
}