{
  "accuracy": 0.5390625,
  "precision": 0.5409836065573771,
  "recall": 0.515625,
  "f1_score": 0.528,
  "auc": 0.5283203125,
  "best_train_loss": 0.6559235751628876,
  "training_time_sec": 1066.1816155910492,
  "epochs_completed": 1000,
  "config": {
    "num_layers": 15,
    "lr": 0.05,
    "batch_size": 64,
    "opt_name": "adam",
    "img_size": 128
  }
}