{
  "accuracy": 0.828125,
  "precision": 0.9375,
  "recall": 0.703125,
  "f1_score": 0.8035714285714286,
  "auc": 0.89404296875,
  "best_train_loss": 0.2504528574645519,
  "training_time_sec": 95.00865817070007,
  "epochs_completed": 5000,
  "config": {
    "num_layers": 1,
    "lr": 0.05,
    "batch_size": 32,
    "img_size": 16
  }
}