{
  "accuracy": 0.953125,
  "precision": 1.0,
  "recall": 0.90625,
  "f1_score": 0.9508196721311475,
  "auc": 0.984619140625,
  "best_train_loss": 0.13279660465195775,
  "training_time_sec": 2005.6799185276031,
  "epochs_completed": 5000,
  "config": {
    "num_layers": 7,
    "lr": 0.05,
    "batch_size": 32,
    "img_size": 64
  }
}