{
  "accuracy": 0.3684210526315789,
  "precision": 0.391304347826087,
  "recall": 0.47368421052631576,
  "f1_score": 0.42857142857142855,
  "auc": 0.3185595567867036,
  "training_time_sec": 389.58239793777466,
  "epochs_completed": 280,
  "config": {
    "num_layers": 7,
    "lr": 0.01,
    "batch_size": 32,
    "opt_name": "adam",
    "img_size": 64
  }
}