{
  "accuracy": 0.631578947368421,
  "precision": 0.6470588235294118,
  "recall": 0.5789473684210527,
  "f1_score": 0.6111111111111112,
  "auc": 0.7285318559556786,
  "training_time_sec": 113.56383991241455,
  "epochs_completed": 274,
  "config": {
    "num_layers": 3,
    "lr": 0.05,
    "batch_size": 8,
    "opt_name": "adam",
    "img_size": 16
  },
  "lr_schedule": "cosine_decay"
}