{
  "accuracy": 0.96875,
  "precision": 1.0,
  "recall": 0.9375,
  "f1_score": 0.967741935483871,
  "auc": 0.995361328125,
  "best_train_loss": 0.044160929741337895,
  "training_time_sec": 10696.634321451187,
  "epochs_completed": 10000,
  "config": {
    "num_layers": 15,
    "lr": 0.05,
    "batch_size": 32,
    "img_size": 64
  }
}