{
  "accuracy": 0.8157894736842105,
  "precision": 0.9285714285714286,
  "recall": 0.6842105263157895,
  "f1_score": 0.7878787878787878,
  "auc": 0.850415512465374,
  "training_time_sec": 4752.057263374329,
  "epochs_completed": 3144,
  "config": {
    "num_layers": 30,
    "lr": 0.001,
    "batch_size": 64,
    "opt_name": "adam",
    "img_size": 4
  }
}