{
  "accuracy": 0.5078125,
  "precision": 0.5072463768115942,
  "recall": 0.546875,
  "f1_score": 0.5263157894736842,
  "auc": 0.4970703125,
  "best_train_loss": 0.5906786732375622,
  "training_time_sec": 113.72842168807983,
  "epochs_completed": 1000,
  "config": {
    "num_layers": 5,
    "lr": 0.1,
    "batch_size": 32,
    "opt_name": "adam",
    "img_size": 32
  }
}