{
  "accuracy": 0.40625,
  "precision": 0.4142857142857143,
  "recall": 0.453125,
  "f1_score": 0.43283582089552236,
  "auc": 0.41552734375,
  "best_train_loss": 0.6214545741677284,
  "training_time_sec": 109.32807087898254,
  "epochs_completed": 1000,
  "config": {
    "num_layers": 7,
    "lr": 0.001,
    "batch_size": 16,
    "opt_name": "adam",
    "img_size": 8
  }
}