{
  "accuracy": 0.5526315789473685,
  "precision": 0.5384615384615384,
  "recall": 0.7368421052631579,
  "f1_score": 0.6222222222222222,
  "auc": 0.739612188365651,
  "training_time_sec": 1118.452252626419,
  "epochs_completed": 2106,
  "config": {
    "num_layers": 10,
    "lr": 0.05,
    "batch_size": 64,
    "opt_name": "sgd",
    "img_size": 4
  }
}