{
  "accuracy": 0.5390625,
  "precision": 0.5396825396825397,
  "recall": 0.53125,
  "f1_score": 0.5354330708661418,
  "auc": 0.56884765625,
  "best_train_loss": 0.5905459634959698,
  "training_time_sec": 9350.828877687454,
  "epochs_completed": 5000,
  "config": {
    "num_layers": 14,
    "lr": 0.05,
    "batch_size": 32,
    "opt_name": "adam",
    "img_size": 128
  }
}