{
  "accuracy": 0.47368421052631576,
  "precision": 0.47368421052631576,
  "recall": 0.47368421052631576,
  "f1_score": 0.47368421052631576,
  "auc": 0.40997229916897504,
  "training_time_sec": 172.1398651599884,
  "epochs_completed": 51,
  "config": {
    "num_layers": 12,
    "lr": 0.1,
    "batch_size": 16,
    "opt_name": "sgd",
    "img_size": 64
  },
  "lr_schedule": "cosine_decay"
}