{
  "accuracy": 0.4609375,
  "precision": 0.4626865671641791,
  "recall": 0.484375,
  "f1_score": 0.4732824427480916,
  "auc": 0.480712890625,
  "best_train_loss": 0.5400522481650114,
  "training_time_sec": 111.00533318519592,
  "epochs_completed": 1000,
  "config": {
    "num_layers": 7,
    "lr": 0.05,
    "batch_size": 16,
    "opt_name": "adam",
    "img_size": 8
  }
}