{
  "accuracy": 0.474025974025974,
  "precision": 0.47435897435897434,
  "recall": 0.4805194805194805,
  "f1_score": 0.4774193548387097,
  "auc": 0.4666891550008433,
  "training_time_sec": 216.96167421340942,
  "epochs_completed": 51,
  "config": {
    "num_layers": 15,
    "lr": 0.001,
    "batch_size": 16,
    "opt_name": "adam",
    "img_size": 64
  }
}