{
  "accuracy": 0.5526315789473685,
  "precision": 0.5416666666666666,
  "recall": 0.6842105263157895,
  "f1_score": 0.6046511627906976,
  "auc": 0.6648199445983379,
  "training_time_sec": 67.16671991348267,
  "epochs_completed": 308,
  "config": {
    "num_layers": 1,
    "lr": 0.001,
    "batch_size": 32,
    "opt_name": "adam",
    "img_size": 32
  },
  "lr_schedule": "cosine_decay"
}