{
  "accuracy": 0.71875,
  "precision": 0.7592592592592593,
  "recall": 0.640625,
  "f1_score": 0.6949152542372882,
  "auc": 0.7353515625,
  "best_train_loss": 0.5794634213671088,
  "training_time_sec": 204.35126090049744,
  "epochs_completed": 1000,
  "config": {
    "num_layers": 20,
    "lr": 0.05,
    "batch_size": 16,
    "opt_name": "adam",
    "img_size": 4
  }
}