{
  "accuracy": 0.5,
  "precision": 0.5,
  "recall": 0.5789473684210527,
  "f1_score": 0.5365853658536586,
  "auc": 0.47645429362880887,
  "training_time_sec": 98.91478562355042,
  "epochs_completed": 51,
  "config": {
    "num_layers": 10,
    "lr": 0.001,
    "batch_size": 8,
    "opt_name": "adam",
    "img_size": 32
  }
}