{
  "accuracy": 0.564935064935065,
  "precision": 0.5609756097560976,
  "recall": 0.5974025974025974,
  "f1_score": 0.5786163522012578,
  "auc": 0.5169505818856468,
  "training_time_sec": 2689.2074015140533,
  "epochs_completed": 381,
  "config": {
    "num_layers": 30,
    "lr": 0.001,
    "batch_size": 8,
    "opt_name": "adam",
    "img_size": 64
  }
}