{
  "accuracy": 0.42105263157894735,
  "precision": 0.4117647058823529,
  "recall": 0.3684210526315789,
  "f1_score": 0.3888888888888889,
  "auc": 0.4736842105263158,
  "training_time_sec": 244.3804006576538,
  "epochs_completed": 170,
  "config": {
    "num_layers": 7,
    "lr": 0.02,
    "batch_size": 16,
    "opt_name": "adam",
    "img_size": 64
  },
  "lr_schedule": "cosine_decay"
}