{
  "accuracy": 0.921875,
  "precision": 0.9821428571428571,
  "recall": 0.859375,
  "f1_score": 0.9166666666666666,
  "auc": 0.984619140625,
  "best_train_loss": 0.1941573228687048,
  "training_time_sec": 113.1019971370697,
  "epochs_completed": 1000,
  "config": {
    "num_layers": 15,
    "lr": 0.05,
    "batch_size": 64,
    "opt_name": "adam",
    "img_size": 16
  }
}