{
  "accuracy": 0.5194805194805194,
  "precision": 0.5180722891566265,
  "recall": 0.5584415584415584,
  "f1_score": 0.5375,
  "auc": 0.5144206442907742,
  "training_time_sec": 234.82389402389526,
  "epochs_completed": 114,
  "config": {
    "num_layers": 7,
    "lr": 0.01,
    "batch_size": 16,
    "opt_name": "adam",
    "img_size": 64
  }
}