{
  "accuracy": 0.631578947368421,
  "precision": 0.6470588235294118,
  "recall": 0.5789473684210527,
  "f1_score": 0.6111111111111112,
  "auc": 0.5872576177285318,
  "training_time_sec": 43.80028700828552,
  "epochs_completed": 243,
  "config": {
    "num_layers": 1,
    "lr": 0.05,
    "batch_size": 64,
    "opt_name": "adam",
    "img_size": 16
  },
  "lr_schedule": "cosine_decay"
}