{
  "accuracy": 0.5263157894736842,
  "precision": 0.5263157894736842,
  "recall": 0.5263157894736842,
  "f1_score": 0.5263157894736842,
  "auc": 0.5623268698060941,
  "training_time_sec": 145.50616216659546,
  "epochs_completed": 131,
  "config": {
    "num_layers": 7,
    "lr": 0.02,
    "batch_size": 64,
    "opt_name": "adam",
    "img_size": 32
  },
  "lr_schedule": "cosine_decay"
}