{
  "accuracy": 0.5789473684210527,
  "precision": 0.6153846153846154,
  "recall": 0.42105263157894735,
  "f1_score": 0.5,
  "auc": 0.6842105263157896,
  "training_time_sec": 79.7095079421997,
  "epochs_completed": 110,
  "config": {
    "num_layers": 3,
    "lr": 0.1,
    "batch_size": 64,
    "opt_name": "adam",
    "img_size": 64
  },
  "lr_schedule": "cosine_decay"
}