{
  "accuracy": 0.7894736842105263,
  "precision": 0.9230769230769231,
  "recall": 0.631578947368421,
  "f1_score": 0.75,
  "auc": 0.7700831024930748,
  "training_time_sec": 1678.483711719513,
  "epochs_completed": 8963,
  "config": {
    "num_layers": 3,
    "lr": 0.02,
    "batch_size": 64,
    "opt_name": "sgd",
    "img_size": 4
  }
}