{
  "accuracy": 0.53125,
  "precision": 0.5344827586206896,
  "recall": 0.484375,
  "f1_score": 0.5081967213114754,
  "auc": 0.50927734375,
  "best_train_loss": 0.6574767157435417,
  "training_time_sec": 727.0561542510986,
  "epochs_completed": 1000,
  "config": {
    "num_layers": 10,
    "lr": 0.05,
    "batch_size": 64,
    "opt_name": "adam",
    "img_size": 128
  }
}