{
  "accuracy": 0.6578947368421053,
  "precision": 0.6875,
  "recall": 0.5789473684210527,
  "f1_score": 0.6285714285714286,
  "auc": 0.5844875346260388,
  "training_time_sec": 148.58707737922668,
  "epochs_completed": 176,
  "config": {
    "num_layers": 5,
    "lr": 0.05,
    "batch_size": 8,
    "opt_name": "adam",
    "img_size": 32
  },
  "lr_schedule": "cosine_decay"
}