{
  "accuracy": 0.9609375,
  "precision": 1.0,
  "recall": 0.921875,
  "f1_score": 0.959349593495935,
  "auc": 0.984130859375,
  "best_train_loss": 0.13741179695352912,
  "training_time_sec": 4245.871053218842,
  "epochs_completed": 10000,
  "config": {
    "num_layers": 3,
    "lr": 0.05,
    "batch_size": 32,
    "img_size": 64
  }
}