{
  "accuracy": 0.47368421052631576,
  "precision": 0.4666666666666667,
  "recall": 0.3684210526315789,
  "f1_score": 0.4117647058823529,
  "auc": 0.4044321329639889,
  "training_time_sec": 94.51186060905457,
  "epochs_completed": 146,
  "config": {
    "num_layers": 5,
    "lr": 0.02,
    "batch_size": 32,
    "opt_name": "adam",
    "img_size": 16
  },
  "lr_schedule": "cosine_decay"
}