{
  "accuracy": 0.65625,
  "precision": 0.6666666666666666,
  "recall": 0.625,
  "f1_score": 0.6451612903225806,
  "auc": 0.669921875,
  "best_train_loss": 0.6157732475548983,
  "training_time_sec": 136.530597448349,
  "epochs_completed": 1000,
  "config": {
    "num_layers": 15,
    "lr": 0.001,
    "batch_size": 16,
    "opt_name": "adam",
    "img_size": 4
  }
}