{
  "accuracy": 0.9296875,
  "precision": 0.9661016949152542,
  "recall": 0.890625,
  "f1_score": 0.926829268292683,
  "auc": 0.962890625,
  "best_train_loss": 0.0550873827887699,
  "training_time_sec": 2435.4421162605286,
  "epochs_completed": 10000,
  "config": {
    "num_layers": 7,
    "lr": 0.05,
    "batch_size": 32,
    "img_size": 16
  }
}