{
  "accuracy": 0.21875,
  "precision": 0.30434782608695654,
  "recall": 0.4375,
  "f1_score": 0.358974358974359,
  "auc": 0.4375,
  "best_train_loss": 0.648189403116703,
  "training_time_sec": 4815.175836324692,
  "epochs_completed": 3000,
  "config": {
    "num_layers": 8,
    "lr": 0.05,
    "batch_size": 32,
    "opt_name": "adam",
    "img_size": 128
  }
}