{
  "accuracy": 0.5078125,
  "precision": 0.5084745762711864,
  "recall": 0.46875,
  "f1_score": 0.4878048780487805,
  "auc": 0.47802734375,
  "best_train_loss": 0.6007980443537235,
  "training_time_sec": 180.25012516975403,
  "epochs_completed": 1000,
  "config": {
    "num_layers": 15,
    "lr": 0.001,
    "batch_size": 16,
    "opt_name": "adam",
    "img_size": 8
  }
}