{
  "accuracy": 0.5526315789473685,
  "precision": 0.5555555555555556,
  "recall": 0.5263157894736842,
  "f1_score": 0.5405405405405406,
  "auc": 0.5484764542936287,
  "training_time_sec": 39.8717086315155,
  "epochs_completed": 51,
  "config": {
    "num_layers": 5,
    "lr": 0.001,
    "batch_size": 64,
    "opt_name": "adam",
    "img_size": 16
  },
  "lr_schedule": "cosine_decay"
}