{
  "accuracy": 0.42105263157894735,
  "precision": 0.4,
  "recall": 0.3157894736842105,
  "f1_score": 0.35294117647058826,
  "auc": 0.44321329639889195,
  "training_time_sec": 24.62439799308777,
  "epochs_completed": 51,
  "config": {
    "num_layers": 2,
    "lr": 0.01,
    "batch_size": 8,
    "opt_name": "adam",
    "img_size": 32
  }
}