{
  "accuracy": 0.42105263157894735,
  "precision": 0.45161290322580644,
  "recall": 0.7368421052631579,
  "f1_score": 0.56,
  "auc": 0.3988919667590028,
  "training_time_sec": 112.86680841445923,
  "epochs_completed": 51,
  "config": {
    "num_layers": 15,
    "lr": 0.02,
    "batch_size": 32,
    "opt_name": "sgd",
    "img_size": 16
  },
  "lr_schedule": "cosine_decay"
}