{
  "accuracy": 0.9140625,
  "precision": 0.9491525423728814,
  "recall": 0.875,
  "f1_score": 0.9105691056910569,
  "auc": 0.961181640625,
  "best_train_loss": 0.04434112325543538,
  "training_time_sec": 1600.488266468048,
  "epochs_completed": 5000,
  "config": {
    "num_layers": 11,
    "lr": 0.05,
    "batch_size": 32,
    "img_size": 16
  }
}