{
  "accuracy": 0.6842105263157895,
  "precision": 0.8181818181818182,
  "recall": 0.47368421052631576,
  "f1_score": 0.6,
  "auc": 0.7811634349030471,
  "training_time_sec": 1028.0355851650238,
  "epochs_completed": 970,
  "config": {
    "num_layers": 20,
    "lr": 0.05,
    "batch_size": 16,
    "opt_name": "sgd",
    "img_size": 4
  }
}