{
  "accuracy": 0.7105263157894737,
  "precision": 0.7,
  "recall": 0.7368421052631579,
  "f1_score": 0.717948717948718,
  "auc": 0.7396121883656509,
  "training_time_sec": 1014.7247233390808,
  "epochs_completed": 10000,
  "config": {
    "num_layers": 1,
    "lr": 0.001,
    "batch_size": 8,
    "opt_name": "sgd",
    "img_size": 4
  }
}