{
  "accuracy": 0.515625,
  "precision": 0.5142857142857142,
  "recall": 0.5625,
  "f1_score": 0.5373134328358209,
  "auc": 0.60693359375,
  "best_train_loss": 0.4816806949675083,
  "training_time_sec": 60.36356782913208,
  "epochs_completed": 1000,
  "config": {
    "num_layers": 10,
    "lr": 0.1,
    "batch_size": 64,
    "opt_name": "adam",
    "img_size": 8
  }
}