{
  "accuracy": 0.5789473684210527,
  "precision": 0.56,
  "recall": 0.7368421052631579,
  "f1_score": 0.6363636363636364,
  "auc": 0.4487534626038781,
  "training_time_sec": 70.66582202911377,
  "epochs_completed": 139,
  "config": {
    "num_layers": 2,
    "lr": 0.05,
    "batch_size": 64,
    "opt_name": "adam",
    "img_size": 64
  },
  "lr_schedule": "cosine_decay"
}