{
  "accuracy": 0.5526315789473685,
  "precision": 0.55,
  "recall": 0.5789473684210527,
  "f1_score": 0.5641025641025641,
  "auc": 0.5623268698060941,
  "training_time_sec": 575.9270610809326,
  "epochs_completed": 195,
  "config": {
    "num_layers": 15,
    "lr": 0.001,
    "batch_size": 32,
    "opt_name": "adam",
    "img_size": 64
  }
}