{
  "accuracy": 0.5,
  "precision": 0.5,
  "recall": 0.631578947368421,
  "f1_score": 0.5581395348837209,
  "auc": 0.5096952908587257,
  "training_time_sec": 33.50877928733826,
  "epochs_completed": 51,
  "config": {
    "num_layers": 3,
    "lr": 0.02,
    "batch_size": 8,
    "opt_name": "sgd",
    "img_size": 32
  }
}