{
  "accuracy": 0.47368421052631576,
  "precision": 0.48148148148148145,
  "recall": 0.6842105263157895,
  "f1_score": 0.5652173913043478,
  "auc": 0.4958448753462604,
  "training_time_sec": 201.21400594711304,
  "epochs_completed": 175,
  "config": {
    "num_layers": 7,
    "lr": 0.05,
    "batch_size": 8,
    "opt_name": "adam",
    "img_size": 32
  }
}