{
  "accuracy": 0.5,
  "precision": 0.5,
  "recall": 0.4375,
  "f1_score": 0.4666666666666667,
  "auc": 0.454833984375,
  "best_train_loss": 0.5639353096485138,
  "training_time_sec": 44.48020815849304,
  "epochs_completed": 1000,
  "config": {
    "num_layers": 7,
    "lr": 0.01,
    "batch_size": 64,
    "opt_name": "adam",
    "img_size": 8
  }
}