{
  "accuracy": 0.6578947368421053,
  "precision": 0.6363636363636364,
  "recall": 0.7368421052631579,
  "f1_score": 0.6829268292682927,
  "auc": 0.7063711911357341,
  "training_time_sec": 130.78859615325928,
  "epochs_completed": 314,
  "config": {
    "num_layers": 3,
    "lr": 0.02,
    "batch_size": 8,
    "opt_name": "adam",
    "img_size": 16
  },
  "lr_schedule": "cosine_decay"
}