{
  "accuracy": 0.4935064935064935,
  "precision": 0.5,
  "recall": 0.44155844155844154,
  "f1_score": 0.4689655172413793,
  "auc": 0.5296002698600101,
  "training_time_sec": 208.50643515586853,
  "epochs_completed": 132,
  "config": {
    "num_layers": 5,
    "lr": 0.05,
    "batch_size": 8,
    "opt_name": "adam",
    "img_size": 64
  }
}