{
  "accuracy": 0.5625,
  "precision": 0.5588235294117647,
  "recall": 0.59375,
  "f1_score": 0.5757575757575758,
  "auc": 0.5419921875,
  "best_train_loss": 0.6784786991775036,
  "training_time_sec": 294.67791748046875,
  "epochs_completed": 1000,
  "config": {
    "num_layers": 3,
    "lr": 0.1,
    "batch_size": 16,
    "opt_name": "adam",
    "img_size": 128
  }
}