{
  "accuracy": 0.8828125,
  "precision": 0.9622641509433962,
  "recall": 0.796875,
  "f1_score": 0.8717948717948718,
  "auc": 0.9453125,
  "best_train_loss": 0.0390029187547043,
  "training_time_sec": 3602.362455844879,
  "epochs_completed": 10000,
  "config": {
    "num_layers": 7,
    "lr": 0.05,
    "batch_size": 32,
    "img_size": 16
  }
}