{
  "accuracy": 0.868421052631579,
  "precision": 0.9375,
  "recall": 0.7894736842105263,
  "f1_score": 0.8571428571428571,
  "auc": 0.8365650969529085,
  "training_time_sec": 155.24576020240784,
  "epochs_completed": 1443,
  "config": {
    "num_layers": 1,
    "lr": 0.001,
    "batch_size": 8,
    "opt_name": "adam",
    "img_size": 4
  }
}