{
  "accuracy": 0.5546875,
  "precision": 0.5507246376811594,
  "recall": 0.59375,
  "f1_score": 0.5714285714285714,
  "auc": 0.577880859375,
  "best_train_loss": 0.48676629550755024,
  "training_time_sec": 4809.786367893219,
  "epochs_completed": 5000,
  "config": {
    "num_layers": 19,
    "lr": 0.05,
    "batch_size": 32,
    "opt_name": "adam",
    "img_size": 64
  }
}