{
  "accuracy": 0.546875,
  "precision": 0.55,
  "recall": 0.515625,
  "f1_score": 0.532258064516129,
  "auc": 0.524658203125,
  "best_train_loss": 0.6352148130536079,
  "training_time_sec": 278.0706298351288,
  "epochs_completed": 1000,
  "config": {
    "num_layers": 20,
    "lr": 0.001,
    "batch_size": 16,
    "opt_name": "adam",
    "img_size": 16
  }
}