{
  "accuracy": 0.8515625,
  "precision": 0.9090909090909091,
  "recall": 0.78125,
  "f1_score": 0.8403361344537815,
  "auc": 0.89208984375,
  "best_train_loss": 0.20749046513810754,
  "training_time_sec": 2708.64146900177,
  "epochs_completed": 10000,
  "config": {
    "num_layers": 1,
    "lr": 0.05,
    "batch_size": 32,
    "img_size": 16
  }
}