{
  "accuracy": 0.4609375,
  "precision": 0.4603174603174603,
  "recall": 0.453125,
  "f1_score": 0.4566929133858268,
  "auc": 0.481201171875,
  "best_train_loss": 0.6564511936157942,
  "training_time_sec": 185.12733936309814,
  "epochs_completed": 1000,
  "config": {
    "num_layers": 10,
    "lr": 0.001,
    "batch_size": 16,
    "opt_name": "adam",
    "img_size": 16
  }
}