{
  "accuracy": 0.5078125,
  "precision": 0.5074626865671642,
  "recall": 0.53125,
  "f1_score": 0.5190839694656488,
  "auc": 0.54736328125,
  "best_train_loss": 0.6499569043517113,
  "training_time_sec": 51.74602770805359,
  "epochs_completed": 1000,
  "config": {
    "num_layers": 3,
    "lr": 0.01,
    "batch_size": 64,
    "opt_name": "adam",
    "img_size": 32
  }
}