{
  "accuracy": 0.4921875,
  "precision": 0.4925373134328358,
  "recall": 0.515625,
  "f1_score": 0.5038167938931297,
  "auc": 0.51904296875,
  "best_train_loss": 0.6913760751485825,
  "training_time_sec": 819.3336668014526,
  "epochs_completed": 1000,
  "config": {
    "num_layers": 10,
    "lr": 0.001,
    "batch_size": 64,
    "opt_name": "adam",
    "img_size": 128
  }
}