{
  "accuracy": 0.868421052631579,
  "precision": 0.8888888888888888,
  "recall": 0.8421052631578947,
  "f1_score": 0.8648648648648649,
  "auc": 0.8836565096952909,
  "training_time_sec": 88.05271697044373,
  "memory_usage_kb": 1535248,
  "data_loading_time_sec": 91.00542688369751,
  "num_qubits": 9,
  "num_samples_test": 38,
  "num_layers": 7
}