{
  "accuracy": 0.4935064935064935,
  "precision": 0.49382716049382713,
  "recall": 0.5194805194805194,
  "f1_score": 0.5063291139240507,
  "auc": 0.504806881430258,
  "training_time_sec": 224.1664171218872,
  "epochs_completed": 75,
  "config": {
    "num_layers": 12,
    "lr": 0.05,
    "batch_size": 64,
    "opt_name": "adam",
    "img_size": 64
  }
}