{
  "accuracy": 0.512987012987013,
  "precision": 0.5135135135135135,
  "recall": 0.4935064935064935,
  "f1_score": 0.5033112582781457,
  "auc": 0.501602293810086,
  "training_time_sec": 1940.7188432216644,
  "epochs_completed": 289,
  "config": {
    "num_layers": 30,
    "lr": 0.01,
    "batch_size": 16,
    "opt_name": "adam",
    "img_size": 64
  }
}