{
  "accuracy": 0.487012987012987,
  "precision": 0.4878048780487805,
  "recall": 0.5194805194805194,
  "f1_score": 0.5031446540880503,
  "auc": 0.4833867431270029,
  "training_time_sec": 797.0169801712036,
  "epochs_completed": 108,
  "config": {
    "num_layers": 30,
    "lr": 0.05,
    "batch_size": 64,
    "opt_name": "adam",
    "img_size": 64
  }
}