{
  "accuracy": 0.4921875,
  "precision": 0.49230769230769234,
  "recall": 0.5,
  "f1_score": 0.49612403100775193,
  "auc": 0.494873046875,
  "best_train_loss": 0.5323301358148456,
  "training_time_sec": 722.4416182041168,
  "epochs_completed": 1000,
  "config": {
    "num_layers": 20,
    "lr": 0.01,
    "batch_size": 16,
    "opt_name": "adam",
    "img_size": 32
  }
}