{
  "accuracy": 0.6842105263157895,
  "precision": 0.7333333333333333,
  "recall": 0.5789473684210527,
  "f1_score": 0.6470588235294118,
  "auc": 0.7091412742382271,
  "training_time_sec": 919.178936958313,
  "epochs_completed": 1372,
  "config": {
    "num_layers": 12,
    "lr": 0.001,
    "batch_size": 8,
    "opt_name": "adam",
    "img_size": 4
  }
}