{
  "accuracy": 0.5078125,
  "precision": 0.5072463768115942,
  "recall": 0.546875,
  "f1_score": 0.5263157894736842,
  "auc": 0.548095703125,
  "best_train_loss": 0.6620524153113365,
  "training_time_sec": 766.7968301773071,
  "epochs_completed": 1000,
  "config": {
    "num_layers": 10,
    "lr": 0.05,
    "batch_size": 32,
    "opt_name": "adam",
    "img_size": 128
  }
}