{
  "accuracy": 0.5625,
  "precision": 0.5588235294117647,
  "recall": 0.59375,
  "f1_score": 0.5757575757575758,
  "auc": 0.591064453125,
  "best_train_loss": 0.5579787772148848,
  "training_time_sec": 133.2603349685669,
  "epochs_completed": 1000,
  "config": {
    "num_layers": 20,
    "lr": 0.01,
    "batch_size": 32,
    "opt_name": "adam",
    "img_size": 16
  }
}