{
  "accuracy": 0.5263157894736842,
  "precision": 0.5238095238095238,
  "recall": 0.5789473684210527,
  "f1_score": 0.55,
  "auc": 0.6232686980609419,
  "training_time_sec": 1028.9632244110107,
  "epochs_completed": 238,
  "config": {
    "num_layers": 30,
    "lr": 0.02,
    "batch_size": 16,
    "opt_name": "adam",
    "img_size": 32
  }
}