{
  "accuracy": 0.42105263157894735,
  "precision": 0.43478260869565216,
  "recall": 0.5263157894736842,
  "f1_score": 0.47619047619047616,
  "auc": 0.4598337950138504,
  "training_time_sec": 137.35504531860352,
  "epochs_completed": 114,
  "config": {
    "num_layers": 7,
    "lr": 0.02,
    "batch_size": 8,
    "opt_name": "adam",
    "img_size": 32
  },
  "lr_schedule": "cosine_decay"
}