{
  "accuracy": 0.47368421052631576,
  "precision": 0.47368421052631576,
  "recall": 0.47368421052631576,
  "f1_score": 0.47368421052631576,
  "auc": 0.445983379501385,
  "training_time_sec": 102.71810412406921,
  "epochs_completed": 197,
  "config": {
    "num_layers": 3,
    "lr": 0.1,
    "batch_size": 8,
    "opt_name": "adam",
    "img_size": 32
  },
  "lr_schedule": "cosine_decay"
}