{
  "accuracy": 0.625,
  "precision": 0.6428571428571429,
  "recall": 0.5625,
  "f1_score": 0.6,
  "auc": 0.60205078125,
  "best_train_loss": 0.6031069904565811,
  "training_time_sec": 34.75699281692505,
  "epochs_completed": 1000,
  "config": {
    "num_layers": 10,
    "lr": 0.01,
    "batch_size": 64,
    "opt_name": "adam",
    "img_size": 4
  }
}