{
  "accuracy": 0.609375,
  "precision": 0.625,
  "recall": 0.546875,
  "f1_score": 0.5833333333333334,
  "auc": 0.60546875,
  "best_train_loss": 0.5383762111887336,
  "training_time_sec": 98.23747682571411,
  "epochs_completed": 1000,
  "config": {
    "num_layers": 5,
    "lr": 0.01,
    "batch_size": 16,
    "opt_name": "adam",
    "img_size": 16
  }
}