{
  "accuracy": 0.90625,
  "precision": 0.9333333333333333,
  "recall": 0.875,
  "f1_score": 0.9032258064516129,
  "auc": 0.941650390625,
  "best_train_loss": 0.022736670332960784,
  "training_time_sec": 4456.8348300457,
  "epochs_completed": 10000,
  "config": {
    "num_layers": 10,
    "lr": 0.05,
    "batch_size": 32,
    "img_size": 16
  }
}